$MeshFormat
4.1 0 8
$EndMeshFormat
$Entities
4 4 1 0
1 0 0 0 0 
2 20 0 0 0 
3 20 5 0 0 
4 0 5 0 0 
1 0 0 0 20 0 0 0 2 1 -2 
2 20 0 0 20 5 0 0 2 2 -3 
3 0 5 0 20 5 0 0 2 3 -4 
4 0 0 0 0 5 0 0 2 4 -1 
1 0 0 0 20 5 0 0 4 3 4 1 2 
$EndEntities
$Nodes
9 10251 1 10251
0 1 0 1
1
0 0 0
0 2 0 1
2
20 0 0
0 3 0 1
3
20 5 0
0 4 0 1
4
0 5 0
1 1 0 199
5
6
7
8
9
10
11
12
13
14
15
16
17
18
19
20
21
22
23
24
25
26
27
28
29
30
31
32
33
34
35
36
37
38
39
40
41
42
43
44
45
46
47
48
49
50
51
52
53
54
55
56
57
58
59
60
61
62
63
64
65
66
67
68
69
70
71
72
73
74
75
76
77
78
79
80
81
82
83
84
85
86
87
88
89
90
91
92
93
94
95
96
97
98
99
100
101
102
103
104
105
106
107
108
109
110
111
112
113
114
115
116
117
118
119
120
121
122
123
124
125
126
127
128
129
130
131
132
133
134
135
136
137
138
139
140
141
142
143
144
145
146
147
148
149
150
151
152
153
154
155
156
157
158
159
160
161
162
163
164
165
166
167
168
169
170
171
172
173
174
175
176
177
178
179
180
181
182
183
184
185
186
187
188
189
190
191
192
193
194
195
196
197
198
199
200
201
202
203
0.09999999999992433 0 0
0.1999999999998511 0 0
0.2999999999997809 0 0
0.3999999999997107 0 0
0.4999999999996362 0 0
0.5999999999995522 0 0
0.6999999999994473 0 0
0.7999999999993329 0 0
0.8999999999992072 0 0
0.9999999999990988 0 0
1.099999999999003 0 0
1.199999999998933 0 0
1.299999999998862 0 0
1.399999999998792 0 0
1.499999999998722 0 0
1.599999999998652 0 0
1.699999999998582 0 0
1.799999999998511 0 0
1.899999999998441 0 0
1.999999999998371 0 0
2.099999999998301 0 0
2.19999999999823 0 0
2.29999999999816 0 0
2.399999999998058 0 0
2.499999999997933 0 0
2.599999999997697 0 0
2.699999999997436 0 0
2.799999999997143 0 0
2.899999999996851 0 0
2.999999999996558 0 0
3.099999999996266 0 0
3.199999999995974 0 0
3.299999999995681 0 0
3.399999999995389 0 0
3.499999999995097 0 0
3.599999999994805 0 0
3.699999999994512 0 0
3.79999999999422 0 0
3.899999999993928 0 0
3.999999999993635 0 0
4.099999999993343 0 0
4.199999999993051 0 0
4.299999999992759 0 0
4.399999999992466 0 0
4.499999999992174 0 0
4.599999999991882 0 0
4.699999999991589 0 0
4.799999999991297 0 0
4.899999999991005 0 0
4.999999999990713 0 0
5.099999999990422 0 0
5.199999999990129 0 0
5.299999999989837 0 0
5.399999999989546 0 0
5.499999999989253 0 0
5.599999999988961 0 0
5.69999999998867 0 0
5.799999999988378 0 0
5.899999999988086 0 0
5.999999999987794 0 0
6.099999999987502 0 0
6.19999999998721 0 0
6.299999999986917 0 0
6.399999999986625 0 0
6.499999999986334 0 0
6.599999999986041 0 0
6.699999999985749 0 0
6.799999999985458 0 0
6.899999999985166 0 0
6.999999999984874 0 0
7.099999999984582 0 0
7.19999999998429 0 0
7.299999999983998 0 0
7.399999999983706 0 0
7.499999999983414 0 0
7.599999999983122 0 0
7.699999999982831 0 0
7.799999999982539 0 0
7.899999999982247 0 0
7.999999999982023 0 0
8.099999999981954 0 0
8.199999999982051 0 0
8.299999999982203 0 0
8.399999999982356 0 0
8.499999999982506 0 0
8.599999999982659 0 0
8.699999999982811 0 0
8.799999999982962 0 0
8.899999999983114 0 0
8.999999999983267 0 0
9.099999999983419 0 0
9.199999999983572 0 0
9.299999999983724 0 0
9.399999999983876 0 0
9.499999999984027 0 0
9.599999999984179 0 0
9.699999999984332 0 0
9.799999999984484 0 0
9.899999999984637 0 0
9.999999999984787 0 0
10.09999999998494 0 0
10.19999999998509 0 0
10.29999999998524 0 0
10.3999999999854 0 0
10.49999999998555 0 0
10.5999999999857 0 0
10.69999999998585 0 0
10.799999999986 0 0
10.89999999998616 0 0
10.99999999998631 0 0
11.09999999998646 0 0
11.19999999998661 0 0
11.29999999998677 0 0
11.39999999998692 0 0
11.49999999998707 0 0
11.59999999998722 0 0
11.69999999998737 0 0
11.79999999998753 0 0
11.89999999998768 0 0
11.99999999998783 0 0
12.09999999998798 0 0
12.19999999998814 0 0
12.29999999998829 0 0
12.39999999998844 0 0
12.49999999998859 0 0
12.59999999998874 0 0
12.6999999999889 0 0
12.79999999998905 0 0
12.8999999999892 0 0
12.99999999998935 0 0
13.0999999999895 0 0
13.19999999998966 0 0
13.29999999998981 0 0
13.39999999998996 0 0
13.49999999999011 0 0
13.59999999999026 0 0
13.69999999999042 0 0
13.79999999999057 0 0
13.89999999999072 0 0
13.99999999999087 0 0
14.09999999999103 0 0
14.19999999999118 0 0
14.29999999999133 0 0
14.39999999999148 0 0
14.49999999999164 0 0
14.59999999999179 0 0
14.69999999999194 0 0
14.79999999999209 0 0
14.89999999999224 0 0
14.9999999999924 0 0
15.09999999999255 0 0
15.1999999999927 0 0
15.29999999999285 0 0
15.399999999993 0 0
15.49999999999315 0 0
15.59999999999331 0 0
15.69999999999346 0 0
15.79999999999361 0 0
15.89999999999376 0 0
15.99999999999392 0 0
16.09999999999407 0 0
16.19999999999422 0 0
16.29999999999437 0 0
16.39999999999453 0 0
16.49999999999468 0 0
16.59999999999483 0 0
16.69999999999498 0 0
16.79999999999513 0 0
16.89999999999528 0 0
16.99999999999544 0 0
17.09999999999559 0 0
17.19999999999574 0 0
17.29999999999589 0 0
17.39999999999605 0 0
17.4999999999962 0 0
17.59999999999635 0 0
17.6999999999965 0 0
17.79999999999665 0 0
17.89999999999681 0 0
17.99999999999696 0 0
18.09999999999711 0 0
18.19999999999726 0 0
18.29999999999742 0 0
18.39999999999757 0 0
18.49999999999772 0 0
18.59999999999787 0 0
18.69999999999802 0 0
18.79999999999817 0 0
18.89999999999833 0 0
18.99999999999848 0 0
19.09999999999863 0 0
19.19999999999878 0 0
19.29999999999894 0 0
19.39999999999909 0 0
19.49999999999924 0 0
19.59999999999939 0 0
19.69999999999955 0 0
19.7999999999997 0 0
19.89999999999985 0 0
1 2 0 49
204
205
206
207
208
209
210
211
212
213
214
215
216
217
218
219
220
221
222
223
224
225
226
227
228
229
230
231
232
233
234
235
236
237
238
239
240
241
242
243
244
245
246
247
248
249
250
251
252
20 0.09999999999992767 0
20 0.1999999999998332 0
20 0.2999999999997331 0
20 0.3999999999996629 0
20 0.4999999999995927 0
20 0.5999999999995146 0
20 0.6999999999992857 0
20 0.7999999999989935 0
20 0.8999999999987012 0
20 0.9999999999984088 0
20 1.099999999998116 0
20 1.199999999997824 0
20 1.299999999997532 0
20 1.39999999999724 0
20 1.499999999996948 0
20 1.599999999996656 0
20 1.699999999996364 0
20 1.799999999996073 0
20 1.899999999995781 0
20 1.999999999995506 0
20 2.099999999995589 0
20 2.19999999999574 0
20 2.299999999995893 0
20 2.399999999996045 0
20 2.499999999996197 0
20 2.599999999996349 0
20 2.699999999996501 0
20 2.799999999996654 0
20 2.899999999996806 0
20 2.999999999996958 0
20 3.09999999999711 0
20 3.199999999997262 0
20 3.299999999997414 0
20 3.399999999997566 0
20 3.499999999997718 0
20 3.599999999997871 0
20 3.699999999998023 0
20 3.799999999998175 0
20 3.899999999998327 0
20 3.999999999998479 0
20 4.099999999998632 0
20 4.199999999998783 0
20 4.299999999998936 0
20 4.399999999999087 0
20 4.49999999999924 0
20 4.599999999999392 0
20 4.699999999999544 0
20 4.799999999999696 0
20 4.899999999999848 0
1 3 0 199
253
254
255
256
257
258
259
260
261
262
263
264
265
266
267
268
269
270
271
272
273
274
275
276
277
278
279
280
281
282
283
284
285
286
287
288
289
290
291
292
293
294
295
296
297
298
299
300
301
302
303
304
305
306
307
308
309
310
311
312
313
314
315
316
317
318
319
320
321
322
323
324
325
326
327
328
329
330
331
332
333
334
335
336
337
338
339
340
341
342
343
344
345
346
347
348
349
350
351
352
353
354
355
356
357
358
359
360
361
362
363
364
365
366
367
368
369
370
371
372
373
374
375
376
377
378
379
380
381
382
383
384
385
386
387
388
389
390
391
392
393
394
395
396
397
398
399
400
401
402
403
404
405
406
407
408
409
410
411
412
413
414
415
416
417
418
419
420
421
422
423
424
425
426
427
428
429
430
431
432
433
434
435
436
437
438
439
440
441
442
443
444
445
446
447
448
449
450
451
19.9 5 0
19.8 5 0
19.7 5 0
19.6 5 0
19.5 5 0
19.4 5 0
19.3 5 0
19.2 5 0
19.1 5 0
19 5 0
18.9 5 0
18.8 5 0
18.7 5 0
18.6 5 0
18.5 5 0
18.4 5 0
18.3 5 0
18.2 5 0
18.1 5 0
18 5 0
17.9 5 0
17.8 5 0
17.7 5 0
17.6 5 0
17.5 5 0
17.40000000000001 5 0
17.3 5 0
17.2 5 0
17.1 5 0
17 5 0
16.90000000000001 5 0
16.8 5 0
16.70000000000001 5 0
16.6 5 0
16.50000000000001 5 0
16.40000000000001 5 0
16.30000000000001 5 0
16.20000000000001 5 0
16.10000000000001 5 0
16.00000000000001 5 0
15.90000000000001 5 0
15.80000000000001 5 0
15.70000000000001 5 0
15.60000000000001 5 0
15.50000000000001 5 0
15.40000000000001 5 0
15.30000000000001 5 0
15.20000000000001 5 0
15.10000000000001 5 0
15.00000000000001 5 0
14.90000000000001 5 0
14.80000000000001 5 0
14.70000000000001 5 0
14.60000000000001 5 0
14.50000000000001 5 0
14.40000000000001 5 0
14.30000000000001 5 0
14.20000000000001 5 0
14.10000000000001 5 0
14.00000000000001 5 0
13.90000000000001 5 0
13.80000000000001 5 0
13.70000000000001 5 0
13.60000000000001 5 0
13.50000000000001 5 0
13.40000000000001 5 0
13.30000000000001 5 0
13.20000000000001 5 0
13.10000000000001 5 0
13.00000000000001 5 0
12.90000000000001 5 0
12.80000000000001 5 0
12.70000000000001 5 0
12.60000000000001 5 0
12.50000000000001 5 0
12.40000000000001 5 0
12.30000000000001 5 0
12.20000000000001 5 0
12.10000000000001 5 0
12.00000000000001 5 0
11.90000000000001 5 0
11.80000000000001 5 0
11.70000000000001 5 0
11.60000000000001 5 0
11.50000000000001 5 0
11.40000000000001 5 0
11.30000000000001 5 0
11.20000000000001 5 0
11.10000000000001 5 0
11.00000000000001 5 0
10.90000000000001 5 0
10.80000000000001 5 0
10.70000000000001 5 0
10.60000000000001 5 0
10.50000000000001 5 0
10.40000000000001 5 0
10.30000000000001 5 0
10.20000000000001 5 0
10.10000000000001 5 0
10.00000000000001 5 0
9.900000000000006 5 0
9.800000000000006 5 0
9.700000000000006 5 0
9.600000000000007 5 0
9.500000000000007 5 0
9.400000000000006 5 0
9.300000000000006 5 0
9.200000000000006 5 0
9.100000000000005 5 0
9.000000000000005 5 0
8.900000000000006 5 0
8.800000000000006 5 0
8.700000000000006 5 0
8.600000000000005 5 0
8.500000000000005 5 0
8.400000000000006 5 0
8.300000000000004 5 0
8.200000000000005 5 0
8.100000000000005 5 0
8.000000000000005 5 0
7.900000000000006 5 0
7.800000000000004 5 0
7.700000000000005 5 0
7.600000000000005 5 0
7.500000000000004 5 0
7.400000000000004 5 0
7.300000000000004 5 0
7.200000000000005 5 0
7.100000000000005 5 0
7.000000000000004 5 0
6.900000000000004 5 0
6.800000000000004 5 0
6.700000000000003 5 0
6.600000000000003 5 0
6.500000000000004 5 0
6.400000000000004 5 0
6.300000000000004 5 0
6.200000000000003 5 0
6.100000000000003 5 0
6.000000000000004 5 0
5.900000000000002 5 0
5.800000000000002 5 0
5.700000000000003 5 0
5.600000000000003 5 0
5.500000000000004 5 0
5.400000000000002 5 0
5.300000000000002 5 0
5.200000000000003 5 0
5.100000000000001 5 0
5.000000000000002 5 0
4.900000000000002 5 0
4.800000000000002 5 0
4.700000000000003 5 0
4.600000000000001 5 0
4.500000000000002 5 0
4.400000000000002 5 0
4.300000000000001 5 0
4.200000000000001 5 0
4.100000000000001 5 0
4.000000000000002 5 0
3.900000000000002 5 0
3.800000000000001 5 0
3.700000000000003 5 0
3.600000000000001 5 0
3.5 5 0
3.400000000000002 5 0
3.300000000000001 5 0
3.199999999999999 5 0
3.100000000000001 5 0
3 5 0
2.899999999999999 5 0
2.800000000000001 5 0
2.699999999999999 5 0
2.600000000000001 5 0
2.5 5 0
2.399999999999999 5 0
2.300000000000001 5 0
2.199999999999999 5 0
2.100000000000001 5 0
2 5 0
1.899999999999999 5 0
1.800000000000001 5 0
1.699999999999999 5 0
1.599999999999998 5 0
1.5 5 0
1.399999999999999 5 0
1.299999999999997 5 0
1.199999999999999 5 0
1.099999999999998 5 0
1 5 0
0.8999999999999986 5 0
0.8000000000000007 5 0
0.6999999999999993 5 0
0.6000000000000014 5 0
0.5 5 0
0.3999999999999986 5 0
0.3000000000000007 5 0
0.1999999999999993 5 0
0.1000000000000014 5 0
1 4 0 49
452
453
454
455
456
457
458
459
460
461
462
463
464
465
466
467
468
469
470
471
472
473
474
475
476
477
478
479
480
481
482
483
484
485
486
487
488
489
490
491
492
493
494
495
496
497
498
499
500
0 4.9 0
0 4.800000000000001 0
0 4.7 0
0 4.600000000000001 0
0 4.500000000000001 0
0 4.4 0
0 4.300000000000001 0
0 4.200000000000001 0
0 4.100000000000001 0
0 4.000000000000002 0
0 3.900000000000002 0
0 3.800000000000002 0
0 3.700000000000002 0
0 3.600000000000002 0
0 3.500000000000002 0
0 3.400000000000002 0
0 3.300000000000002 0
0 3.200000000000002 0
0 3.100000000000002 0
0 3.000000000000002 0
0 2.900000000000002 0
0 2.800000000000002 0
0 2.700000000000002 0
0 2.600000000000002 0
0 2.500000000000002 0
0 2.400000000000002 0
0 2.300000000000002 0
0 2.200000000000002 0
0 2.100000000000001 0
0 2.000000000000001 0
0 1.900000000000001 0
0 1.800000000000001 0
0 1.700000000000001 0
0 1.600000000000001 0
0 1.500000000000001 0
0 1.400000000000001 0
0 1.300000000000001 0
0 1.200000000000001 0
0 1.100000000000001 0
0 1 0
0 0.9000000000000004 0
0 0.7999999999999998 0
0 0.7000000000000002 0
0 0.5999999999999996 0
0 0.5 0
0 0.3999999999999995 0
0 0.2999999999999998 0
0 0.2000000000000002 0
0 0.09999999999999964 0
2 1 0 9751
501
502
503
504
505
506
507
508
509
510
511
512
513
514
515
516
517
518
519
520
521
522
523
524
525
526
527
528
529
530
531
532
533
534
535
536
537
538
539
540
541
542
543
544
545
546
547
548
549
550
551
552
553
554
555
556
557
558
559
560
561
562
563
564
565
566
567
568
569
570
571
572
573
574
575
576
577
578
579
580
581
582
583
584
585
586
587
588
589
590
591
592
593
594
595
596
597
598
599
600
601
602
603
604
605
606
607
608
609
610
611
612
613
614
615
616
617
618
619
620
621
622
623
624
625
626
627
628
629
630
631
632
633
634
635
636
637
638
639
640
641
642
643
644
645
646
647
648
649
650
651
652
653
654
655
656
657
658
659
660
661
662
663
664
665
666
667
668
669
670
671
672
673
674
675
676
677
678
679
680
681
682
683
684
685
686
687
688
689
690
691
692
693
694
695
696
697
698
699
700
701
702
703
704
705
706
707
708
709
710
711
712
713
714
715
716
717
718
719
720
721
722
723
724
725
726
727
728
729
730
731
732
733
734
735
736
737
738
739
740
741
742
743
744
745
746
747
748
749
750
751
752
753
754
755
756
757
758
759
760
761
762
763
764
765
766
767
768
769
770
771
772
773
774
775
776
777
778
779
780
781
782
783
784
785
786
787
788
789
790
791
792
793
794
795
796
797
798
799
800
801
802
803
804
805
806
807
808
809
810
811
812
813
814
815
816
817
818
819
820
821
822
823
824
825
826
827
828
829
830
831
832
833
834
835
836
837
838
839
840
841
842
843
844
845
846
847
848
849
850
851
852
853
854
855
856
857
858
859
860
861
862
863
864
865
866
867
868
869
870
871
872
873
874
875
876
877
878
879
880
881
882
883
884
885
886
887
888
889
890
891
892
893
894
895
896
897
898
899
900
901
902
903
904
905
906
907
908
909
910
911
912
913
914
915
916
917
918
919
920
921
922
923
924
925
926
927
928
929
930
931
932
933
934
935
936
937
938
939
940
941
942
943
944
945
946
947
948
949
950
951
952
953
954
955
956
957
958
959
960
961
962
963
964
965
966
967
968
969
970
971
972
973
974
975
976
977
978
979
980
981
982
983
984
985
986
987
988
989
990
991
992
993
994
995
996
997
998
999
1000
1001
1002
1003
1004
1005
1006
1007
1008
1009
1010
1011
1012
1013
1014
1015
1016
1017
1018
1019
1020
1021
1022
1023
1024
1025
1026
1027
1028
1029
1030
1031
1032
1033
1034
1035
1036
1037
1038
1039
1040
1041
1042
1043
1044
1045
1046
1047
1048
1049
1050
1051
1052
1053
1054
1055
1056
1057
1058
1059
1060
1061
1062
1063
1064
1065
1066
1067
1068
1069
1070
1071
1072
1073
1074
1075
1076
1077
1078
1079
1080
1081
1082
1083
1084
1085
1086
1087
1088
1089
1090
1091
1092
1093
1094
1095
1096
1097
1098
1099
1100
1101
1102
1103
1104
1105
1106
1107
1108
1109
1110
1111
1112
1113
1114
1115
1116
1117
1118
1119
1120
1121
1122
1123
1124
1125
1126
1127
1128
1129
1130
1131
1132
1133
1134
1135
1136
1137
1138
1139
1140
1141
1142
1143
1144
1145
1146
1147
1148
1149
1150
1151
1152
1153
1154
1155
1156
1157
1158
1159
1160
1161
1162
1163
1164
1165
1166
1167
1168
1169
1170
1171
1172
1173
1174
1175
1176
1177
1178
1179
1180
1181
1182
1183
1184
1185
1186
1187
1188
1189
1190
1191
1192
1193
1194
1195
1196
1197
1198
1199
1200
1201
1202
1203
1204
1205
1206
1207
1208
1209
1210
1211
1212
1213
1214
1215
1216
1217
1218
1219
1220
1221
1222
1223
1224
1225
1226
1227
1228
1229
1230
1231
1232
1233
1234
1235
1236
1237
1238
1239
1240
1241
1242
1243
1244
1245
1246
1247
1248
1249
1250
1251
1252
1253
1254
1255
1256
1257
1258
1259
1260
1261
1262
1263
1264
1265
1266
1267
1268
1269
1270
1271
1272
1273
1274
1275
1276
1277
1278
1279
1280
1281
1282
1283
1284
1285
1286
1287
1288
1289
1290
1291
1292
1293
1294
1295
1296
1297
1298
1299
1300
1301
1302
1303
1304
1305
1306
1307
1308
1309
1310
1311
1312
1313
1314
1315
1316
1317
1318
1319
1320
1321
1322
1323
1324
1325
1326
1327
1328
1329
1330
1331
1332
1333
1334
1335
1336
1337
1338
1339
1340
1341
1342
1343
1344
1345
1346
1347
1348
1349
1350
1351
1352
1353
1354
1355
1356
1357
1358
1359
1360
1361
1362
1363
1364
1365
1366
1367
1368
1369
1370
1371
1372
1373
1374
1375
1376
1377
1378
1379
1380
1381
1382
1383
1384
1385
1386
1387
1388
1389
1390
1391
1392
1393
1394
1395
1396
1397
1398
1399
1400
1401
1402
1403
1404
1405
1406
1407
1408
1409
1410
1411
1412
1413
1414
1415
1416
1417
1418
1419
1420
1421
1422
1423
1424
1425
1426
1427
1428
1429
1430
1431
1432
1433
1434
1435
1436
1437
1438
1439
1440
1441
1442
1443
1444
1445
1446
1447
1448
1449
1450
1451
1452
1453
1454
1455
1456
1457
1458
1459
1460
1461
1462
1463
1464
1465
1466
1467
1468
1469
1470
1471
1472
1473
1474
1475
1476
1477
1478
1479
1480
1481
1482
1483
1484
1485
1486
1487
1488
1489
1490
1491
1492
1493
1494
1495
1496
1497
1498
1499
1500
1501
1502
1503
1504
1505
1506
1507
1508
1509
1510
1511
1512
1513
1514
1515
1516
1517
1518
1519
1520
1521
1522
1523
1524
1525
1526
1527
1528
1529
1530
1531
1532
1533
1534
1535
1536
1537
1538
1539
1540
1541
1542
1543
1544
1545
1546
1547
1548
1549
1550
1551
1552
1553
1554
1555
1556
1557
1558
1559
1560
1561
1562
1563
1564
1565
1566
1567
1568
1569
1570
1571
1572
1573
1574
1575
1576
1577
1578
1579
1580
1581
1582
1583
1584
1585
1586
1587
1588
1589
1590
1591
1592
1593
1594
1595
1596
1597
1598
1599
1600
1601
1602
1603
1604
1605
1606
1607
1608
1609
1610
1611
1612
1613
1614
1615
1616
1617
1618
1619
1620
1621
1622
1623
1624
1625
1626
1627
1628
1629
1630
1631
1632
1633
1634
1635
1636
1637
1638
1639
1640
1641
1642
1643
1644
1645
1646
1647
1648
1649
1650
1651
1652
1653
1654
1655
1656
1657
1658
1659
1660
1661
1662
1663
1664
1665
1666
1667
1668
1669
1670
1671
1672
1673
1674
1675
1676
1677
1678
1679
1680
1681
1682
1683
1684
1685
1686
1687
1688
1689
1690
1691
1692
1693
1694
1695
1696
1697
1698
1699
1700
1701
1702
1703
1704
1705
1706
1707
1708
1709
1710
1711
1712
1713
1714
1715
1716
1717
1718
1719
1720
1721
1722
1723
1724
1725
1726
1727
1728
1729
1730
1731
1732
1733
1734
1735
1736
1737
1738
1739
1740
1741
1742
1743
1744
1745
1746
1747
1748
1749
1750
1751
1752
1753
1754
1755
1756
1757
1758
1759
1760
1761
1762
1763
1764
1765
1766
1767
1768
1769
1770
1771
1772
1773
1774
1775
1776
1777
1778
1779
1780
1781
1782
1783
1784
1785
1786
1787
1788
1789
1790
1791
1792
1793
1794
1795
1796
1797
1798
1799
1800
1801
1802
1803
1804
1805
1806
1807
1808
1809
1810
1811
1812
1813
1814
1815
1816
1817
1818
1819
1820
1821
1822
1823
1824
1825
1826
1827
1828
1829
1830
1831
1832
1833
1834
1835
1836
1837
1838
1839
1840
1841
1842
1843
1844
1845
1846
1847
1848
1849
1850
1851
1852
1853
1854
1855
1856
1857
1858
1859
1860
1861
1862
1863
1864
1865
1866
1867
1868
1869
1870
1871
1872
1873
1874
1875
1876
1877
1878
1879
1880
1881
1882
1883
1884
1885
1886
1887
1888
1889
1890
1891
1892
1893
1894
1895
1896
1897
1898
1899
1900
1901
1902
1903
1904
1905
1906
1907
1908
1909
1910
1911
1912
1913
1914
1915
1916
1917
1918
1919
1920
1921
1922
1923
1924
1925
1926
1927
1928
1929
1930
1931
1932
1933
1934
1935
1936
1937
1938
1939
1940
1941
1942
1943
1944
1945
1946
1947
1948
1949
1950
1951
1952
1953
1954
1955
1956
1957
1958
1959
1960
1961
1962
1963
1964
1965
1966
1967
1968
1969
1970
1971
1972
1973
1974
1975
1976
1977
1978
1979
1980
1981
1982
1983
1984
1985
1986
1987
1988
1989
1990
1991
1992
1993
1994
1995
1996
1997
1998
1999
2000
2001
2002
2003
2004
2005
2006
2007
2008
2009
2010
2011
2012
2013
2014
2015
2016
2017
2018
2019
2020
2021
2022
2023
2024
2025
2026
2027
2028
2029
2030
2031
2032
2033
2034
2035
2036
2037
2038
2039
2040
2041
2042
2043
2044
2045
2046
2047
2048
2049
2050
2051
2052
2053
2054
2055
2056
2057
2058
2059
2060
2061
2062
2063
2064
2065
2066
2067
2068
2069
2070
2071
2072
2073
2074
2075
2076
2077
2078
2079
2080
2081
2082
2083
2084
2085
2086
2087
2088
2089
2090
2091
2092
2093
2094
2095
2096
2097
2098
2099
2100
2101
2102
2103
2104
2105
2106
2107
2108
2109
2110
2111
2112
2113
2114
2115
2116
2117
2118
2119
2120
2121
2122
2123
2124
2125
2126
2127
2128
2129
2130
2131
2132
2133
2134
2135
2136
2137
2138
2139
2140
2141
2142
2143
2144
2145
2146
2147
2148
2149
2150
2151
2152
2153
2154
2155
2156
2157
2158
2159
2160
2161
2162
2163
2164
2165
2166
2167
2168
2169
2170
2171
2172
2173
2174
2175
2176
2177
2178
2179
2180
2181
2182
2183
2184
2185
2186
2187
2188
2189
2190
2191
2192
2193
2194
2195
2196
2197
2198
2199
2200
2201
2202
2203
2204
2205
2206
2207
2208
2209
2210
2211
2212
2213
2214
2215
2216
2217
2218
2219
2220
2221
2222
2223
2224
2225
2226
2227
2228
2229
2230
2231
2232
2233
2234
2235
2236
2237
2238
2239
2240
2241
2242
2243
2244
2245
2246
2247
2248
2249
2250
2251
2252
2253
2254
2255
2256
2257
2258
2259
2260
2261
2262
2263
2264
2265
2266
2267
2268
2269
2270
2271
2272
2273
2274
2275
2276
2277
2278
2279
2280
2281
2282
2283
2284
2285
2286
2287
2288
2289
2290
2291
2292
2293
2294
2295
2296
2297
2298
2299
2300
2301
2302
2303
2304
2305
2306
2307
2308
2309
2310
2311
2312
2313
2314
2315
2316
2317
2318
2319
2320
2321
2322
2323
2324
2325
2326
2327
2328
2329
2330
2331
2332
2333
2334
2335
2336
2337
2338
2339
2340
2341
2342
2343
2344
2345
2346
2347
2348
2349
2350
2351
2352
2353
2354
2355
2356
2357
2358
2359
2360
2361
2362
2363
2364
2365
2366
2367
2368
2369
2370
2371
2372
2373
2374
2375
2376
2377
2378
2379
2380
2381
2382
2383
2384
2385
2386
2387
2388
2389
2390
2391
2392
2393
2394
2395
2396
2397
2398
2399
2400
2401
2402
2403
2404
2405
2406
2407
2408
2409
2410
2411
2412
2413
2414
2415
2416
2417
2418
2419
2420
2421
2422
2423
2424
2425
2426
2427
2428
2429
2430
2431
2432
2433
2434
2435
2436
2437
2438
2439
2440
2441
2442
2443
2444
2445
2446
2447
2448
2449
2450
2451
2452
2453
2454
2455
2456
2457
2458
2459
2460
2461
2462
2463
2464
2465
2466
2467
2468
2469
2470
2471
2472
2473
2474
2475
2476
2477
2478
2479
2480
2481
2482
2483
2484
2485
2486
2487
2488
2489
2490
2491
2492
2493
2494
2495
2496
2497
2498
2499
2500
2501
2502
2503
2504
2505
2506
2507
2508
2509
2510
2511
2512
2513
2514
2515
2516
2517
2518
2519
2520
2521
2522
2523
2524
2525
2526
2527
2528
2529
2530
2531
2532
2533
2534
2535
2536
2537
2538
2539
2540
2541
2542
2543
2544
2545
2546
2547
2548
2549
2550
2551
2552
2553
2554
2555
2556
2557
2558
2559
2560
2561
2562
2563
2564
2565
2566
2567
2568
2569
2570
2571
2572
2573
2574
2575
2576
2577
2578
2579
2580
2581
2582
2583
2584
2585
2586
2587
2588
2589
2590
2591
2592
2593
2594
2595
2596
2597
2598
2599
2600
2601
2602
2603
2604
2605
2606
2607
2608
2609
2610
2611
2612
2613
2614
2615
2616
2617
2618
2619
2620
2621
2622
2623
2624
2625
2626
2627
2628
2629
2630
2631
2632
2633
2634
2635
2636
2637
2638
2639
2640
2641
2642
2643
2644
2645
2646
2647
2648
2649
2650
2651
2652
2653
2654
2655
2656
2657
2658
2659
2660
2661
2662
2663
2664
2665
2666
2667
2668
2669
2670
2671
2672
2673
2674
2675
2676
2677
2678
2679
2680
2681
2682
2683
2684
2685
2686
2687
2688
2689
2690
2691
2692
2693
2694
2695
2696
2697
2698
2699
2700
2701
2702
2703
2704
2705
2706
2707
2708
2709
2710
2711
2712
2713
2714
2715
2716
2717
2718
2719
2720
2721
2722
2723
2724
2725
2726
2727
2728
2729
2730
2731
2732
2733
2734
2735
2736
2737
2738
2739
2740
2741
2742
2743
2744
2745
2746
2747
2748
2749
2750
2751
2752
2753
2754
2755
2756
2757
2758
2759
2760
2761
2762
2763
2764
2765
2766
2767
2768
2769
2770
2771
2772
2773
2774
2775
2776
2777
2778
2779
2780
2781
2782
2783
2784
2785
2786
2787
2788
2789
2790
2791
2792
2793
2794
2795
2796
2797
2798
2799
2800
2801
2802
2803
2804
2805
2806
2807
2808
2809
2810
2811
2812
2813
2814
2815
2816
2817
2818
2819
2820
2821
2822
2823
2824
2825
2826
2827
2828
2829
2830
2831
2832
2833
2834
2835
2836
2837
2838
2839
2840
2841
2842
2843
2844
2845
2846
2847
2848
2849
2850
2851
2852
2853
2854
2855
2856
2857
2858
2859
2860
2861
2862
2863
2864
2865
2866
2867
2868
2869
2870
2871
2872
2873
2874
2875
2876
2877
2878
2879
2880
2881
2882
2883
2884
2885
2886
2887
2888
2889
2890
2891
2892
2893
2894
2895
2896
2897
2898
2899
2900
2901
2902
2903
2904
2905
2906
2907
2908
2909
2910
2911
2912
2913
2914
2915
2916
2917
2918
2919
2920
2921
2922
2923
2924
2925
2926
2927
2928
2929
2930
2931
2932
2933
2934
2935
2936
2937
2938
2939
2940
2941
2942
2943
2944
2945
2946
2947
2948
2949
2950
2951
2952
2953
2954
2955
2956
2957
2958
2959
2960
2961
2962
2963
2964
2965
2966
2967
2968
2969
2970
2971
2972
2973
2974
2975
2976
2977
2978
2979
2980
2981
2982
2983
2984
2985
2986
2987
2988
2989
2990
2991
2992
2993
2994
2995
2996
2997
2998
2999
3000
3001
3002
3003
3004
3005
3006
3007
3008
3009
3010
3011
3012
3013
3014
3015
3016
3017
3018
3019
3020
3021
3022
3023
3024
3025
3026
3027
3028
3029
3030
3031
3032
3033
3034
3035
3036
3037
3038
3039
3040
3041
3042
3043
3044
3045
3046
3047
3048
3049
3050
3051
3052
3053
3054
3055
3056
3057
3058
3059
3060
3061
3062
3063
3064
3065
3066
3067
3068
3069
3070
3071
3072
3073
3074
3075
3076
3077
3078
3079
3080
3081
3082
3083
3084
3085
3086
3087
3088
3089
3090
3091
3092
3093
3094
3095
3096
3097
3098
3099
3100
3101
3102
3103
3104
3105
3106
3107
3108
3109
3110
3111
3112
3113
3114
3115
3116
3117
3118
3119
3120
3121
3122
3123
3124
3125
3126
3127
3128
3129
3130
3131
3132
3133
3134
3135
3136
3137
3138
3139
3140
3141
3142
3143
3144
3145
3146
3147
3148
3149
3150
3151
3152
3153
3154
3155
3156
3157
3158
3159
3160
3161
3162
3163
3164
3165
3166
3167
3168
3169
3170
3171
3172
3173
3174
3175
3176
3177
3178
3179
3180
3181
3182
3183
3184
3185
3186
3187
3188
3189
3190
3191
3192
3193
3194
3195
3196
3197
3198
3199
3200
3201
3202
3203
3204
3205
3206
3207
3208
3209
3210
3211
3212
3213
3214
3215
3216
3217
3218
3219
3220
3221
3222
3223
3224
3225
3226
3227
3228
3229
3230
3231
3232
3233
3234
3235
3236
3237
3238
3239
3240
3241
3242
3243
3244
3245
3246
3247
3248
3249
3250
3251
3252
3253
3254
3255
3256
3257
3258
3259
3260
3261
3262
3263
3264
3265
3266
3267
3268
3269
3270
3271
3272
3273
3274
3275
3276
3277
3278
3279
3280
3281
3282
3283
3284
3285
3286
3287
3288
3289
3290
3291
3292
3293
3294
3295
3296
3297
3298
3299
3300
3301
3302
3303
3304
3305
3306
3307
3308
3309
3310
3311
3312
3313
3314
3315
3316
3317
3318
3319
3320
3321
3322
3323
3324
3325
3326
3327
3328
3329
3330
3331
3332
3333
3334
3335
3336
3337
3338
3339
3340
3341
3342
3343
3344
3345
3346
3347
3348
3349
3350
3351
3352
3353
3354
3355
3356
3357
3358
3359
3360
3361
3362
3363
3364
3365
3366
3367
3368
3369
3370
3371
3372
3373
3374
3375
3376
3377
3378
3379
3380
3381
3382
3383
3384
3385
3386
3387
3388
3389
3390
3391
3392
3393
3394
3395
3396
3397
3398
3399
3400
3401
3402
3403
3404
3405
3406
3407
3408
3409
3410
3411
3412
3413
3414
3415
3416
3417
3418
3419
3420
3421
3422
3423
3424
3425
3426
3427
3428
3429
3430
3431
3432
3433
3434
3435
3436
3437
3438
3439
3440
3441
3442
3443
3444
3445
3446
3447
3448
3449
3450
3451
3452
3453
3454
3455
3456
3457
3458
3459
3460
3461
3462
3463
3464
3465
3466
3467
3468
3469
3470
3471
3472
3473
3474
3475
3476
3477
3478
3479
3480
3481
3482
3483
3484
3485
3486
3487
3488
3489
3490
3491
3492
3493
3494
3495
3496
3497
3498
3499
3500
3501
3502
3503
3504
3505
3506
3507
3508
3509
3510
3511
3512
3513
3514
3515
3516
3517
3518
3519
3520
3521
3522
3523
3524
3525
3526
3527
3528
3529
3530
3531
3532
3533
3534
3535
3536
3537
3538
3539
3540
3541
3542
3543
3544
3545
3546
3547
3548
3549
3550
3551
3552
3553
3554
3555
3556
3557
3558
3559
3560
3561
3562
3563
3564
3565
3566
3567
3568
3569
3570
3571
3572
3573
3574
3575
3576
3577
3578
3579
3580
3581
3582
3583
3584
3585
3586
3587
3588
3589
3590
3591
3592
3593
3594
3595
3596
3597
3598
3599
3600
3601
3602
3603
3604
3605
3606
3607
3608
3609
3610
3611
3612
3613
3614
3615
3616
3617
3618
3619
3620
3621
3622
3623
3624
3625
3626
3627
3628
3629
3630
3631
3632
3633
3634
3635
3636
3637
3638
3639
3640
3641
3642
3643
3644
3645
3646
3647
3648
3649
3650
3651
3652
3653
3654
3655
3656
3657
3658
3659
3660
3661
3662
3663
3664
3665
3666
3667
3668
3669
3670
3671
3672
3673
3674
3675
3676
3677
3678
3679
3680
3681
3682
3683
3684
3685
3686
3687
3688
3689
3690
3691
3692
3693
3694
3695
3696
3697
3698
3699
3700
3701
3702
3703
3704
3705
3706
3707
3708
3709
3710
3711
3712
3713
3714
3715
3716
3717
3718
3719
3720
3721
3722
3723
3724
3725
3726
3727
3728
3729
3730
3731
3732
3733
3734
3735
3736
3737
3738
3739
3740
3741
3742
3743
3744
3745
3746
3747
3748
3749
3750
3751
3752
3753
3754
3755
3756
3757
3758
3759
3760
3761
3762
3763
3764
3765
3766
3767
3768
3769
3770
3771
3772
3773
3774
3775
3776
3777
3778
3779
3780
3781
3782
3783
3784
3785
3786
3787
3788
3789
3790
3791
3792
3793
3794
3795
3796
3797
3798
3799
3800
3801
3802
3803
3804
3805
3806
3807
3808
3809
3810
3811
3812
3813
3814
3815
3816
3817
3818
3819
3820
3821
3822
3823
3824
3825
3826
3827
3828
3829
3830
3831
3832
3833
3834
3835
3836
3837
3838
3839
3840
3841
3842
3843
3844
3845
3846
3847
3848
3849
3850
3851
3852
3853
3854
3855
3856
3857
3858
3859
3860
3861
3862
3863
3864
3865
3866
3867
3868
3869
3870
3871
3872
3873
3874
3875
3876
3877
3878
3879
3880
3881
3882
3883
3884
3885
3886
3887
3888
3889
3890
3891
3892
3893
3894
3895
3896
3897
3898
3899
3900
3901
3902
3903
3904
3905
3906
3907
3908
3909
3910
3911
3912
3913
3914
3915
3916
3917
3918
3919
3920
3921
3922
3923
3924
3925
3926
3927
3928
3929
3930
3931
3932
3933
3934
3935
3936
3937
3938
3939
3940
3941
3942
3943
3944
3945
3946
3947
3948
3949
3950
3951
3952
3953
3954
3955
3956
3957
3958
3959
3960
3961
3962
3963
3964
3965
3966
3967
3968
3969
3970
3971
3972
3973
3974
3975
3976
3977
3978
3979
3980
3981
3982
3983
3984
3985
3986
3987
3988
3989
3990
3991
3992
3993
3994
3995
3996
3997
3998
3999
4000
4001
4002
4003
4004
4005
4006
4007
4008
4009
4010
4011
4012
4013
4014
4015
4016
4017
4018
4019
4020
4021
4022
4023
4024
4025
4026
4027
4028
4029
4030
4031
4032
4033
4034
4035
4036
4037
4038
4039
4040
4041
4042
4043
4044
4045
4046
4047
4048
4049
4050
4051
4052
4053
4054
4055
4056
4057
4058
4059
4060
4061
4062
4063
4064
4065
4066
4067
4068
4069
4070
4071
4072
4073
4074
4075
4076
4077
4078
4079
4080
4081
4082
4083
4084
4085
4086
4087
4088
4089
4090
4091
4092
4093
4094
4095
4096
4097
4098
4099
4100
4101
4102
4103
4104
4105
4106
4107
4108
4109
4110
4111
4112
4113
4114
4115
4116
4117
4118
4119
4120
4121
4122
4123
4124
4125
4126
4127
4128
4129
4130
4131
4132
4133
4134
4135
4136
4137
4138
4139
4140
4141
4142
4143
4144
4145
4146
4147
4148
4149
4150
4151
4152
4153
4154
4155
4156
4157
4158
4159
4160
4161
4162
4163
4164
4165
4166
4167
4168
4169
4170
4171
4172
4173
4174
4175
4176
4177
4178
4179
4180
4181
4182
4183
4184
4185
4186
4187
4188
4189
4190
4191
4192
4193
4194
4195
4196
4197
4198
4199
4200
4201
4202
4203
4204
4205
4206
4207
4208
4209
4210
4211
4212
4213
4214
4215
4216
4217
4218
4219
4220
4221
4222
4223
4224
4225
4226
4227
4228
4229
4230
4231
4232
4233
4234
4235
4236
4237
4238
4239
4240
4241
4242
4243
4244
4245
4246
4247
4248
4249
4250
4251
4252
4253
4254
4255
4256
4257
4258
4259
4260
4261
4262
4263
4264
4265
4266
4267
4268
4269
4270
4271
4272
4273
4274
4275
4276
4277
4278
4279
4280
4281
4282
4283
4284
4285
4286
4287
4288
4289
4290
4291
4292
4293
4294
4295
4296
4297
4298
4299
4300
4301
4302
4303
4304
4305
4306
4307
4308
4309
4310
4311
4312
4313
4314
4315
4316
4317
4318
4319
4320
4321
4322
4323
4324
4325
4326
4327
4328
4329
4330
4331
4332
4333
4334
4335
4336
4337
4338
4339
4340
4341
4342
4343
4344
4345
4346
4347
4348
4349
4350
4351
4352
4353
4354
4355
4356
4357
4358
4359
4360
4361
4362
4363
4364
4365
4366
4367
4368
4369
4370
4371
4372
4373
4374
4375
4376
4377
4378
4379
4380
4381
4382
4383
4384
4385
4386
4387
4388
4389
4390
4391
4392
4393
4394
4395
4396
4397
4398
4399
4400
4401
4402
4403
4404
4405
4406
4407
4408
4409
4410
4411
4412
4413
4414
4415
4416
4417
4418
4419
4420
4421
4422
4423
4424
4425
4426
4427
4428
4429
4430
4431
4432
4433
4434
4435
4436
4437
4438
4439
4440
4441
4442
4443
4444
4445
4446
4447
4448
4449
4450
4451
4452
4453
4454
4455
4456
4457
4458
4459
4460
4461
4462
4463
4464
4465
4466
4467
4468
4469
4470
4471
4472
4473
4474
4475
4476
4477
4478
4479
4480
4481
4482
4483
4484
4485
4486
4487
4488
4489
4490
4491
4492
4493
4494
4495
4496
4497
4498
4499
4500
4501
4502
4503
4504
4505
4506
4507
4508
4509
4510
4511
4512
4513
4514
4515
4516
4517
4518
4519
4520
4521
4522
4523
4524
4525
4526
4527
4528
4529
4530
4531
4532
4533
4534
4535
4536
4537
4538
4539
4540
4541
4542
4543
4544
4545
4546
4547
4548
4549
4550
4551
4552
4553
4554
4555
4556
4557
4558
4559
4560
4561
4562
4563
4564
4565
4566
4567
4568
4569
4570
4571
4572
4573
4574
4575
4576
4577
4578
4579
4580
4581
4582
4583
4584
4585
4586
4587
4588
4589
4590
4591
4592
4593
4594
4595
4596
4597
4598
4599
4600
4601
4602
4603
4604
4605
4606
4607
4608
4609
4610
4611
4612
4613
4614
4615
4616
4617
4618
4619
4620
4621
4622
4623
4624
4625
4626
4627
4628
4629
4630
4631
4632
4633
4634
4635
4636
4637
4638
4639
4640
4641
4642
4643
4644
4645
4646
4647
4648
4649
4650
4651
4652
4653
4654
4655
4656
4657
4658
4659
4660
4661
4662
4663
4664
4665
4666
4667
4668
4669
4670
4671
4672
4673
4674
4675
4676
4677
4678
4679
4680
4681
4682
4683
4684
4685
4686
4687
4688
4689
4690
4691
4692
4693
4694
4695
4696
4697
4698
4699
4700
4701
4702
4703
4704
4705
4706
4707
4708
4709
4710
4711
4712
4713
4714
4715
4716
4717
4718
4719
4720
4721
4722
4723
4724
4725
4726
4727
4728
4729
4730
4731
4732
4733
4734
4735
4736
4737
4738
4739
4740
4741
4742
4743
4744
4745
4746
4747
4748
4749
4750
4751
4752
4753
4754
4755
4756
4757
4758
4759
4760
4761
4762
4763
4764
4765
4766
4767
4768
4769
4770
4771
4772
4773
4774
4775
4776
4777
4778
4779
4780
4781
4782
4783
4784
4785
4786
4787
4788
4789
4790
4791
4792
4793
4794
4795
4796
4797
4798
4799
4800
4801
4802
4803
4804
4805
4806
4807
4808
4809
4810
4811
4812
4813
4814
4815
4816
4817
4818
4819
4820
4821
4822
4823
4824
4825
4826
4827
4828
4829
4830
4831
4832
4833
4834
4835
4836
4837
4838
4839
4840
4841
4842
4843
4844
4845
4846
4847
4848
4849
4850
4851
4852
4853
4854
4855
4856
4857
4858
4859
4860
4861
4862
4863
4864
4865
4866
4867
4868
4869
4870
4871
4872
4873
4874
4875
4876
4877
4878
4879
4880
4881
4882
4883
4884
4885
4886
4887
4888
4889
4890
4891
4892
4893
4894
4895
4896
4897
4898
4899
4900
4901
4902
4903
4904
4905
4906
4907
4908
4909
4910
4911
4912
4913
4914
4915
4916
4917
4918
4919
4920
4921
4922
4923
4924
4925
4926
4927
4928
4929
4930
4931
4932
4933
4934
4935
4936
4937
4938
4939
4940
4941
4942
4943
4944
4945
4946
4947
4948
4949
4950
4951
4952
4953
4954
4955
4956
4957
4958
4959
4960
4961
4962
4963
4964
4965
4966
4967
4968
4969
4970
4971
4972
4973
4974
4975
4976
4977
4978
4979
4980
4981
4982
4983
4984
4985
4986
4987
4988
4989
4990
4991
4992
4993
4994
4995
4996
4997
4998
4999
5000
5001
5002
5003
5004
5005
5006
5007
5008
5009
5010
5011
5012
5013
5014
5015
5016
5017
5018
5019
5020
5021
5022
5023
5024
5025
5026
5027
5028
5029
5030
5031
5032
5033
5034
5035
5036
5037
5038
5039
5040
5041
5042
5043
5044
5045
5046
5047
5048
5049
5050
5051
5052
5053
5054
5055
5056
5057
5058
5059
5060
5061
5062
5063
5064
5065
5066
5067
5068
5069
5070
5071
5072
5073
5074
5075
5076
5077
5078
5079
5080
5081
5082
5083
5084
5085
5086
5087
5088
5089
5090
5091
5092
5093
5094
5095
5096
5097
5098
5099
5100
5101
5102
5103
5104
5105
5106
5107
5108
5109
5110
5111
5112
5113
5114
5115
5116
5117
5118
5119
5120
5121
5122
5123
5124
5125
5126
5127
5128
5129
5130
5131
5132
5133
5134
5135
5136
5137
5138
5139
5140
5141
5142
5143
5144
5145
5146
5147
5148
5149
5150
5151
5152
5153
5154
5155
5156
5157
5158
5159
5160
5161
5162
5163
5164
5165
5166
5167
5168
5169
5170
5171
5172
5173
5174
5175
5176
5177
5178
5179
5180
5181
5182
5183
5184
5185
5186
5187
5188
5189
5190
5191
5192
5193
5194
5195
5196
5197
5198
5199
5200
5201
5202
5203
5204
5205
5206
5207
5208
5209
5210
5211
5212
5213
5214
5215
5216
5217
5218
5219
5220
5221
5222
5223
5224
5225
5226
5227
5228
5229
5230
5231
5232
5233
5234
5235
5236
5237
5238
5239
5240
5241
5242
5243
5244
5245
5246
5247
5248
5249
5250
5251
5252
5253
5254
5255
5256
5257
5258
5259
5260
5261
5262
5263
5264
5265
5266
5267
5268
5269
5270
5271
5272
5273
5274
5275
5276
5277
5278
5279
5280
5281
5282
5283
5284
5285
5286
5287
5288
5289
5290
5291
5292
5293
5294
5295
5296
5297
5298
5299
5300
5301
5302
5303
5304
5305
5306
5307
5308
5309
5310
5311
5312
5313
5314
5315
5316
5317
5318
5319
5320
5321
5322
5323
5324
5325
5326
5327
5328
5329
5330
5331
5332
5333
5334
5335
5336
5337
5338
5339
5340
5341
5342
5343
5344
5345
5346
5347
5348
5349
5350
5351
5352
5353
5354
5355
5356
5357
5358
5359
5360
5361
5362
5363
5364
5365
5366
5367
5368
5369
5370
5371
5372
5373
5374
5375
5376
5377
5378
5379
5380
5381
5382
5383
5384
5385
5386
5387
5388
5389
5390
5391
5392
5393
5394
5395
5396
5397
5398
5399
5400
5401
5402
5403
5404
5405
5406
5407
5408
5409
5410
5411
5412
5413
5414
5415
5416
5417
5418
5419
5420
5421
5422
5423
5424
5425
5426
5427
5428
5429
5430
5431
5432
5433
5434
5435
5436
5437
5438
5439
5440
5441
5442
5443
5444
5445
5446
5447
5448
5449
5450
5451
5452
5453
5454
5455
5456
5457
5458
5459
5460
5461
5462
5463
5464
5465
5466
5467
5468
5469
5470
5471
5472
5473
5474
5475
5476
5477
5478
5479
5480
5481
5482
5483
5484
5485
5486
5487
5488
5489
5490
5491
5492
5493
5494
5495
5496
5497
5498
5499
5500
5501
5502
5503
5504
5505
5506
5507
5508
5509
5510
5511
5512
5513
5514
5515
5516
5517
5518
5519
5520
5521
5522
5523
5524
5525
5526
5527
5528
5529
5530
5531
5532
5533
5534
5535
5536
5537
5538
5539
5540
5541
5542
5543
5544
5545
5546
5547
5548
5549
5550
5551
5552
5553
5554
5555
5556
5557
5558
5559
5560
5561
5562
5563
5564
5565
5566
5567
5568
5569
5570
5571
5572
5573
5574
5575
5576
5577
5578
5579
5580
5581
5582
5583
5584
5585
5586
5587
5588
5589
5590
5591
5592
5593
5594
5595
5596
5597
5598
5599
5600
5601
5602
5603
5604
5605
5606
5607
5608
5609
5610
5611
5612
5613
5614
5615
5616
5617
5618
5619
5620
5621
5622
5623
5624
5625
5626
5627
5628
5629
5630
5631
5632
5633
5634
5635
5636
5637
5638
5639
5640
5641
5642
5643
5644
5645
5646
5647
5648
5649
5650
5651
5652
5653
5654
5655
5656
5657
5658
5659
5660
5661
5662
5663
5664
5665
5666
5667
5668
5669
5670
5671
5672
5673
5674
5675
5676
5677
5678
5679
5680
5681
5682
5683
5684
5685
5686
5687
5688
5689
5690
5691
5692
5693
5694
5695
5696
5697
5698
5699
5700
5701
5702
5703
5704
5705
5706
5707
5708
5709
5710
5711
5712
5713
5714
5715
5716
5717
5718
5719
5720
5721
5722
5723
5724
5725
5726
5727
5728
5729
5730
5731
5732
5733
5734
5735
5736
5737
5738
5739
5740
5741
5742
5743
5744
5745
5746
5747
5748
5749
5750
5751
5752
5753
5754
5755
5756
5757
5758
5759
5760
5761
5762
5763
5764
5765
5766
5767
5768
5769
5770
5771
5772
5773
5774
5775
5776
5777
5778
5779
5780
5781
5782
5783
5784
5785
5786
5787
5788
5789
5790
5791
5792
5793
5794
5795
5796
5797
5798
5799
5800
5801
5802
5803
5804
5805
5806
5807
5808
5809
5810
5811
5812
5813
5814
5815
5816
5817
5818
5819
5820
5821
5822
5823
5824
5825
5826
5827
5828
5829
5830
5831
5832
5833
5834
5835
5836
5837
5838
5839
5840
5841
5842
5843
5844
5845
5846
5847
5848
5849
5850
5851
5852
5853
5854
5855
5856
5857
5858
5859
5860
5861
5862
5863
5864
5865
5866
5867
5868
5869
5870
5871
5872
5873
5874
5875
5876
5877
5878
5879
5880
5881
5882
5883
5884
5885
5886
5887
5888
5889
5890
5891
5892
5893
5894
5895
5896
5897
5898
5899
5900
5901
5902
5903
5904
5905
5906
5907
5908
5909
5910
5911
5912
5913
5914
5915
5916
5917
5918
5919
5920
5921
5922
5923
5924
5925
5926
5927
5928
5929
5930
5931
5932
5933
5934
5935
5936
5937
5938
5939
5940
5941
5942
5943
5944
5945
5946
5947
5948
5949
5950
5951
5952
5953
5954
5955
5956
5957
5958
5959
5960
5961
5962
5963
5964
5965
5966
5967
5968
5969
5970
5971
5972
5973
5974
5975
5976
5977
5978
5979
5980
5981
5982
5983
5984
5985
5986
5987
5988
5989
5990
5991
5992
5993
5994
5995
5996
5997
5998
5999
6000
6001
6002
6003
6004
6005
6006
6007
6008
6009
6010
6011
6012
6013
6014
6015
6016
6017
6018
6019
6020
6021
6022
6023
6024
6025
6026
6027
6028
6029
6030
6031
6032
6033
6034
6035
6036
6037
6038
6039
6040
6041
6042
6043
6044
6045
6046
6047
6048
6049
6050
6051
6052
6053
6054
6055
6056
6057
6058
6059
6060
6061
6062
6063
6064
6065
6066
6067
6068
6069
6070
6071
6072
6073
6074
6075
6076
6077
6078
6079
6080
6081
6082
6083
6084
6085
6086
6087
6088
6089
6090
6091
6092
6093
6094
6095
6096
6097
6098
6099
6100
6101
6102
6103
6104
6105
6106
6107
6108
6109
6110
6111
6112
6113
6114
6115
6116
6117
6118
6119
6120
6121
6122
6123
6124
6125
6126
6127
6128
6129
6130
6131
6132
6133
6134
6135
6136
6137
6138
6139
6140
6141
6142
6143
6144
6145
6146
6147
6148
6149
6150
6151
6152
6153
6154
6155
6156
6157
6158
6159
6160
6161
6162
6163
6164
6165
6166
6167
6168
6169
6170
6171
6172
6173
6174
6175
6176
6177
6178
6179
6180
6181
6182
6183
6184
6185
6186
6187
6188
6189
6190
6191
6192
6193
6194
6195
6196
6197
6198
6199
6200
6201
6202
6203
6204
6205
6206
6207
6208
6209
6210
6211
6212
6213
6214
6215
6216
6217
6218
6219
6220
6221
6222
6223
6224
6225
6226
6227
6228
6229
6230
6231
6232
6233
6234
6235
6236
6237
6238
6239
6240
6241
6242
6243
6244
6245
6246
6247
6248
6249
6250
6251
6252
6253
6254
6255
6256
6257
6258
6259
6260
6261
6262
6263
6264
6265
6266
6267
6268
6269
6270
6271
6272
6273
6274
6275
6276
6277
6278
6279
6280
6281
6282
6283
6284
6285
6286
6287
6288
6289
6290
6291
6292
6293
6294
6295
6296
6297
6298
6299
6300
6301
6302
6303
6304
6305
6306
6307
6308
6309
6310
6311
6312
6313
6314
6315
6316
6317
6318
6319
6320
6321
6322
6323
6324
6325
6326
6327
6328
6329
6330
6331
6332
6333
6334
6335
6336
6337
6338
6339
6340
6341
6342
6343
6344
6345
6346
6347
6348
6349
6350
6351
6352
6353
6354
6355
6356
6357
6358
6359
6360
6361
6362
6363
6364
6365
6366
6367
6368
6369
6370
6371
6372
6373
6374
6375
6376
6377
6378
6379
6380
6381
6382
6383
6384
6385
6386
6387
6388
6389
6390
6391
6392
6393
6394
6395
6396
6397
6398
6399
6400
6401
6402
6403
6404
6405
6406
6407
6408
6409
6410
6411
6412
6413
6414
6415
6416
6417
6418
6419
6420
6421
6422
6423
6424
6425
6426
6427
6428
6429
6430
6431
6432
6433
6434
6435
6436
6437
6438
6439
6440
6441
6442
6443
6444
6445
6446
6447
6448
6449
6450
6451
6452
6453
6454
6455
6456
6457
6458
6459
6460
6461
6462
6463
6464
6465
6466
6467
6468
6469
6470
6471
6472
6473
6474
6475
6476
6477
6478
6479
6480
6481
6482
6483
6484
6485
6486
6487
6488
6489
6490
6491
6492
6493
6494
6495
6496
6497
6498
6499
6500
6501
6502
6503
6504
6505
6506
6507
6508
6509
6510
6511
6512
6513
6514
6515
6516
6517
6518
6519
6520
6521
6522
6523
6524
6525
6526
6527
6528
6529
6530
6531
6532
6533
6534
6535
6536
6537
6538
6539
6540
6541
6542
6543
6544
6545
6546
6547
6548
6549
6550
6551
6552
6553
6554
6555
6556
6557
6558
6559
6560
6561
6562
6563
6564
6565
6566
6567
6568
6569
6570
6571
6572
6573
6574
6575
6576
6577
6578
6579
6580
6581
6582
6583
6584
6585
6586
6587
6588
6589
6590
6591
6592
6593
6594
6595
6596
6597
6598
6599
6600
6601
6602
6603
6604
6605
6606
6607
6608
6609
6610
6611
6612
6613
6614
6615
6616
6617
6618
6619
6620
6621
6622
6623
6624
6625
6626
6627
6628
6629
6630
6631
6632
6633
6634
6635
6636
6637
6638
6639
6640
6641
6642
6643
6644
6645
6646
6647
6648
6649
6650
6651
6652
6653
6654
6655
6656
6657
6658
6659
6660
6661
6662
6663
6664
6665
6666
6667
6668
6669
6670
6671
6672
6673
6674
6675
6676
6677
6678
6679
6680
6681
6682
6683
6684
6685
6686
6687
6688
6689
6690
6691
6692
6693
6694
6695
6696
6697
6698
6699
6700
6701
6702
6703
6704
6705
6706
6707
6708
6709
6710
6711
6712
6713
6714
6715
6716
6717
6718
6719
6720
6721
6722
6723
6724
6725
6726
6727
6728
6729
6730
6731
6732
6733
6734
6735
6736
6737
6738
6739
6740
6741
6742
6743
6744
6745
6746
6747
6748
6749
6750
6751
6752
6753
6754
6755
6756
6757
6758
6759
6760
6761
6762
6763
6764
6765
6766
6767
6768
6769
6770
6771
6772
6773
6774
6775
6776
6777
6778
6779
6780
6781
6782
6783
6784
6785
6786
6787
6788
6789
6790
6791
6792
6793
6794
6795
6796
6797
6798
6799
6800
6801
6802
6803
6804
6805
6806
6807
6808
6809
6810
6811
6812
6813
6814
6815
6816
6817
6818
6819
6820
6821
6822
6823
6824
6825
6826
6827
6828
6829
6830
6831
6832
6833
6834
6835
6836
6837
6838
6839
6840
6841
6842
6843
6844
6845
6846
6847
6848
6849
6850
6851
6852
6853
6854
6855
6856
6857
6858
6859
6860
6861
6862
6863
6864
6865
6866
6867
6868
6869
6870
6871
6872
6873
6874
6875
6876
6877
6878
6879
6880
6881
6882
6883
6884
6885
6886
6887
6888
6889
6890
6891
6892
6893
6894
6895
6896
6897
6898
6899
6900
6901
6902
6903
6904
6905
6906
6907
6908
6909
6910
6911
6912
6913
6914
6915
6916
6917
6918
6919
6920
6921
6922
6923
6924
6925
6926
6927
6928
6929
6930
6931
6932
6933
6934
6935
6936
6937
6938
6939
6940
6941
6942
6943
6944
6945
6946
6947
6948
6949
6950
6951
6952
6953
6954
6955
6956
6957
6958
6959
6960
6961
6962
6963
6964
6965
6966
6967
6968
6969
6970
6971
6972
6973
6974
6975
6976
6977
6978
6979
6980
6981
6982
6983
6984
6985
6986
6987
6988
6989
6990
6991
6992
6993
6994
6995
6996
6997
6998
6999
7000
7001
7002
7003
7004
7005
7006
7007
7008
7009
7010
7011
7012
7013
7014
7015
7016
7017
7018
7019
7020
7021
7022
7023
7024
7025
7026
7027
7028
7029
7030
7031
7032
7033
7034
7035
7036
7037
7038
7039
7040
7041
7042
7043
7044
7045
7046
7047
7048
7049
7050
7051
7052
7053
7054
7055
7056
7057
7058
7059
7060
7061
7062
7063
7064
7065
7066
7067
7068
7069
7070
7071
7072
7073
7074
7075
7076
7077
7078
7079
7080
7081
7082
7083
7084
7085
7086
7087
7088
7089
7090
7091
7092
7093
7094
7095
7096
7097
7098
7099
7100
7101
7102
7103
7104
7105
7106
7107
7108
7109
7110
7111
7112
7113
7114
7115
7116
7117
7118
7119
7120
7121
7122
7123
7124
7125
7126
7127
7128
7129
7130
7131
7132
7133
7134
7135
7136
7137
7138
7139
7140
7141
7142
7143
7144
7145
7146
7147
7148
7149
7150
7151
7152
7153
7154
7155
7156
7157
7158
7159
7160
7161
7162
7163
7164
7165
7166
7167
7168
7169
7170
7171
7172
7173
7174
7175
7176
7177
7178
7179
7180
7181
7182
7183
7184
7185
7186
7187
7188
7189
7190
7191
7192
7193
7194
7195
7196
7197
7198
7199
7200
7201
7202
7203
7204
7205
7206
7207
7208
7209
7210
7211
7212
7213
7214
7215
7216
7217
7218
7219
7220
7221
7222
7223
7224
7225
7226
7227
7228
7229
7230
7231
7232
7233
7234
7235
7236
7237
7238
7239
7240
7241
7242
7243
7244
7245
7246
7247
7248
7249
7250
7251
7252
7253
7254
7255
7256
7257
7258
7259
7260
7261
7262
7263
7264
7265
7266
7267
7268
7269
7270
7271
7272
7273
7274
7275
7276
7277
7278
7279
7280
7281
7282
7283
7284
7285
7286
7287
7288
7289
7290
7291
7292
7293
7294
7295
7296
7297
7298
7299
7300
7301
7302
7303
7304
7305
7306
7307
7308
7309
7310
7311
7312
7313
7314
7315
7316
7317
7318
7319
7320
7321
7322
7323
7324
7325
7326
7327
7328
7329
7330
7331
7332
7333
7334
7335
7336
7337
7338
7339
7340
7341
7342
7343
7344
7345
7346
7347
7348
7349
7350
7351
7352
7353
7354
7355
7356
7357
7358
7359
7360
7361
7362
7363
7364
7365
7366
7367
7368
7369
7370
7371
7372
7373
7374
7375
7376
7377
7378
7379
7380
7381
7382
7383
7384
7385
7386
7387
7388
7389
7390
7391
7392
7393
7394
7395
7396
7397
7398
7399
7400
7401
7402
7403
7404
7405
7406
7407
7408
7409
7410
7411
7412
7413
7414
7415
7416
7417
7418
7419
7420
7421
7422
7423
7424
7425
7426
7427
7428
7429
7430
7431
7432
7433
7434
7435
7436
7437
7438
7439
7440
7441
7442
7443
7444
7445
7446
7447
7448
7449
7450
7451
7452
7453
7454
7455
7456
7457
7458
7459
7460
7461
7462
7463
7464
7465
7466
7467
7468
7469
7470
7471
7472
7473
7474
7475
7476
7477
7478
7479
7480
7481
7482
7483
7484
7485
7486
7487
7488
7489
7490
7491
7492
7493
7494
7495
7496
7497
7498
7499
7500
7501
7502
7503
7504
7505
7506
7507
7508
7509
7510
7511
7512
7513
7514
7515
7516
7517
7518
7519
7520
7521
7522
7523
7524
7525
7526
7527
7528
7529
7530
7531
7532
7533
7534
7535
7536
7537
7538
7539
7540
7541
7542
7543
7544
7545
7546
7547
7548
7549
7550
7551
7552
7553
7554
7555
7556
7557
7558
7559
7560
7561
7562
7563
7564
7565
7566
7567
7568
7569
7570
7571
7572
7573
7574
7575
7576
7577
7578
7579
7580
7581
7582
7583
7584
7585
7586
7587
7588
7589
7590
7591
7592
7593
7594
7595
7596
7597
7598
7599
7600
7601
7602
7603
7604
7605
7606
7607
7608
7609
7610
7611
7612
7613
7614
7615
7616
7617
7618
7619
7620
7621
7622
7623
7624
7625
7626
7627
7628
7629
7630
7631
7632
7633
7634
7635
7636
7637
7638
7639
7640
7641
7642
7643
7644
7645
7646
7647
7648
7649
7650
7651
7652
7653
7654
7655
7656
7657
7658
7659
7660
7661
7662
7663
7664
7665
7666
7667
7668
7669
7670
7671
7672
7673
7674
7675
7676
7677
7678
7679
7680
7681
7682
7683
7684
7685
7686
7687
7688
7689
7690
7691
7692
7693
7694
7695
7696
7697
7698
7699
7700
7701
7702
7703
7704
7705
7706
7707
7708
7709
7710
7711
7712
7713
7714
7715
7716
7717
7718
7719
7720
7721
7722
7723
7724
7725
7726
7727
7728
7729
7730
7731
7732
7733
7734
7735
7736
7737
7738
7739
7740
7741
7742
7743
7744
7745
7746
7747
7748
7749
7750
7751
7752
7753
7754
7755
7756
7757
7758
7759
7760
7761
7762
7763
7764
7765
7766
7767
7768
7769
7770
7771
7772
7773
7774
7775
7776
7777
7778
7779
7780
7781
7782
7783
7784
7785
7786
7787
7788
7789
7790
7791
7792
7793
7794
7795
7796
7797
7798
7799
7800
7801
7802
7803
7804
7805
7806
7807
7808
7809
7810
7811
7812
7813
7814
7815
7816
7817
7818
7819
7820
7821
7822
7823
7824
7825
7826
7827
7828
7829
7830
7831
7832
7833
7834
7835
7836
7837
7838
7839
7840
7841
7842
7843
7844
7845
7846
7847
7848
7849
7850
7851
7852
7853
7854
7855
7856
7857
7858
7859
7860
7861
7862
7863
7864
7865
7866
7867
7868
7869
7870
7871
7872
7873
7874
7875
7876
7877
7878
7879
7880
7881
7882
7883
7884
7885
7886
7887
7888
7889
7890
7891
7892
7893
7894
7895
7896
7897
7898
7899
7900
7901
7902
7903
7904
7905
7906
7907
7908
7909
7910
7911
7912
7913
7914
7915
7916
7917
7918
7919
7920
7921
7922
7923
7924
7925
7926
7927
7928
7929
7930
7931
7932
7933
7934
7935
7936
7937
7938
7939
7940
7941
7942
7943
7944
7945
7946
7947
7948
7949
7950
7951
7952
7953
7954
7955
7956
7957
7958
7959
7960
7961
7962
7963
7964
7965
7966
7967
7968
7969
7970
7971
7972
7973
7974
7975
7976
7977
7978
7979
7980
7981
7982
7983
7984
7985
7986
7987
7988
7989
7990
7991
7992
7993
7994
7995
7996
7997
7998
7999
8000
8001
8002
8003
8004
8005
8006
8007
8008
8009
8010
8011
8012
8013
8014
8015
8016
8017
8018
8019
8020
8021
8022
8023
8024
8025
8026
8027
8028
8029
8030
8031
8032
8033
8034
8035
8036
8037
8038
8039
8040
8041
8042
8043
8044
8045
8046
8047
8048
8049
8050
8051
8052
8053
8054
8055
8056
8057
8058
8059
8060
8061
8062
8063
8064
8065
8066
8067
8068
8069
8070
8071
8072
8073
8074
8075
8076
8077
8078
8079
8080
8081
8082
8083
8084
8085
8086
8087
8088
8089
8090
8091
8092
8093
8094
8095
8096
8097
8098
8099
8100
8101
8102
8103
8104
8105
8106
8107
8108
8109
8110
8111
8112
8113
8114
8115
8116
8117
8118
8119
8120
8121
8122
8123
8124
8125
8126
8127
8128
8129
8130
8131
8132
8133
8134
8135
8136
8137
8138
8139
8140
8141
8142
8143
8144
8145
8146
8147
8148
8149
8150
8151
8152
8153
8154
8155
8156
8157
8158
8159
8160
8161
8162
8163
8164
8165
8166
8167
8168
8169
8170
8171
8172
8173
8174
8175
8176
8177
8178
8179
8180
8181
8182
8183
8184
8185
8186
8187
8188
8189
8190
8191
8192
8193
8194
8195
8196
8197
8198
8199
8200
8201
8202
8203
8204
8205
8206
8207
8208
8209
8210
8211
8212
8213
8214
8215
8216
8217
8218
8219
8220
8221
8222
8223
8224
8225
8226
8227
8228
8229
8230
8231
8232
8233
8234
8235
8236
8237
8238
8239
8240
8241
8242
8243
8244
8245
8246
8247
8248
8249
8250
8251
8252
8253
8254
8255
8256
8257
8258
8259
8260
8261
8262
8263
8264
8265
8266
8267
8268
8269
8270
8271
8272
8273
8274
8275
8276
8277
8278
8279
8280
8281
8282
8283
8284
8285
8286
8287
8288
8289
8290
8291
8292
8293
8294
8295
8296
8297
8298
8299
8300
8301
8302
8303
8304
8305
8306
8307
8308
8309
8310
8311
8312
8313
8314
8315
8316
8317
8318
8319
8320
8321
8322
8323
8324
8325
8326
8327
8328
8329
8330
8331
8332
8333
8334
8335
8336
8337
8338
8339
8340
8341
8342
8343
8344
8345
8346
8347
8348
8349
8350
8351
8352
8353
8354
8355
8356
8357
8358
8359
8360
8361
8362
8363
8364
8365
8366
8367
8368
8369
8370
8371
8372
8373
8374
8375
8376
8377
8378
8379
8380
8381
8382
8383
8384
8385
8386
8387
8388
8389
8390
8391
8392
8393
8394
8395
8396
8397
8398
8399
8400
8401
8402
8403
8404
8405
8406
8407
8408
8409
8410
8411
8412
8413
8414
8415
8416
8417
8418
8419
8420
8421
8422
8423
8424
8425
8426
8427
8428
8429
8430
8431
8432
8433
8434
8435
8436
8437
8438
8439
8440
8441
8442
8443
8444
8445
8446
8447
8448
8449
8450
8451
8452
8453
8454
8455
8456
8457
8458
8459
8460
8461
8462
8463
8464
8465
8466
8467
8468
8469
8470
8471
8472
8473
8474
8475
8476
8477
8478
8479
8480
8481
8482
8483
8484
8485
8486
8487
8488
8489
8490
8491
8492
8493
8494
8495
8496
8497
8498
8499
8500
8501
8502
8503
8504
8505
8506
8507
8508
8509
8510
8511
8512
8513
8514
8515
8516
8517
8518
8519
8520
8521
8522
8523
8524
8525
8526
8527
8528
8529
8530
8531
8532
8533
8534
8535
8536
8537
8538
8539
8540
8541
8542
8543
8544
8545
8546
8547
8548
8549
8550
8551
8552
8553
8554
8555
8556
8557
8558
8559
8560
8561
8562
8563
8564
8565
8566
8567
8568
8569
8570
8571
8572
8573
8574
8575
8576
8577
8578
8579
8580
8581
8582
8583
8584
8585
8586
8587
8588
8589
8590
8591
8592
8593
8594
8595
8596
8597
8598
8599
8600
8601
8602
8603
8604
8605
8606
8607
8608
8609
8610
8611
8612
8613
8614
8615
8616
8617
8618
8619
8620
8621
8622
8623
8624
8625
8626
8627
8628
8629
8630
8631
8632
8633
8634
8635
8636
8637
8638
8639
8640
8641
8642
8643
8644
8645
8646
8647
8648
8649
8650
8651
8652
8653
8654
8655
8656
8657
8658
8659
8660
8661
8662
8663
8664
8665
8666
8667
8668
8669
8670
8671
8672
8673
8674
8675
8676
8677
8678
8679
8680
8681
8682
8683
8684
8685
8686
8687
8688
8689
8690
8691
8692
8693
8694
8695
8696
8697
8698
8699
8700
8701
8702
8703
8704
8705
8706
8707
8708
8709
8710
8711
8712
8713
8714
8715
8716
8717
8718
8719
8720
8721
8722
8723
8724
8725
8726
8727
8728
8729
8730
8731
8732
8733
8734
8735
8736
8737
8738
8739
8740
8741
8742
8743
8744
8745
8746
8747
8748
8749
8750
8751
8752
8753
8754
8755
8756
8757
8758
8759
8760
8761
8762
8763
8764
8765
8766
8767
8768
8769
8770
8771
8772
8773
8774
8775
8776
8777
8778
8779
8780
8781
8782
8783
8784
8785
8786
8787
8788
8789
8790
8791
8792
8793
8794
8795
8796
8797
8798
8799
8800
8801
8802
8803
8804
8805
8806
8807
8808
8809
8810
8811
8812
8813
8814
8815
8816
8817
8818
8819
8820
8821
8822
8823
8824
8825
8826
8827
8828
8829
8830
8831
8832
8833
8834
8835
8836
8837
8838
8839
8840
8841
8842
8843
8844
8845
8846
8847
8848
8849
8850
8851
8852
8853
8854
8855
8856
8857
8858
8859
8860
8861
8862
8863
8864
8865
8866
8867
8868
8869
8870
8871
8872
8873
8874
8875
8876
8877
8878
8879
8880
8881
8882
8883
8884
8885
8886
8887
8888
8889
8890
8891
8892
8893
8894
8895
8896
8897
8898
8899
8900
8901
8902
8903
8904
8905
8906
8907
8908
8909
8910
8911
8912
8913
8914
8915
8916
8917
8918
8919
8920
8921
8922
8923
8924
8925
8926
8927
8928
8929
8930
8931
8932
8933
8934
8935
8936
8937
8938
8939
8940
8941
8942
8943
8944
8945
8946
8947
8948
8949
8950
8951
8952
8953
8954
8955
8956
8957
8958
8959
8960
8961
8962
8963
8964
8965
8966
8967
8968
8969
8970
8971
8972
8973
8974
8975
8976
8977
8978
8979
8980
8981
8982
8983
8984
8985
8986
8987
8988
8989
8990
8991
8992
8993
8994
8995
8996
8997
8998
8999
9000
9001
9002
9003
9004
9005
9006
9007
9008
9009
9010
9011
9012
9013
9014
9015
9016
9017
9018
9019
9020
9021
9022
9023
9024
9025
9026
9027
9028
9029
9030
9031
9032
9033
9034
9035
9036
9037
9038
9039
9040
9041
9042
9043
9044
9045
9046
9047
9048
9049
9050
9051
9052
9053
9054
9055
9056
9057
9058
9059
9060
9061
9062
9063
9064
9065
9066
9067
9068
9069
9070
9071
9072
9073
9074
9075
9076
9077
9078
9079
9080
9081
9082
9083
9084
9085
9086
9087
9088
9089
9090
9091
9092
9093
9094
9095
9096
9097
9098
9099
9100
9101
9102
9103
9104
9105
9106
9107
9108
9109
9110
9111
9112
9113
9114
9115
9116
9117
9118
9119
9120
9121
9122
9123
9124
9125
9126
9127
9128
9129
9130
9131
9132
9133
9134
9135
9136
9137
9138
9139
9140
9141
9142
9143
9144
9145
9146
9147
9148
9149
9150
9151
9152
9153
9154
9155
9156
9157
9158
9159
9160
9161
9162
9163
9164
9165
9166
9167
9168
9169
9170
9171
9172
9173
9174
9175
9176
9177
9178
9179
9180
9181
9182
9183
9184
9185
9186
9187
9188
9189
9190
9191
9192
9193
9194
9195
9196
9197
9198
9199
9200
9201
9202
9203
9204
9205
9206
9207
9208
9209
9210
9211
9212
9213
9214
9215
9216
9217
9218
9219
9220
9221
9222
9223
9224
9225
9226
9227
9228
9229
9230
9231
9232
9233
9234
9235
9236
9237
9238
9239
9240
9241
9242
9243
9244
9245
9246
9247
9248
9249
9250
9251
9252
9253
9254
9255
9256
9257
9258
9259
9260
9261
9262
9263
9264
9265
9266
9267
9268
9269
9270
9271
9272
9273
9274
9275
9276
9277
9278
9279
9280
9281
9282
9283
9284
9285
9286
9287
9288
9289
9290
9291
9292
9293
9294
9295
9296
9297
9298
9299
9300
9301
9302
9303
9304
9305
9306
9307
9308
9309
9310
9311
9312
9313
9314
9315
9316
9317
9318
9319
9320
9321
9322
9323
9324
9325
9326
9327
9328
9329
9330
9331
9332
9333
9334
9335
9336
9337
9338
9339
9340
9341
9342
9343
9344
9345
9346
9347
9348
9349
9350
9351
9352
9353
9354
9355
9356
9357
9358
9359
9360
9361
9362
9363
9364
9365
9366
9367
9368
9369
9370
9371
9372
9373
9374
9375
9376
9377
9378
9379
9380
9381
9382
9383
9384
9385
9386
9387
9388
9389
9390
9391
9392
9393
9394
9395
9396
9397
9398
9399
9400
9401
9402
9403
9404
9405
9406
9407
9408
9409
9410
9411
9412
9413
9414
9415
9416
9417
9418
9419
9420
9421
9422
9423
9424
9425
9426
9427
9428
9429
9430
9431
9432
9433
9434
9435
9436
9437
9438
9439
9440
9441
9442
9443
9444
9445
9446
9447
9448
9449
9450
9451
9452
9453
9454
9455
9456
9457
9458
9459
9460
9461
9462
9463
9464
9465
9466
9467
9468
9469
9470
9471
9472
9473
9474
9475
9476
9477
9478
9479
9480
9481
9482
9483
9484
9485
9486
9487
9488
9489
9490
9491
9492
9493
9494
9495
9496
9497
9498
9499
9500
9501
9502
9503
9504
9505
9506
9507
9508
9509
9510
9511
9512
9513
9514
9515
9516
9517
9518
9519
9520
9521
9522
9523
9524
9525
9526
9527
9528
9529
9530
9531
9532
9533
9534
9535
9536
9537
9538
9539
9540
9541
9542
9543
9544
9545
9546
9547
9548
9549
9550
9551
9552
9553
9554
9555
9556
9557
9558
9559
9560
9561
9562
9563
9564
9565
9566
9567
9568
9569
9570
9571
9572
9573
9574
9575
9576
9577
9578
9579
9580
9581
9582
9583
9584
9585
9586
9587
9588
9589
9590
9591
9592
9593
9594
9595
9596
9597
9598
9599
9600
9601
9602
9603
9604
9605
9606
9607
9608
9609
9610
9611
9612
9613
9614
9615
9616
9617
9618
9619
9620
9621
9622
9623
9624
9625
9626
9627
9628
9629
9630
9631
9632
9633
9634
9635
9636
9637
9638
9639
9640
9641
9642
9643
9644
9645
9646
9647
9648
9649
9650
9651
9652
9653
9654
9655
9656
9657
9658
9659
9660
9661
9662
9663
9664
9665
9666
9667
9668
9669
9670
9671
9672
9673
9674
9675
9676
9677
9678
9679
9680
9681
9682
9683
9684
9685
9686
9687
9688
9689
9690
9691
9692
9693
9694
9695
9696
9697
9698
9699
9700
9701
9702
9703
9704
9705
9706
9707
9708
9709
9710
9711
9712
9713
9714
9715
9716
9717
9718
9719
9720
9721
9722
9723
9724
9725
9726
9727
9728
9729
9730
9731
9732
9733
9734
9735
9736
9737
9738
9739
9740
9741
9742
9743
9744
9745
9746
9747
9748
9749
9750
9751
9752
9753
9754
9755
9756
9757
9758
9759
9760
9761
9762
9763
9764
9765
9766
9767
9768
9769
9770
9771
9772
9773
9774
9775
9776
9777
9778
9779
9780
9781
9782
9783
9784
9785
9786
9787
9788
9789
9790
9791
9792
9793
9794
9795
9796
9797
9798
9799
9800
9801
9802
9803
9804
9805
9806
9807
9808
9809
9810
9811
9812
9813
9814
9815
9816
9817
9818
9819
9820
9821
9822
9823
9824
9825
9826
9827
9828
9829
9830
9831
9832
9833
9834
9835
9836
9837
9838
9839
9840
9841
9842
9843
9844
9845
9846
9847
9848
9849
9850
9851
9852
9853
9854
9855
9856
9857
9858
9859
9860
9861
9862
9863
9864
9865
9866
9867
9868
9869
9870
9871
9872
9873
9874
9875
9876
9877
9878
9879
9880
9881
9882
9883
9884
9885
9886
9887
9888
9889
9890
9891
9892
9893
9894
9895
9896
9897
9898
9899
9900
9901
9902
9903
9904
9905
9906
9907
9908
9909
9910
9911
9912
9913
9914
9915
9916
9917
9918
9919
9920
9921
9922
9923
9924
9925
9926
9927
9928
9929
9930
9931
9932
9933
9934
9935
9936
9937
9938
9939
9940
9941
9942
9943
9944
9945
9946
9947
9948
9949
9950
9951
9952
9953
9954
9955
9956
9957
9958
9959
9960
9961
9962
9963
9964
9965
9966
9967
9968
9969
9970
9971
9972
9973
9974
9975
9976
9977
9978
9979
9980
9981
9982
9983
9984
9985
9986
9987
9988
9989
9990
9991
9992
9993
9994
9995
9996
9997
9998
9999
10000
10001
10002
10003
10004
10005
10006
10007
10008
10009
10010
10011
10012
10013
10014
10015
10016
10017
10018
10019
10020
10021
10022
10023
10024
10025
10026
10027
10028
10029
10030
10031
10032
10033
10034
10035
10036
10037
10038
10039
10040
10041
10042
10043
10044
10045
10046
10047
10048
10049
10050
10051
10052
10053
10054
10055
10056
10057
10058
10059
10060
10061
10062
10063
10064
10065
10066
10067
10068
10069
10070
10071
10072
10073
10074
10075
10076
10077
10078
10079
10080
10081
10082
10083
10084
10085
10086
10087
10088
10089
10090
10091
10092
10093
10094
10095
10096
10097
10098
10099
10100
10101
10102
10103
10104
10105
10106
10107
10108
10109
10110
10111
10112
10113
10114
10115
10116
10117
10118
10119
10120
10121
10122
10123
10124
10125
10126
10127
10128
10129
10130
10131
10132
10133
10134
10135
10136
10137
10138
10139
10140
10141
10142
10143
10144
10145
10146
10147
10148
10149
10150
10151
10152
10153
10154
10155
10156
10157
10158
10159
10160
10161
10162
10163
10164
10165
10166
10167
10168
10169
10170
10171
10172
10173
10174
10175
10176
10177
10178
10179
10180
10181
10182
10183
10184
10185
10186
10187
10188
10189
10190
10191
10192
10193
10194
10195
10196
10197
10198
10199
10200
10201
10202
10203
10204
10205
10206
10207
10208
10209
10210
10211
10212
10213
10214
10215
10216
10217
10218
10219
10220
10221
10222
10223
10224
10225
10226
10227
10228
10229
10230
10231
10232
10233
10234
10235
10236
10237
10238
10239
10240
10241
10242
10243
10244
10245
10246
10247
10248
10249
10250
10251
19.89999999999999 4.899999999999848 0
19.9 4.799999999999698 0
19.89999999999998 4.699999999999546 0
19.89999999999999 4.599999999999395 0
19.89999999999998 4.499999999999243 0
19.89999999999997 4.399999999999093 0
19.89999999999998 4.299999999998942 0
19.89999999999997 4.199999999998789 0
19.89999999999998 4.099999999998639 0
19.89999999999997 3.999999999998487 0
19.89999999999997 3.899999999998335 0
19.89999999999996 3.799999999998184 0
19.89999999999996 3.699999999998033 0
19.89999999999995 3.599999999997881 0
19.89999999999995 3.499999999997729 0
19.89999999999995 3.399999999997578 0
19.89999999999995 3.299999999997426 0
19.89999999999994 3.199999999997276 0
19.89999999999994 3.099999999997125 0
19.89999999999994 2.999999999996973 0
19.89999999999994 2.899999999996822 0
19.89999999999993 2.79999999999667 0
19.89999999999993 2.699999999996519 0
19.89999999999993 2.599999999996367 0
19.89999999999992 2.499999999996216 0
19.89999999999992 2.399999999996065 0
19.89999999999992 2.299999999995913 0
19.89999999999992 2.199999999995762 0
19.89999999999991 2.099999999995611 0
19.89999999999991 1.999999999995528 0
19.8999999999999 1.899999999995802 0
19.8999999999999 1.799999999996092 0
19.8999999999999 1.699999999996383 0
19.8999999999999 1.599999999996673 0
19.89999999999989 1.499999999996964 0
19.89999999999988 1.399999999997254 0
19.89999999999989 1.299999999997544 0
19.89999999999989 1.199999999997835 0
19.89999999999988 1.099999999998126 0
19.89999999999988 0.9999999999984169 0
19.89999999999987 0.8999999999987076 0
19.89999999999987 0.7999999999989985 0
19.89999999999987 0.6999999999992892 0
19.89999999999987 0.5999999999995168 0
19.89999999999986 0.4999999999995947 0
19.89999999999986 0.3999999999996646 0
19.89999999999986 0.2999999999997345 0
19.89999999999986 0.1999999999998341 0
19.89999999999985 0.09999999999992804 0
19.8 4.899999999999849 0
19.79999999999999 4.799999999999699 0
19.79999999999998 4.699999999999547 0
19.79999999999998 4.599999999999399 0
19.79999999999997 4.499999999999246 0
19.79999999999996 4.399999999999096 0
19.79999999999996 4.299999999998946 0
19.79999999999995 4.199999999998795 0
19.79999999999995 4.099999999998645 0
19.79999999999995 3.999999999998495 0
19.79999999999993 3.899999999998344 0
19.79999999999993 3.799999999998194 0
19.79999999999992 3.699999999998043 0
19.79999999999991 3.599999999997892 0
19.79999999999991 3.499999999997741 0
19.7999999999999 3.39999999999759 0
19.7999999999999 3.29999999999744 0
19.79999999999989 3.199999999997289 0
19.79999999999989 3.099999999997139 0
19.79999999999987 2.999999999996988 0
19.79999999999988 2.899999999996837 0
19.79999999999986 2.799999999996687 0
19.79999999999986 2.699999999996535 0
19.79999999999986 2.599999999996386 0
19.79999999999985 2.499999999996235 0
19.79999999999985 2.399999999996085 0
19.79999999999983 2.299999999995935 0
19.79999999999983 2.199999999995783 0
19.79999999999983 2.099999999995633 0
19.79999999999982 1.99999999999555 0
19.79999999999981 1.899999999995823 0
19.7999999999998 1.799999999996112 0
19.79999999999981 1.699999999996401 0
19.7999999999998 1.59999999999669 0
19.79999999999979 1.499999999996979 0
19.79999999999978 1.399999999997268 0
19.79999999999978 1.299999999997556 0
19.79999999999977 1.199999999997846 0
19.79999999999976 1.099999999998136 0
19.79999999999976 0.9999999999984246 0
19.79999999999975 0.8999999999987141 0
19.79999999999975 0.7999999999990036 0
19.79999999999974 0.6999999999992927 0
19.79999999999973 0.5999999999995194 0
19.79999999999973 0.4999999999995967 0
19.79999999999972 0.3999999999996662 0
19.79999999999972 0.2999999999997358 0
19.79999999999971 0.1999999999998349 0
19.79999999999971 0.0999999999999284 0
19.69999999999999 4.899999999999849 0
19.69999999999997 4.7999999999997 0
19.69999999999997 4.699999999999552 0
19.69999999999996 4.5999999999994 0
19.69999999999995 4.49999999999925 0
19.69999999999994 4.3999999999991 0
19.69999999999994 4.299999999998953 0
19.69999999999993 4.199999999998801 0
19.69999999999992 4.099999999998652 0
19.69999999999991 3.999999999998502 0
19.6999999999999 3.899999999998352 0
19.69999999999989 3.799999999998202 0
19.69999999999989 3.699999999998053 0
19.69999999999987 3.599999999997903 0
19.69999999999986 3.499999999997752 0
19.69999999999986 3.399999999997602 0
19.69999999999985 3.299999999997453 0
19.69999999999984 3.199999999997303 0
19.69999999999983 3.099999999997154 0
19.69999999999982 2.999999999997004 0
19.69999999999981 2.899999999996854 0
19.69999999999979 2.799999999996704 0
19.69999999999979 2.699999999996553 0
19.69999999999979 2.599999999996405 0
19.69999999999977 2.499999999996254 0
19.69999999999976 2.399999999996104 0
19.69999999999976 2.299999999995955 0
19.69999999999974 2.199999999995804 0
19.69999999999973 2.099999999995655 0
19.69999999999973 1.999999999995574 0
19.69999999999972 1.899999999995844 0
19.6999999999997 1.799999999996131 0
19.6999999999997 1.699999999996419 0
19.69999999999969 1.599999999996707 0
19.69999999999968 1.499999999996994 0
19.69999999999967 1.399999999997282 0
19.69999999999967 1.299999999997569 0
19.69999999999965 1.199999999997857 0
19.69999999999964 1.099999999998145 0
19.69999999999963 0.9999999999984327 0
19.69999999999963 0.8999999999987208 0
19.69999999999962 0.7999999999990086 0
19.6999999999996 0.6999999999992965 0
19.69999999999961 0.5999999999995219 0
19.69999999999959 0.4999999999995988 0
19.69999999999958 0.399999999999668 0
19.69999999999957 0.2999999999997371 0
19.69999999999957 0.1999999999998358 0
19.69999999999956 0.09999999999992876 0
19.59999999999998 4.899999999999852 0
19.59999999999997 4.799999999999702 0
19.59999999999996 4.699999999999553 0
19.59999999999996 4.599999999999404 0
19.59999999999994 4.499999999999256 0
19.59999999999993 4.399999999999107 0
19.59999999999991 4.299999999998955 0
19.5999999999999 4.199999999998807 0
19.59999999999989 4.099999999998659 0
19.59999999999988 3.999999999998509 0
19.59999999999987 3.89999999999836 0
19.59999999999985 3.799999999998211 0
19.59999999999984 3.699999999998062 0
19.59999999999983 3.599999999997914 0
19.59999999999982 3.499999999997764 0
19.59999999999981 3.399999999997614 0
19.59999999999979 3.299999999997465 0
19.59999999999978 3.199999999997317 0
19.59999999999977 3.099999999997168 0
19.59999999999976 2.999999999997019 0
19.59999999999975 2.89999999999687 0
19.59999999999973 2.799999999996721 0
19.59999999999972 2.69999999999657 0
19.59999999999971 2.599999999996422 0
19.5999999999997 2.499999999996273 0
19.59999999999968 2.399999999996124 0
19.59999999999967 2.299999999995976 0
19.59999999999966 2.199999999995826 0
19.59999999999965 2.099999999995677 0
19.59999999999964 1.999999999995596 0
19.59999999999962 1.899999999995865 0
19.59999999999961 1.799999999996151 0
19.5999999999996 1.699999999996437 0
19.59999999999959 1.599999999996723 0
19.59999999999957 1.49999999999701 0
19.59999999999957 1.399999999997296 0
19.59999999999955 1.299999999997581 0
19.59999999999954 1.199999999997868 0
19.59999999999953 1.099999999998154 0
19.59999999999951 0.9999999999984405 0
19.5999999999995 0.8999999999987272 0
19.59999999999949 0.7999999999990138 0
19.59999999999948 0.6999999999992998 0
19.59999999999946 0.5999999999995242 0
19.59999999999945 0.4999999999996008 0
19.59999999999944 0.3999999999996697 0
19.59999999999942 0.2999999999997386 0
19.59999999999942 0.1999999999998365 0
19.59999999999941 0.09999999999992909 0
19.49999999999999 4.899999999999852 0
19.49999999999997 4.799999999999703 0
19.49999999999996 4.699999999999555 0
19.49999999999994 4.599999999999407 0
19.49999999999992 4.499999999999258 0
19.49999999999991 4.39999999999911 0
19.49999999999989 4.299999999998962 0
19.49999999999988 4.199999999998812 0
19.49999999999986 4.099999999998666 0
19.49999999999985 3.999999999998518 0
19.49999999999984 3.899999999998368 0
19.49999999999982 3.799999999998221 0
19.4999999999998 3.699999999998072 0
19.49999999999979 3.599999999997924 0
19.49999999999977 3.499999999997775 0
19.49999999999976 3.399999999997627 0
19.49999999999974 3.299999999997479 0
19.49999999999973 3.19999999999733 0
19.49999999999972 3.099999999997183 0
19.4999999999997 2.999999999997034 0
19.49999999999968 2.899999999996886 0
19.49999999999967 2.799999999996738 0
19.49999999999965 2.699999999996589 0
19.49999999999964 2.59999999999644 0
19.49999999999962 2.499999999996293 0
19.49999999999961 2.399999999996144 0
19.49999999999959 2.299999999995996 0
19.49999999999958 2.199999999995847 0
19.49999999999956 2.099999999995699 0
19.49999999999955 1.999999999995618 0
19.49999999999953 1.899999999995886 0
19.49999999999952 1.799999999996171 0
19.4999999999995 1.699999999996455 0
19.49999999999948 1.59999999999674 0
19.49999999999947 1.499999999997025 0
19.49999999999945 1.399999999997309 0
19.49999999999944 1.299999999997594 0
19.49999999999942 1.199999999997878 0
19.49999999999941 1.099999999998164 0
19.4999999999994 0.9999999999984486 0
19.49999999999938 0.8999999999987336 0
19.49999999999937 0.7999999999990187 0
19.49999999999936 0.6999999999993036 0
19.49999999999934 0.5999999999995267 0
19.49999999999932 0.4999999999996029 0
19.4999999999993 0.3999999999996713 0
19.49999999999929 0.2999999999997398 0
19.49999999999927 0.1999999999998374 0
19.49999999999926 0.09999999999992948 0
19.39999999999998 4.899999999999853 0
19.39999999999997 4.799999999999706 0
19.39999999999995 4.699999999999557 0
19.39999999999993 4.599999999999412 0
19.39999999999992 4.499999999999265 0
19.39999999999989 4.399999999999114 0
19.39999999999988 4.299999999998967 0
19.39999999999986 4.19999999999882 0
19.39999999999984 4.099999999998674 0
19.39999999999982 3.999999999998524 0
19.3999999999998 3.899999999998377 0
19.39999999999979 3.79999999999823 0
19.39999999999976 3.699999999998082 0
19.39999999999974 3.599999999997935 0
19.39999999999973 3.499999999997786 0
19.39999999999971 3.399999999997639 0
19.3999999999997 3.299999999997492 0
19.39999999999968 3.199999999997344 0
19.39999999999965 3.099999999997197 0
19.39999999999964 2.999999999997049 0
19.39999999999961 2.899999999996901 0
19.3999999999996 2.799999999996754 0
19.39999999999958 2.699999999996606 0
19.39999999999956 2.599999999996459 0
19.39999999999954 2.499999999996311 0
19.39999999999953 2.399999999996163 0
19.39999999999951 2.299999999996016 0
19.39999999999949 2.199999999995868 0
19.39999999999947 2.099999999995721 0
19.39999999999946 1.999999999995641 0
19.39999999999943 1.899999999995907 0
19.39999999999942 1.79999999999619 0
19.3999999999994 1.699999999996473 0
19.39999999999938 1.599999999996757 0
19.39999999999936 1.49999999999704 0
19.39999999999934 1.399999999997323 0
19.39999999999933 1.299999999997606 0
19.39999999999931 1.19999999999789 0
19.39999999999929 1.099999999998173 0
19.39999999999927 0.9999999999984566 0
19.39999999999926 0.8999999999987401 0
19.39999999999923 0.7999999999990235 0
19.39999999999922 0.6999999999993072 0
19.3999999999992 0.5999999999995291 0
19.39999999999919 0.4999999999996049 0
19.39999999999916 0.3999999999996731 0
19.39999999999914 0.2999999999997411 0
19.39999999999913 0.1999999999998383 0
19.39999999999911 0.09999999999992985 0
19.29999999999998 4.899999999999853 0
19.29999999999996 4.799999999999706 0
19.29999999999993 4.699999999999559 0
19.2999999999999 4.599999999999414 0
19.29999999999988 4.499999999999267 0
19.29999999999987 4.399999999999118 0
19.29999999999985 4.299999999998972 0
19.29999999999983 4.199999999998827 0
19.29999999999981 4.09999999999868 0
19.29999999999979 3.999999999998532 0
19.29999999999977 3.899999999998385 0
19.29999999999975 3.799999999998239 0
19.29999999999973 3.699999999998092 0
19.2999999999997 3.599999999997946 0
19.29999999999968 3.499999999997799 0
19.29999999999966 3.399999999997652 0
19.29999999999964 3.299999999997504 0
19.29999999999962 3.199999999997358 0
19.29999999999959 3.099999999997212 0
19.29999999999957 2.999999999997065 0
19.29999999999956 2.899999999996917 0
19.29999999999953 2.799999999996771 0
19.29999999999951 2.699999999996624 0
19.29999999999949 2.599999999996477 0
19.29999999999947 2.49999999999633 0
19.29999999999944 2.399999999996183 0
19.29999999999942 2.299999999996037 0
19.2999999999994 2.19999999999589 0
19.29999999999938 2.099999999995743 0
19.29999999999936 1.999999999995663 0
19.29999999999934 1.899999999995929 0
19.29999999999932 1.79999999999621 0
19.2999999999993 1.699999999996492 0
19.29999999999928 1.599999999996774 0
19.29999999999925 1.499999999997055 0
19.29999999999923 1.399999999997337 0
19.29999999999921 1.299999999997619 0
19.29999999999919 1.199999999997901 0
19.29999999999918 1.099999999998183 0
19.29999999999915 0.9999999999984647 0
19.29999999999913 0.8999999999987465 0
19.2999999999991 0.7999999999990288 0
19.29999999999909 0.6999999999993107 0
19.29999999999906 0.5999999999995316 0
19.29999999999905 0.4999999999996069 0
19.29999999999902 0.3999999999996746 0
19.299999999999 0.2999999999997425 0
19.29999999999898 0.1999999999998391 0
19.29999999999896 0.09999999999993021 0
19.19999999999997 4.899999999999855 0
19.19999999999995 4.799999999999709 0
19.19999999999993 4.699999999999563 0
19.1999999999999 4.599999999999417 0
19.19999999999988 4.499999999999271 0
19.19999999999986 4.399999999999125 0
19.19999999999983 4.299999999998978 0
19.19999999999981 4.19999999999883 0
19.19999999999978 4.099999999998686 0
19.19999999999976 3.999999999998541 0
19.19999999999973 3.899999999998394 0
19.19999999999971 3.799999999998247 0
19.19999999999969 3.699999999998102 0
19.19999999999966 3.599999999997956 0
19.19999999999963 3.499999999997809 0
19.19999999999962 3.399999999997663 0
19.19999999999958 3.299999999997516 0
19.19999999999956 3.199999999997371 0
19.19999999999954 3.099999999997226 0
19.19999999999951 2.999999999997079 0
19.19999999999949 2.899999999996933 0
19.19999999999946 2.799999999996788 0
19.19999999999944 2.699999999996641 0
19.19999999999942 2.599999999996495 0
19.19999999999939 2.49999999999635 0
19.19999999999937 2.399999999996203 0
19.19999999999934 2.299999999996058 0
19.19999999999932 2.199999999995911 0
19.1999999999993 2.099999999995764 0
19.19999999999927 1.999999999995686 0
19.19999999999925 1.899999999995949 0
19.19999999999922 1.799999999996229 0
19.1999999999992 1.69999999999651 0
19.19999999999917 1.59999999999679 0
19.19999999999915 1.499999999997071 0
19.19999999999912 1.399999999997351 0
19.1999999999991 1.299999999997631 0
19.19999999999908 1.199999999997911 0
19.19999999999905 1.099999999998192 0
19.19999999999903 0.9999999999984726 0
19.199999999999 0.8999999999987531 0
19.19999999999898 0.7999999999990338 0
19.19999999999895 0.6999999999993143 0
19.19999999999893 0.5999999999995341 0
19.19999999999891 0.499999999999609 0
19.19999999999888 0.3999999999996764 0
19.19999999999885 0.2999999999997439 0
19.19999999999883 0.1999999999998399 0
19.19999999999881 0.09999999999993053 0
19.09999999999998 4.899999999999856 0
19.09999999999994 4.799999999999709 0
19.09999999999992 4.699999999999566 0
19.09999999999989 4.599999999999421 0
19.09999999999987 4.499999999999274 0
19.09999999999984 4.399999999999129 0
19.09999999999981 4.299999999998985 0
19.09999999999977 4.199999999998838 0
19.09999999999975 4.099999999998693 0
19.09999999999973 3.999999999998547 0
19.0999999999997 3.899999999998403 0
19.09999999999967 3.799999999998258 0
19.09999999999965 3.699999999998112 0
19.09999999999962 3.599999999997967 0
19.09999999999959 3.499999999997822 0
19.09999999999957 3.399999999997675 0
19.09999999999954 3.299999999997531 0
19.09999999999951 3.199999999997385 0
19.09999999999948 3.09999999999724 0
19.09999999999945 2.999999999997095 0
19.09999999999943 2.899999999996949 0
19.0999999999994 2.799999999996805 0
19.09999999999938 2.699999999996658 0
19.09999999999935 2.599999999996513 0
19.09999999999932 2.499999999996368 0
19.09999999999929 2.399999999996223 0
19.09999999999926 2.299999999996078 0
19.09999999999924 2.199999999995932 0
19.09999999999921 2.099999999995788 0
19.09999999999918 1.999999999995708 0
19.09999999999916 1.899999999995971 0
19.09999999999913 1.799999999996249 0
19.0999999999991 1.699999999996528 0
19.09999999999907 1.599999999996807 0
19.09999999999905 1.499999999997086 0
19.09999999999902 1.399999999997365 0
19.09999999999899 1.299999999997643 0
19.09999999999897 1.199999999997922 0
19.09999999999894 1.099999999998201 0
19.09999999999891 0.9999999999984805 0
19.09999999999888 0.8999999999987598 0
19.09999999999885 0.7999999999990386 0
19.09999999999882 0.6999999999993177 0
19.09999999999879 0.5999999999995365 0
19.09999999999877 0.499999999999611 0
19.09999999999874 0.3999999999996781 0
19.09999999999872 0.2999999999997451 0
19.0999999999987 0.1999999999998408 0
19.09999999999866 0.09999999999993091 0
18.99999999999997 4.899999999999856 0
18.99999999999994 4.79999999999971 0
18.99999999999991 4.699999999999566 0
18.99999999999988 4.599999999999421 0
18.99999999999985 4.499999999999278 0
18.99999999999982 4.399999999999133 0
18.99999999999979 4.299999999998988 0
18.99999999999976 4.199999999998845 0
18.99999999999973 4.0999999999987 0
18.99999999999969 3.999999999998555 0
18.99999999999967 3.899999999998411 0
18.99999999999964 3.799999999998266 0
18.9999999999996 3.699999999998122 0
18.99999999999957 3.599999999997977 0
18.99999999999955 3.499999999997832 0
18.99999999999952 3.399999999997687 0
18.99999999999948 3.299999999997544 0
18.99999999999946 3.199999999997399 0
18.99999999999942 3.099999999997255 0
18.99999999999939 2.99999999999711 0
18.99999999999937 2.899999999996965 0
18.99999999999932 2.799999999996821 0
18.9999999999993 2.699999999996675 0
18.99999999999927 2.599999999996532 0
18.99999999999924 2.499999999996387 0
18.99999999999921 2.399999999996242 0
18.99999999999918 2.299999999996098 0
18.99999999999915 2.199999999995954 0
18.99999999999912 2.099999999995809 0
18.99999999999909 1.999999999995731 0
18.99999999999905 1.899999999995992 0
18.99999999999903 1.799999999996269 0
18.999999999999 1.699999999996546 0
18.99999999999897 1.599999999996824 0
18.99999999999893 1.499999999997101 0
18.99999999999891 1.399999999997378 0
18.99999999999888 1.299999999997656 0
18.99999999999884 1.199999999997933 0
18.99999999999881 1.099999999998211 0
18.99999999999878 0.9999999999984885 0
18.99999999999876 0.899999999998766 0
18.99999999999872 0.799999999999044 0
18.99999999999869 0.6999999999993214 0
18.99999999999866 0.5999999999995389 0
18.99999999999863 0.4999999999996131 0
18.9999999999986 0.3999999999996797 0
18.99999999999857 0.2999999999997465 0
18.99999999999854 0.1999999999998416 0
18.99999999999851 0.09999999999993125 0
18.89999999999997 4.899999999999856 0
18.89999999999993 4.799999999999712 0
18.8999999999999 4.699999999999569 0
18.89999999999987 4.599999999999425 0
18.89999999999984 4.499999999999281 0
18.8999999999998 4.399999999999139 0
18.89999999999976 4.299999999998994 0
18.89999999999974 4.19999999999885 0
18.8999999999997 4.099999999998707 0
18.89999999999967 3.999999999998564 0
18.89999999999964 3.899999999998418 0
18.8999999999996 3.799999999998275 0
18.89999999999957 3.699999999998131 0
18.89999999999954 3.599999999997988 0
18.8999999999995 3.499999999997844 0
18.89999999999947 3.3999999999977 0
18.89999999999943 3.299999999997556 0
18.8999999999994 3.199999999997412 0
18.89999999999937 3.099999999997269 0
18.89999999999933 2.999999999997125 0
18.8999999999993 2.899999999996981 0
18.89999999999927 2.799999999996837 0
18.89999999999923 2.699999999996693 0
18.8999999999992 2.59999999999655 0
18.89999999999917 2.499999999996406 0
18.89999999999913 2.399999999996263 0
18.8999999999991 2.299999999996119 0
18.89999999999907 2.199999999995975 0
18.89999999999903 2.099999999995832 0
18.899999999999 1.999999999995753 0
18.89999999999897 1.899999999996013 0
18.89999999999894 1.799999999996289 0
18.8999999999989 1.699999999996564 0
18.89999999999887 1.59999999999684 0
18.89999999999883 1.499999999997116 0
18.8999999999988 1.399999999997392 0
18.89999999999876 1.299999999997668 0
18.89999999999873 1.199999999997944 0
18.8999999999987 1.09999999999822 0
18.89999999999866 0.9999999999984965 0
18.89999999999863 0.8999999999987727 0
18.8999999999986 0.7999999999990489 0
18.89999999999856 0.6999999999993252 0
18.89999999999853 0.5999999999995411 0
18.8999999999985 0.4999999999996151 0
18.89999999999846 0.3999999999996816 0
18.89999999999843 0.2999999999997478 0
18.8999999999984 0.1999999999998424 0
18.89999999999836 0.09999999999993164 0
18.79999999999996 4.899999999999856 0
18.79999999999993 4.799999999999715 0
18.79999999999989 4.69999999999957 0
18.79999999999985 4.599999999999429 0
18.79999999999982 4.499999999999285 0
18.79999999999978 4.399999999999142 0
18.79999999999975 4.299999999998999 0
18.79999999999971 4.199999999998857 0
18.79999999999967 4.099999999998714 0
18.79999999999964 3.99999999999857 0
18.7999999999996 3.899999999998427 0
18.79999999999956 3.799999999998284 0
18.79999999999952 3.699999999998141 0
18.79999999999949 3.599999999997999 0
18.79999999999945 3.499999999997855 0
18.79999999999941 3.399999999997712 0
18.79999999999938 3.29999999999757 0
18.79999999999934 3.199999999997426 0
18.7999999999993 3.099999999997284 0
18.79999999999927 2.999999999997141 0
18.79999999999924 2.899999999996997 0
18.79999999999919 2.799999999996855 0
18.79999999999917 2.699999999996711 0
18.79999999999912 2.599999999996568 0
18.79999999999909 2.499999999996425 0
18.79999999999905 2.399999999996282 0
18.79999999999902 2.29999999999614 0
18.79999999999898 2.199999999995996 0
18.79999999999894 2.099999999995854 0
18.7999999999989 1.999999999995776 0
18.79999999999886 1.899999999996034 0
18.79999999999883 1.799999999996308 0
18.7999999999988 1.699999999996582 0
18.79999999999876 1.599999999996857 0
18.79999999999873 1.499999999997131 0
18.79999999999869 1.399999999997406 0
18.79999999999865 1.29999999999768 0
18.79999999999862 1.199999999997955 0
18.79999999999858 1.09999999999823 0
18.79999999999854 0.9999999999985044 0
18.79999999999851 0.899999999998779 0
18.79999999999846 0.7999999999990537 0
18.79999999999843 0.6999999999993287 0
18.79999999999839 0.5999999999995438 0
18.79999999999836 0.499999999999617 0
18.79999999999832 0.3999999999996831 0
18.79999999999828 0.2999999999997491 0
18.79999999999825 0.1999999999998433 0
18.79999999999821 0.099999999999932 0
18.69999999999996 4.899999999999858 0
18.69999999999993 4.799999999999716 0
18.69999999999988 4.699999999999573 0
18.69999999999984 4.599999999999432 0
18.6999999999998 4.499999999999289 0
18.69999999999976 4.399999999999146 0
18.69999999999973 4.299999999999006 0
18.69999999999969 4.199999999998862 0
18.69999999999964 4.099999999998722 0
18.6999999999996 3.999999999998578 0
18.69999999999956 3.899999999998436 0
18.69999999999952 3.799999999998294 0
18.69999999999948 3.699999999998151 0
18.69999999999945 3.59999999999801 0
18.69999999999941 3.499999999997866 0
18.69999999999937 3.399999999997725 0
18.69999999999933 3.299999999997583 0
18.69999999999929 3.19999999999744 0
18.69999999999925 3.099999999997299 0
18.69999999999921 2.999999999997155 0
18.69999999999917 2.899999999997013 0
18.69999999999913 2.799999999996871 0
18.69999999999909 2.699999999996729 0
18.69999999999905 2.599999999996587 0
18.69999999999901 2.499999999996444 0
18.69999999999897 2.399999999996302 0
18.69999999999893 2.29999999999616 0
18.69999999999889 2.199999999996018 0
18.69999999999885 2.099999999995876 0
18.69999999999881 1.999999999995798 0
18.69999999999878 1.899999999996055 0
18.69999999999873 1.799999999996328 0
18.69999999999869 1.699999999996601 0
18.69999999999865 1.599999999996874 0
18.69999999999862 1.499999999997147 0
18.69999999999857 1.39999999999742 0
18.69999999999853 1.299999999997693 0
18.6999999999985 1.199999999997966 0
18.69999999999845 1.099999999998239 0
18.69999999999842 0.9999999999985124 0
18.69999999999838 0.8999999999987857 0
18.69999999999834 0.7999999999990589 0
18.6999999999983 0.6999999999993324 0
18.69999999999827 0.599999999999546 0
18.69999999999822 0.4999999999996191 0
18.69999999999818 0.3999999999996848 0
18.69999999999813 0.2999999999997505 0
18.6999999999981 0.1999999999998441 0
18.69999999999807 0.09999999999993237 0
18.59999999999996 4.899999999999859 0
18.59999999999991 4.799999999999716 0
18.59999999999987 4.699999999999577 0
18.59999999999983 4.599999999999436 0
18.59999999999979 4.499999999999293 0
18.59999999999975 4.399999999999151 0
18.5999999999997 4.299999999999009 0
18.59999999999966 4.19999999999887 0
18.59999999999962 4.099999999998729 0
18.59999999999957 3.999999999998586 0
18.59999999999953 3.899999999998443 0
18.59999999999948 3.799999999998303 0
18.59999999999945 3.699999999998162 0
18.5999999999994 3.59999999999802 0
18.59999999999936 3.499999999997879 0
18.59999999999932 3.399999999997737 0
18.59999999999928 3.299999999997595 0
18.59999999999923 3.199999999997454 0
18.59999999999919 3.099999999997313 0
18.59999999999915 2.999999999997172 0
18.59999999999911 2.899999999997029 0
18.59999999999906 2.799999999996888 0
18.59999999999902 2.699999999996747 0
18.59999999999898 2.599999999996605 0
18.59999999999894 2.499999999996464 0
18.59999999999889 2.399999999996322 0
18.59999999999885 2.299999999996181 0
18.59999999999881 2.199999999996038 0
18.59999999999877 2.099999999995898 0
18.59999999999872 1.999999999995821 0
18.59999999999868 1.899999999996076 0
18.59999999999864 1.799999999996347 0
18.59999999999859 1.699999999996619 0
18.59999999999855 1.59999999999689 0
18.59999999999851 1.499999999997162 0
18.59999999999847 1.399999999997434 0
18.59999999999842 1.299999999997705 0
18.59999999999838 1.199999999997976 0
18.59999999999834 1.099999999998248 0
18.5999999999983 0.9999999999985202 0
18.59999999999825 0.8999999999987922 0
18.59999999999821 0.7999999999990641 0
18.59999999999817 0.6999999999993358 0
18.59999999999813 0.5999999999995487 0
18.59999999999809 0.4999999999996212 0
18.59999999999804 0.3999999999996863 0
18.599999999998 0.2999999999997518 0
18.59999999999796 0.1999999999998449 0
18.59999999999791 0.0999999999999327 0
18.49999999999996 4.899999999999859 0
18.49999999999991 4.799999999999718 0
18.49999999999988 4.699999999999577 0
18.49999999999982 4.599999999999438 0
18.49999999999977 4.499999999999296 0
18.49999999999973 4.399999999999157 0
18.49999999999968 4.299999999999017 0
18.49999999999964 4.199999999998875 0
18.49999999999959 4.099999999998736 0
18.49999999999955 3.999999999998594 0
18.4999999999995 3.899999999998452 0
18.49999999999946 3.799999999998312 0
18.4999999999994 3.699999999998171 0
18.49999999999936 3.599999999998031 0
18.49999999999932 3.499999999997889 0
18.49999999999927 3.399999999997748 0
18.49999999999923 3.299999999997608 0
18.49999999999918 3.199999999997468 0
18.49999999999913 3.099999999997327 0
18.49999999999909 2.999999999997187 0
18.49999999999904 2.899999999997044 0
18.499999999999 2.799999999996905 0
18.49999999999896 2.699999999996764 0
18.49999999999891 2.599999999996623 0
18.49999999999886 2.499999999996483 0
18.49999999999881 2.399999999996342 0
18.49999999999877 2.299999999996202 0
18.49999999999873 2.19999999999606 0
18.49999999999868 2.09999999999592 0
18.49999999999864 1.999999999995843 0
18.49999999999859 1.899999999996097 0
18.49999999999854 1.799999999996367 0
18.49999999999849 1.699999999996637 0
18.49999999999845 1.599999999996907 0
18.49999999999841 1.499999999997178 0
18.49999999999836 1.399999999997448 0
18.49999999999832 1.299999999997717 0
18.49999999999827 1.199999999997988 0
18.49999999999822 1.099999999998258 0
18.49999999999817 0.9999999999985281 0
18.49999999999813 0.8999999999987986 0
18.49999999999808 0.7999999999990689 0
18.49999999999804 0.6999999999993394 0
18.499999999998 0.5999999999995509 0
18.49999999999795 0.4999999999996232 0
18.4999999999979 0.3999999999996882 0
18.49999999999785 0.2999999999997531 0
18.49999999999782 0.1999999999998457 0
18.49999999999777 0.09999999999993309 0
18.39999999999995 4.899999999999859 0
18.39999999999991 4.79999999999972 0
18.39999999999986 4.69999999999958 0
18.39999999999981 4.599999999999441 0
18.39999999999976 4.4999999999993 0
18.39999999999971 4.39999999999916 0
18.39999999999966 4.29999999999902 0
18.39999999999962 4.19999999999888 0
18.39999999999957 4.099999999998743 0
18.39999999999952 3.9999999999986 0
18.39999999999947 3.899999999998461 0
18.39999999999942 3.799999999998321 0
18.39999999999937 3.699999999998182 0
18.39999999999932 3.599999999998041 0
18.39999999999927 3.4999999999979 0
18.39999999999922 3.399999999997761 0
18.39999999999918 3.299999999997621 0
18.39999999999912 3.19999999999748 0
18.39999999999908 3.099999999997342 0
18.39999999999903 2.999999999997202 0
18.39999999999898 2.899999999997061 0
18.39999999999893 2.799999999996922 0
18.39999999999888 2.699999999996781 0
18.39999999999884 2.599999999996641 0
18.39999999999879 2.499999999996501 0
18.39999999999874 2.399999999996361 0
18.39999999999869 2.299999999996222 0
18.39999999999864 2.199999999996081 0
18.39999999999859 2.099999999995942 0
18.39999999999854 1.999999999995866 0
18.3999999999985 1.899999999996118 0
18.39999999999845 1.799999999996387 0
18.3999999999984 1.699999999996655 0
18.39999999999835 1.599999999996924 0
18.3999999999983 1.499999999997193 0
18.39999999999825 1.399999999997461 0
18.3999999999982 1.299999999997729 0
18.39999999999815 1.199999999997998 0
18.39999999999811 1.099999999998267 0
18.39999999999806 0.9999999999985362 0
18.39999999999801 0.8999999999988051 0
18.39999999999796 0.799999999999074 0
18.39999999999791 0.6999999999993429 0
18.39999999999786 0.5999999999995533 0
18.39999999999782 0.4999999999996252 0
18.39999999999776 0.3999999999996898 0
18.39999999999772 0.2999999999997545 0
18.39999999999767 0.1999999999998466 0
18.39999999999761 0.09999999999993342 0
18.29999999999995 4.899999999999859 0
18.29999999999989 4.79999999999972 0
18.29999999999985 4.699999999999584 0
18.29999999999979 4.599999999999443 0
18.29999999999974 4.499999999999305 0
18.2999999999997 4.399999999999165 0
18.29999999999963 4.299999999999025 0
18.29999999999959 4.199999999998887 0
18.29999999999953 4.099999999998748 0
18.29999999999949 3.999999999998609 0
18.29999999999943 3.89999999999847 0
18.29999999999938 3.79999999999833 0
18.29999999999933 3.699999999998191 0
18.29999999999928 3.599999999998053 0
18.29999999999923 3.499999999997912 0
18.29999999999918 3.399999999997773 0
18.29999999999912 3.299999999997635 0
18.29999999999907 3.199999999997495 0
18.29999999999902 3.099999999997356 0
18.29999999999897 2.999999999997216 0
18.29999999999891 2.899999999997077 0
18.29999999999886 2.799999999996939 0
18.29999999999881 2.699999999996798 0
18.29999999999875 2.59999999999666 0
18.29999999999871 2.49999999999652 0
18.29999999999866 2.399999999996381 0
18.2999999999986 2.299999999996242 0
18.29999999999855 2.199999999996102 0
18.2999999999985 2.099999999995964 0
18.29999999999845 1.999999999995888 0
18.2999999999984 1.899999999996139 0
18.29999999999835 1.799999999996406 0
18.2999999999983 1.699999999996674 0
18.29999999999825 1.599999999996941 0
18.29999999999819 1.499999999997208 0
18.29999999999814 1.399999999997475 0
18.29999999999809 1.299999999997742 0
18.29999999999803 1.199999999998009 0
18.29999999999799 1.099999999998277 0
18.29999999999793 0.9999999999985442 0
18.29999999999788 0.8999999999988115 0
18.29999999999783 0.799999999999079 0
18.29999999999777 0.6999999999993464 0
18.29999999999773 0.5999999999995558 0
18.29999999999768 0.4999999999996274 0
18.29999999999762 0.3999999999996915 0
18.29999999999757 0.2999999999997558 0
18.29999999999752 0.1999999999998474 0
18.29999999999746 0.09999999999993378 0
18.19999999999994 4.899999999999862 0
18.19999999999989 4.799999999999724 0
18.19999999999984 4.699999999999585 0
18.19999999999978 4.599999999999447 0
18.19999999999973 4.499999999999309 0
18.19999999999967 4.399999999999171 0
18.19999999999962 4.299999999999031 0
18.19999999999956 4.199999999998893 0
18.19999999999951 4.099999999998755 0
18.19999999999946 3.999999999998616 0
18.1999999999994 3.899999999998478 0
18.19999999999934 3.799999999998339 0
18.19999999999929 3.699999999998202 0
18.19999999999924 3.599999999998063 0
18.19999999999918 3.499999999997924 0
18.19999999999913 3.399999999997785 0
18.19999999999907 3.299999999997647 0
18.19999999999902 3.199999999997509 0
18.19999999999896 3.09999999999737 0
18.1999999999989 2.999999999997232 0
18.19999999999886 2.899999999997093 0
18.19999999999879 2.799999999996956 0
18.19999999999875 2.699999999996816 0
18.19999999999869 2.599999999996678 0
18.19999999999863 2.49999999999654 0
18.19999999999858 2.399999999996402 0
18.19999999999852 2.299999999996263 0
18.19999999999847 2.199999999996123 0
18.19999999999842 2.099999999995986 0
18.19999999999836 1.99999999999591 0
18.1999999999983 1.899999999996161 0
18.19999999999825 1.799999999996426 0
18.19999999999819 1.699999999996692 0
18.19999999999813 1.599999999996957 0
18.19999999999808 1.499999999997223 0
18.19999999999803 1.399999999997489 0
18.19999999999798 1.299999999997755 0
18.19999999999792 1.19999999999802 0
18.19999999999786 1.099999999998287 0
18.19999999999781 0.999999999998552 0
18.19999999999775 0.8999999999988181 0
18.1999999999977 0.799999999999084 0
18.19999999999765 0.69999999999935 0
18.19999999999759 0.5999999999995582 0
18.19999999999753 0.4999999999996293 0
18.19999999999748 0.3999999999996933 0
18.19999999999743 0.2999999999997571 0
18.19999999999736 0.1999999999998483 0
18.19999999999731 0.09999999999993416 0
18.09999999999995 4.899999999999864 0
18.09999999999988 4.799999999999724 0
18.09999999999982 4.699999999999586 0
18.09999999999977 4.59999999999945 0
18.09999999999971 4.499999999999312 0
18.09999999999966 4.399999999999175 0
18.0999999999996 4.299999999999038 0
18.09999999999954 4.199999999998898 0
18.09999999999948 4.099999999998762 0
18.09999999999943 3.999999999998624 0
18.09999999999936 3.899999999998486 0
18.09999999999931 3.799999999998347 0
18.09999999999925 3.699999999998211 0
18.09999999999919 3.599999999998074 0
18.09999999999914 3.499999999997936 0
18.09999999999908 3.399999999997797 0
18.09999999999902 3.29999999999766 0
18.09999999999896 3.199999999997522 0
18.0999999999989 3.099999999997384 0
18.09999999999885 2.999999999997247 0
18.09999999999879 2.899999999997108 0
18.09999999999873 2.799999999996972 0
18.09999999999867 2.699999999996833 0
18.09999999999862 2.599999999996696 0
18.09999999999856 2.499999999996558 0
18.0999999999985 2.399999999996421 0
18.09999999999845 2.299999999996283 0
18.09999999999839 2.199999999996144 0
18.09999999999832 2.099999999996008 0
18.09999999999827 1.999999999995933 0
18.09999999999821 1.899999999996182 0
18.09999999999815 1.799999999996446 0
18.0999999999981 1.69999999999671 0
18.09999999999804 1.599999999996974 0
18.09999999999798 1.499999999997238 0
18.09999999999792 1.399999999997503 0
18.09999999999787 1.299999999997767 0
18.09999999999781 1.199999999998031 0
18.09999999999775 1.099999999998295 0
18.09999999999769 0.99999999999856 0
18.09999999999764 0.8999999999988247 0
18.09999999999758 0.7999999999990891 0
18.09999999999753 0.6999999999993536 0
18.09999999999746 0.5999999999995607 0
18.0999999999974 0.4999999999996313 0
18.09999999999734 0.3999999999996949 0
18.09999999999728 0.2999999999997585 0
18.09999999999722 0.1999999999998491 0
18.09999999999717 0.09999999999993453 0
17.99999999999994 4.899999999999864 0
17.99999999999988 4.799999999999726 0
17.99999999999983 4.699999999999589 0
17.99999999999977 4.599999999999454 0
17.9999999999997 4.499999999999317 0
17.99999999999964 4.399999999999178 0
17.99999999999958 4.299999999999041 0
17.99999999999951 4.199999999998904 0
17.99999999999946 4.099999999998768 0
17.9999999999994 3.999999999998631 0
17.99999999999934 3.899999999998495 0
17.99999999999928 3.799999999998357 0
17.99999999999922 3.699999999998221 0
17.99999999999915 3.599999999998084 0
17.99999999999909 3.499999999997947 0
17.99999999999903 3.399999999997809 0
17.99999999999897 3.299999999997672 0
17.99999999999891 3.199999999997535 0
17.99999999999885 3.099999999997399 0
17.99999999999879 2.999999999997262 0
17.99999999999873 2.899999999997126 0
17.99999999999866 2.799999999996988 0
17.9999999999986 2.699999999996851 0
17.99999999999855 2.599999999996714 0
17.99999999999849 2.499999999996577 0
17.99999999999842 2.399999999996441 0
17.99999999999837 2.299999999996305 0
17.9999999999983 2.199999999996167 0
17.99999999999823 2.099999999996029 0
17.99999999999818 1.999999999995955 0
17.99999999999812 1.899999999996202 0
17.99999999999806 1.799999999996465 0
17.999999999998 1.699999999996728 0
17.99999999999793 1.59999999999699 0
17.99999999999787 1.499999999997254 0
17.99999999999781 1.399999999997517 0
17.99999999999775 1.299999999997779 0
17.9999999999977 1.199999999998042 0
17.99999999999762 1.099999999998305 0
17.99999999999757 0.9999999999985679 0
17.99999999999751 0.8999999999988311 0
17.99999999999745 0.7999999999990942 0
17.99999999999739 0.699999999999357 0
17.99999999999733 0.5999999999995631 0
17.99999999999727 0.4999999999996333 0
17.9999999999972 0.3999999999996965 0
17.99999999999714 0.2999999999997598 0
17.99999999999709 0.1999999999998499 0
17.99999999999702 0.09999999999993485 0
17.89999999999994 4.899999999999863 0
17.89999999999987 4.799999999999727 0
17.89999999999982 4.699999999999591 0
17.89999999999975 4.599999999999458 0
17.89999999999969 4.499999999999321 0
17.89999999999961 4.399999999999183 0
17.89999999999955 4.299999999999048 0
17.89999999999949 4.199999999998911 0
17.89999999999943 4.099999999998775 0
17.89999999999937 3.99999999999864 0
17.8999999999993 3.899999999998503 0
17.89999999999923 3.799999999998367 0
17.89999999999917 3.699999999998231 0
17.89999999999911 3.599999999998095 0
17.89999999999905 3.499999999997958 0
17.89999999999898 3.399999999997822 0
17.89999999999892 3.299999999997686 0
17.89999999999885 3.199999999997549 0
17.89999999999879 3.099999999997415 0
17.89999999999873 2.999999999997278 0
17.89999999999867 2.899999999997142 0
17.89999999999859 2.799999999997006 0
17.89999999999853 2.699999999996869 0
17.89999999999847 2.599999999996733 0
17.89999999999841 2.499999999996597 0
17.89999999999834 2.39999999999646 0
17.89999999999828 2.299999999996325 0
17.89999999999822 2.199999999996188 0
17.89999999999815 2.099999999996052 0
17.89999999999809 1.999999999995978 0
17.89999999999802 1.899999999996224 0
17.89999999999796 1.799999999996485 0
17.8999999999979 1.699999999996746 0
17.89999999999783 1.599999999997007 0
17.89999999999777 1.499999999997269 0
17.89999999999771 1.39999999999753 0
17.89999999999764 1.299999999997792 0
17.89999999999758 1.199999999998053 0
17.89999999999751 1.099999999998314 0
17.89999999999745 0.999999999998576 0
17.89999999999738 0.8999999999988375 0
17.89999999999732 0.7999999999990992 0
17.89999999999726 0.6999999999993607 0
17.89999999999719 0.5999999999995655 0
17.89999999999713 0.4999999999996354 0
17.89999999999706 0.3999999999996983 0
17.899999999997 0.2999999999997612 0
17.89999999999694 0.1999999999998507 0
17.89999999999687 0.09999999999993525 0
17.79999999999994 4.899999999999864 0
17.79999999999987 4.79999999999973 0
17.7999999999998 4.699999999999594 0
17.79999999999974 4.599999999999459 0
17.79999999999967 4.499999999999324 0
17.7999999999996 4.399999999999189 0
17.79999999999953 4.299999999999051 0
17.79999999999947 4.199999999998917 0
17.79999999999941 4.099999999998782 0
17.79999999999933 3.999999999998647 0
17.79999999999927 3.89999999999851 0
17.7999999999992 3.799999999998376 0
17.79999999999913 3.699999999998239 0
17.79999999999907 3.599999999998105 0
17.799999999999 3.499999999997969 0
17.79999999999893 3.399999999997835 0
17.79999999999886 3.299999999997698 0
17.7999999999988 3.199999999997564 0
17.79999999999873 3.099999999997429 0
17.79999999999866 2.999999999997292 0
17.79999999999859 2.899999999997157 0
17.79999999999853 2.799999999997022 0
17.79999999999847 2.699999999996886 0
17.79999999999839 2.59999999999675 0
17.79999999999833 2.499999999996616 0
17.79999999999827 2.39999999999648 0
17.7999999999982 2.299999999996345 0
17.79999999999812 2.199999999996209 0
17.79999999999806 2.099999999996073 0
17.799999999998 1.999999999996001 0
17.79999999999793 1.899999999996245 0
17.79999999999786 1.799999999996505 0
17.7999999999978 1.699999999996764 0
17.79999999999773 1.599999999997024 0
17.79999999999766 1.499999999997284 0
17.79999999999759 1.399999999997544 0
17.79999999999752 1.299999999997804 0
17.79999999999746 1.199999999998064 0
17.79999999999739 1.099999999998324 0
17.79999999999733 0.999999999998584 0
17.79999999999726 0.8999999999988442 0
17.79999999999719 0.7999999999991042 0
17.79999999999712 0.6999999999993642 0
17.79999999999706 0.599999999999568 0
17.79999999999699 0.4999999999996375 0
17.79999999999692 0.3999999999996999 0
17.79999999999686 0.2999999999997625 0
17.79999999999679 0.1999999999998516 0
17.79999999999672 0.09999999999993558 0
17.69999999999993 4.899999999999864 0
17.69999999999986 4.799999999999731 0
17.69999999999979 4.699999999999594 0
17.69999999999972 4.599999999999461 0
17.69999999999965 4.499999999999328 0
17.69999999999959 4.399999999999192 0
17.69999999999952 4.299999999999059 0
17.69999999999945 4.199999999998923 0
17.69999999999937 4.099999999998789 0
17.6999999999993 3.999999999998654 0
17.69999999999923 3.89999999999852 0
17.69999999999916 3.799999999998385 0
17.69999999999909 3.69999999999825 0
17.69999999999903 3.599999999998116 0
17.69999999999895 3.499999999997981 0
17.69999999999888 3.399999999997845 0
17.69999999999881 3.299999999997712 0
17.69999999999874 3.199999999997576 0
17.69999999999867 3.099999999997443 0
17.69999999999861 2.999999999997308 0
17.69999999999854 2.899999999997173 0
17.69999999999846 2.799999999997039 0
17.6999999999984 2.699999999996903 0
17.69999999999832 2.599999999996769 0
17.69999999999825 2.499999999996634 0
17.69999999999818 2.3999999999965 0
17.69999999999811 2.299999999996365 0
17.69999999999804 2.19999999999623 0
17.69999999999797 2.099999999996096 0
17.6999999999979 1.999999999996023 0
17.69999999999783 1.899999999996266 0
17.69999999999776 1.799999999996524 0
17.69999999999769 1.699999999996782 0
17.69999999999763 1.599999999997041 0
17.69999999999756 1.499999999997299 0
17.69999999999748 1.399999999997558 0
17.69999999999741 1.299999999997816 0
17.69999999999734 1.199999999998075 0
17.69999999999727 1.099999999998333 0
17.69999999999721 0.9999999999985919 0
17.69999999999713 0.8999999999988504 0
17.69999999999706 0.7999999999991093 0
17.69999999999699 0.6999999999993678 0
17.69999999999692 0.5999999999995704 0
17.69999999999685 0.4999999999996395 0
17.69999999999678 0.3999999999997016 0
17.69999999999671 0.2999999999997638 0
17.69999999999664 0.1999999999998524 0
17.69999999999657 0.09999999999993595 0
17.59999999999993 4.899999999999867 0
17.59999999999985 4.799999999999732 0
17.59999999999979 4.699999999999598 0
17.59999999999971 4.599999999999464 0
17.59999999999964 4.499999999999332 0
17.59999999999956 4.399999999999196 0
17.59999999999949 4.299999999999063 0
17.59999999999941 4.19999999999893 0
17.59999999999934 4.099999999998796 0
17.59999999999927 3.999999999998662 0
17.5999999999992 3.899999999998529 0
17.59999999999913 3.799999999998394 0
17.59999999999906 3.699999999998261 0
17.59999999999898 3.599999999998127 0
17.59999999999891 3.499999999997992 0
17.59999999999883 3.399999999997858 0
17.59999999999876 3.299999999997725 0
17.59999999999869 3.19999999999759 0
17.59999999999862 3.099999999997457 0
17.59999999999854 2.999999999997323 0
17.59999999999847 2.899999999997189 0
17.59999999999839 2.799999999997056 0
17.59999999999832 2.699999999996921 0
17.59999999999825 2.599999999996788 0
17.59999999999818 2.499999999996653 0
17.5999999999981 2.39999999999652 0
17.59999999999803 2.299999999996386 0
17.59999999999796 2.199999999996251 0
17.59999999999788 2.099999999996118 0
17.59999999999781 1.999999999996045 0
17.59999999999773 1.899999999996287 0
17.59999999999766 1.799999999996544 0
17.59999999999759 1.699999999996801 0
17.59999999999752 1.599999999997058 0
17.59999999999744 1.499999999997314 0
17.59999999999737 1.399999999997572 0
17.59999999999729 1.299999999997828 0
17.59999999999722 1.199999999998085 0
17.59999999999715 1.099999999998342 0
17.59999999999708 0.9999999999985998 0
17.59999999999701 0.899999999998857 0
17.59999999999693 0.7999999999991142 0
17.59999999999686 0.6999999999993713 0
17.59999999999678 0.5999999999995727 0
17.59999999999671 0.4999999999996415 0
17.59999999999664 0.3999999999997033 0
17.59999999999657 0.2999999999997651 0
17.5999999999965 0.1999999999998533 0
17.59999999999643 0.09999999999993631 0
17.49999999999993 4.899999999999867 0
17.49999999999985 4.799999999999734 0
17.49999999999978 4.699999999999601 0
17.4999999999997 4.599999999999468 0
17.49999999999962 4.499999999999336 0
17.49999999999955 4.399999999999201 0
17.49999999999947 4.299999999999069 0
17.4999999999994 4.199999999998937 0
17.49999999999932 4.099999999998803 0
17.49999999999925 3.999999999998669 0
17.49999999999917 3.899999999998537 0
17.49999999999909 3.799999999998403 0
17.49999999999901 3.69999999999827 0
17.49999999999893 3.599999999998137 0
17.49999999999886 3.499999999998004 0
17.49999999999878 3.39999999999787 0
17.49999999999871 3.299999999997738 0
17.49999999999864 3.199999999997604 0
17.49999999999856 3.099999999997471 0
17.49999999999848 2.999999999997339 0
17.49999999999841 2.899999999997205 0
17.49999999999833 2.799999999997073 0
17.49999999999826 2.699999999996939 0
17.49999999999817 2.599999999996805 0
17.4999999999981 2.499999999996673 0
17.49999999999802 2.39999999999654 0
17.49999999999795 2.299999999996407 0
17.49999999999788 2.199999999996272 0
17.4999999999978 2.099999999996141 0
17.49999999999772 1.999999999996068 0
17.49999999999765 1.899999999996308 0
17.49999999999756 1.799999999996563 0
17.49999999999749 1.699999999996819 0
17.49999999999742 1.599999999997074 0
17.49999999999734 1.49999999999733 0
17.49999999999726 1.399999999997585 0
17.49999999999719 1.299999999997841 0
17.49999999999711 1.199999999998096 0
17.49999999999704 1.099999999998352 0
17.49999999999696 0.9999999999986078 0
17.49999999999689 0.8999999999988635 0
17.49999999999681 0.7999999999991193 0
17.49999999999673 0.6999999999993751 0
17.49999999999665 0.5999999999995753 0
17.49999999999659 0.4999999999996435 0
17.4999999999965 0.399999999999705 0
17.49999999999643 0.2999999999997666 0
17.49999999999635 0.1999999999998541 0
17.49999999999628 0.09999999999993667 0
17.39999999999992 4.899999999999866 0
17.39999999999985 4.799999999999736 0
17.39999999999977 4.699999999999601 0
17.39999999999969 4.599999999999471 0
17.39999999999961 4.499999999999339 0
17.39999999999953 4.399999999999206 0
17.39999999999946 4.299999999999073 0
17.39999999999937 4.199999999998941 0
17.3999999999993 4.099999999998811 0
17.39999999999921 3.999999999998678 0
17.39999999999914 3.899999999998545 0
17.39999999999906 3.799999999998412 0
17.39999999999898 3.69999999999828 0
17.3999999999989 3.599999999998149 0
17.39999999999883 3.499999999998016 0
17.39999999999874 3.399999999997882 0
17.39999999999866 3.29999999999775 0
17.39999999999858 3.199999999997618 0
17.3999999999985 3.099999999997486 0
17.39999999999843 2.999999999997354 0
17.39999999999834 2.899999999997221 0
17.39999999999827 2.79999999999709 0
17.39999999999819 2.699999999996956 0
17.3999999999981 2.599999999996824 0
17.39999999999803 2.499999999996692 0
17.39999999999795 2.39999999999656 0
17.39999999999787 2.299999999996427 0
17.39999999999779 2.199999999996294 0
17.39999999999771 2.099999999996163 0
17.39999999999763 1.99999999999609 0
17.39999999999755 1.89999999999633 0
17.39999999999747 1.799999999996583 0
17.39999999999739 1.699999999996837 0
17.39999999999732 1.599999999997091 0
17.39999999999724 1.499999999997345 0
17.39999999999715 1.3999999999976 0
17.39999999999709 1.299999999997853 0
17.399999999997 1.199999999998107 0
17.39999999999692 1.099999999998361 0
17.39999999999684 0.9999999999986158 0
17.39999999999675 0.8999999999988699 0
17.39999999999668 0.7999999999991245 0
17.39999999999661 0.6999999999993788 0
17.39999999999652 0.5999999999995776 0
17.39999999999644 0.4999999999996456 0
17.39999999999636 0.3999999999997066 0
17.39999999999629 0.2999999999997678 0
17.3999999999962 0.199999999999855 0
17.39999999999613 0.09999999999993703 0
17.29999999999992 4.899999999999869 0
17.29999999999985 4.799999999999739 0
17.29999999999976 4.699999999999605 0
17.29999999999968 4.599999999999476 0
17.2999999999996 4.499999999999343 0
17.29999999999951 4.39999999999921 0
17.29999999999943 4.299999999999081 0
17.29999999999935 4.199999999998948 0
17.29999999999926 4.099999999998817 0
17.29999999999918 3.999999999998685 0
17.2999999999991 3.899999999998554 0
17.29999999999902 3.799999999998422 0
17.29999999999893 3.69999999999829 0
17.29999999999885 3.599999999998158 0
17.29999999999877 3.499999999998026 0
17.29999999999869 3.399999999997895 0
17.29999999999861 3.299999999997764 0
17.29999999999852 3.199999999997631 0
17.29999999999844 3.099999999997501 0
17.29999999999836 2.999999999997369 0
17.29999999999828 2.899999999997237 0
17.2999999999982 2.799999999997105 0
17.29999999999811 2.699999999996974 0
17.29999999999803 2.599999999996842 0
17.29999999999794 2.49999999999671 0
17.29999999999787 2.399999999996579 0
17.29999999999778 2.299999999996448 0
17.2999999999977 2.199999999996315 0
17.29999999999762 2.099999999996184 0
17.29999999999754 1.999999999996113 0
17.29999999999745 1.89999999999635 0
17.29999999999737 1.799999999996603 0
17.29999999999728 1.699999999996855 0
17.29999999999721 1.599999999997108 0
17.29999999999712 1.499999999997361 0
17.29999999999704 1.399999999997613 0
17.29999999999696 1.299999999997866 0
17.29999999999688 1.199999999998118 0
17.2999999999968 1.099999999998371 0
17.29999999999672 0.9999999999986235 0
17.29999999999663 0.8999999999988767 0
17.29999999999655 0.7999999999991293 0
17.29999999999647 0.6999999999993823 0
17.29999999999639 0.59999999999958 0
17.29999999999631 0.4999999999996477 0
17.29999999999622 0.3999999999997084 0
17.29999999999614 0.2999999999997691 0
17.29999999999606 0.1999999999998557 0
17.29999999999598 0.09999999999993739 0
17.19999999999991 4.89999999999987 0
17.19999999999984 4.799999999999737 0
17.19999999999975 4.699999999999608 0
17.19999999999966 4.599999999999478 0
17.19999999999957 4.499999999999345 0
17.19999999999949 4.399999999999215 0
17.1999999999994 4.299999999999083 0
17.19999999999932 4.199999999998954 0
17.19999999999923 4.099999999998825 0
17.19999999999915 3.999999999998692 0
17.19999999999907 3.899999999998562 0
17.19999999999898 3.79999999999843 0
17.1999999999989 3.6999999999983 0
17.19999999999882 3.599999999998169 0
17.19999999999873 3.499999999998038 0
17.19999999999864 3.399999999997907 0
17.19999999999856 3.299999999997776 0
17.19999999999847 3.199999999997645 0
17.19999999999838 3.099999999997515 0
17.1999999999983 2.999999999997384 0
17.19999999999822 2.899999999997253 0
17.19999999999812 2.799999999997123 0
17.19999999999804 2.699999999996991 0
17.19999999999796 2.599999999996861 0
17.19999999999787 2.49999999999673 0
17.19999999999779 2.399999999996599 0
17.1999999999977 2.299999999996468 0
17.19999999999762 2.199999999996337 0
17.19999999999753 2.099999999996207 0
17.19999999999745 1.999999999996135 0
17.19999999999736 1.899999999996372 0
17.19999999999727 1.799999999996622 0
17.1999999999972 1.699999999996874 0
17.19999999999711 1.599999999997125 0
17.19999999999702 1.499999999997375 0
17.19999999999694 1.399999999997627 0
17.19999999999685 1.299999999997878 0
17.19999999999677 1.199999999998129 0
17.19999999999668 1.09999999999838 0
17.1999999999966 0.9999999999986315 0
17.19999999999651 0.899999999998883 0
17.19999999999643 0.7999999999991344 0
17.19999999999634 0.6999999999993858 0
17.19999999999625 0.5999999999995826 0
17.19999999999617 0.4999999999996497 0
17.19999999999608 0.39999999999971 0
17.199999999996 0.2999999999997705 0
17.19999999999591 0.1999999999998566 0
17.19999999999583 0.09999999999993775 0
17.09999999999992 4.899999999999871 0
17.09999999999983 4.79999999999974 0
17.09999999999974 4.699999999999608 0
17.09999999999965 4.59999999999948 0
17.09999999999957 4.499999999999349 0
17.09999999999948 4.399999999999221 0
17.09999999999938 4.299999999999091 0
17.0999999999993 4.19999999999896 0
17.09999999999922 4.099999999998832 0
17.09999999999912 3.999999999998699 0
17.09999999999904 3.899999999998569 0
17.09999999999894 3.79999999999844 0
17.09999999999886 3.69999999999831 0
17.09999999999877 3.59999999999818 0
17.09999999999868 3.499999999998049 0
17.09999999999859 3.399999999997919 0
17.0999999999985 3.299999999997789 0
17.09999999999842 3.199999999997659 0
17.09999999999832 3.09999999999753 0
17.09999999999824 2.999999999997399 0
17.09999999999815 2.899999999997269 0
17.09999999999806 2.799999999997139 0
17.09999999999798 2.699999999997009 0
17.09999999999788 2.599999999996879 0
17.0999999999978 2.499999999996748 0
17.09999999999771 2.399999999996618 0
17.09999999999762 2.299999999996489 0
17.09999999999753 2.199999999996358 0
17.09999999999744 2.099999999996228 0
17.09999999999736 1.999999999996158 0
17.09999999999727 1.899999999996392 0
17.09999999999718 1.799999999996642 0
17.09999999999709 1.699999999996892 0
17.099999999997 1.599999999997142 0
17.09999999999692 1.499999999997391 0
17.09999999999683 1.39999999999764 0
17.09999999999673 1.29999999999789 0
17.09999999999665 1.199999999998139 0
17.09999999999656 1.099999999998389 0
17.09999999999647 0.9999999999986396 0
17.09999999999638 0.8999999999988895 0
17.0999999999963 0.7999999999991396 0
17.09999999999621 0.6999999999993893 0
17.09999999999612 0.5999999999995849 0
17.09999999999603 0.4999999999996517 0
17.09999999999594 0.3999999999997117 0
17.09999999999586 0.2999999999997718 0
17.09999999999577 0.1999999999998574 0
17.09999999999568 0.09999999999993812 0
16.99999999999991 4.899999999999871 0
16.99999999999982 4.799999999999741 0
16.99999999999973 4.699999999999612 0
16.99999999999964 4.599999999999484 0
16.99999999999955 4.499999999999355 0
16.99999999999946 4.399999999999224 0
16.99999999999937 4.299999999999095 0
16.99999999999928 4.199999999998965 0
16.99999999999918 4.099999999998837 0
16.99999999999909 3.999999999998708 0
16.999999999999 3.899999999998578 0
16.99999999999891 3.799999999998449 0
16.99999999999882 3.69999999999832 0
16.99999999999873 3.599999999998191 0
16.99999999999863 3.499999999998061 0
16.99999999999855 3.39999999999793 0
16.99999999999845 3.299999999997802 0
16.99999999999837 3.199999999997673 0
16.99999999999827 3.099999999997544 0
16.99999999999818 2.999999999997415 0
16.99999999999809 2.899999999997285 0
16.999999999998 2.799999999997156 0
16.9999999999979 2.699999999997027 0
16.99999999999782 2.599999999996896 0
16.99999999999772 2.499999999996767 0
16.99999999999763 2.399999999996639 0
16.99999999999754 2.29999999999651 0
16.99999999999745 2.199999999996379 0
16.99999999999736 2.099999999996251 0
16.99999999999726 1.99999999999618 0
16.99999999999718 1.899999999996413 0
16.99999999999708 1.799999999996662 0
16.99999999999699 1.69999999999691 0
16.9999999999969 1.599999999997159 0
16.99999999999681 1.499999999997406 0
16.99999999999672 1.399999999997654 0
16.99999999999662 1.299999999997902 0
16.99999999999654 1.199999999998151 0
16.99999999999644 1.099999999998399 0
16.99999999999635 0.9999999999986475 0
16.99999999999626 0.8999999999988961 0
16.99999999999617 0.7999999999991444 0
16.99999999999608 0.6999999999993932 0
16.99999999999599 0.5999999999995874 0
16.9999999999959 0.4999999999996537 0
16.99999999999581 0.3999999999997134 0
16.99999999999572 0.2999999999997731 0
16.99999999999563 0.1999999999998583 0
16.99999999999553 0.09999999999993847 0
16.89999999999992 4.899999999999872 0
16.89999999999982 4.799999999999745 0
16.89999999999973 4.699999999999616 0
16.89999999999963 4.599999999999485 0
16.89999999999954 4.499999999999359 0
16.89999999999944 4.399999999999228 0
16.89999999999935 4.299999999999102 0
16.89999999999925 4.199999999998973 0
16.89999999999916 4.099999999998844 0
16.89999999999906 3.999999999998715 0
16.89999999999897 3.899999999998587 0
16.89999999999888 3.799999999998458 0
16.89999999999878 3.69999999999833 0
16.89999999999868 3.599999999998201 0
16.89999999999859 3.499999999998072 0
16.89999999999849 3.399999999997944 0
16.8999999999984 3.299999999997815 0
16.8999999999983 3.199999999997686 0
16.89999999999822 3.099999999997558 0
16.89999999999812 2.999999999997429 0
16.89999999999802 2.8999999999973 0
16.89999999999793 2.799999999997173 0
16.89999999999783 2.699999999997043 0
16.89999999999774 2.599999999996916 0
16.89999999999765 2.499999999996787 0
16.89999999999755 2.399999999996658 0
16.89999999999745 2.29999999999653 0
16.89999999999736 2.1999999999964 0
16.89999999999727 2.099999999996273 0
16.89999999999717 1.999999999996202 0
16.89999999999708 1.899999999996435 0
16.89999999999699 1.799999999996681 0
16.89999999999689 1.699999999996928 0
16.89999999999679 1.599999999997175 0
16.8999999999967 1.499999999997422 0
16.89999999999661 1.399999999997668 0
16.89999999999651 1.299999999997915 0
16.89999999999642 1.199999999998161 0
16.89999999999633 1.099999999998408 0
16.89999999999623 0.9999999999986555 0
16.89999999999613 0.8999999999989027 0
16.89999999999604 0.7999999999991494 0
16.89999999999595 0.6999999999993964 0
16.89999999999585 0.5999999999995898 0
16.89999999999576 0.4999999999996557 0
16.89999999999566 0.399999999999715 0
16.89999999999556 0.2999999999997746 0
16.89999999999547 0.1999999999998591 0
16.89999999999538 0.09999999999993882 0
16.79999999999991 4.899999999999873 0
16.79999999999982 4.799999999999744 0
16.79999999999971 4.699999999999616 0
16.79999999999962 4.599999999999489 0
16.79999999999952 4.499999999999361 0
16.79999999999942 4.399999999999235 0
16.79999999999933 4.299999999999105 0
16.79999999999922 4.19999999999898 0
16.79999999999913 4.099999999998851 0
16.79999999999903 3.999999999998724 0
16.79999999999893 3.899999999998595 0
16.79999999999884 3.799999999998467 0
16.79999999999875 3.699999999998339 0
16.79999999999865 3.599999999998212 0
16.79999999999855 3.499999999998085 0
16.79999999999844 3.399999999997955 0
16.79999999999836 3.299999999997828 0
16.79999999999826 3.199999999997701 0
16.79999999999815 3.099999999997573 0
16.79999999999805 2.999999999997445 0
16.79999999999796 2.899999999997316 0
16.79999999999787 2.79999999999719 0
16.79999999999777 2.699999999997061 0
16.79999999999767 2.599999999996934 0
16.79999999999756 2.499999999996806 0
16.79999999999747 2.399999999996678 0
16.79999999999738 2.299999999996551 0
16.79999999999728 2.199999999996422 0
16.79999999999718 2.099999999996295 0
16.79999999999708 1.999999999996225 0
16.79999999999698 1.899999999996456 0
16.79999999999688 1.799999999996701 0
16.79999999999679 1.699999999996947 0
16.7999999999967 1.599999999997191 0
16.7999999999966 1.499999999997437 0
16.7999999999965 1.399999999997682 0
16.7999999999964 1.299999999997927 0
16.7999999999963 1.199999999998172 0
16.79999999999621 1.099999999998418 0
16.79999999999611 0.9999999999986636 0
16.79999999999601 0.8999999999989089 0
16.79999999999591 0.7999999999991545 0
16.79999999999582 0.6999999999993999 0
16.79999999999572 0.5999999999995922 0
16.79999999999562 0.4999999999996579 0
16.79999999999552 0.3999999999997169 0
16.79999999999542 0.2999999999997758 0
16.79999999999533 0.19999999999986 0
16.79999999999523 0.09999999999993919 0
16.6999999999999 4.899999999999873 0
16.6999999999998 4.799999999999746 0
16.6999999999997 4.699999999999619 0
16.6999999999996 4.599999999999492 0
16.69999999999951 4.499999999999367 0
16.6999999999994 4.399999999999238 0
16.6999999999993 4.299999999999112 0
16.6999999999992 4.199999999998983 0
16.6999999999991 4.099999999998858 0
16.699999999999 3.999999999998731 0
16.6999999999989 3.899999999998603 0
16.6999999999988 3.799999999998477 0
16.6999999999987 3.69999999999835 0
16.6999999999986 3.599999999998222 0
16.6999999999985 3.499999999998095 0
16.6999999999984 3.399999999997967 0
16.6999999999983 3.29999999999784 0
16.6999999999982 3.199999999997714 0
16.6999999999981 3.099999999997587 0
16.69999999999799 2.99999999999746 0
16.69999999999789 2.899999999997333 0
16.69999999999779 2.799999999997207 0
16.69999999999769 2.699999999997079 0
16.69999999999759 2.599999999996952 0
16.69999999999749 2.499999999996825 0
16.6999999999974 2.399999999996698 0
16.69999999999729 2.299999999996571 0
16.69999999999719 2.199999999996443 0
16.69999999999709 2.099999999996317 0
16.69999999999699 1.999999999996248 0
16.69999999999689 1.899999999996477 0
16.69999999999679 1.79999999999672 0
16.69999999999668 1.699999999996964 0
16.69999999999659 1.599999999997208 0
16.69999999999649 1.499999999997452 0
16.69999999999639 1.399999999997696 0
16.69999999999629 1.299999999997939 0
16.69999999999619 1.199999999998183 0
16.69999999999609 1.099999999998428 0
16.69999999999599 0.9999999999986715 0
16.69999999999588 0.8999999999989157 0
16.69999999999578 0.7999999999991594 0
16.69999999999568 0.6999999999994038 0
16.69999999999558 0.5999999999995945 0
16.69999999999548 0.4999999999996599 0
16.69999999999538 0.3999999999997184 0
16.69999999999528 0.2999999999997772 0
16.69999999999518 0.1999999999998608 0
16.69999999999508 0.09999999999993955 0
16.5999999999999 4.899999999999873 0
16.5999999999998 4.799999999999748 0
16.59999999999969 4.699999999999621 0
16.59999999999959 4.599999999999497 0
16.59999999999949 4.499999999999371 0
16.59999999999938 4.399999999999242 0
16.59999999999928 4.299999999999116 0
16.59999999999918 4.19999999999899 0
16.59999999999907 4.099999999998864 0
16.59999999999897 3.999999999998738 0
16.59999999999886 3.899999999998612 0
16.59999999999876 3.799999999998485 0
16.59999999999865 3.699999999998359 0
16.59999999999856 3.599999999998233 0
16.59999999999845 3.499999999998106 0
16.59999999999835 3.39999999999798 0
16.59999999999824 3.299999999997854 0
16.59999999999814 3.199999999997727 0
16.59999999999804 3.099999999997602 0
16.59999999999793 2.999999999997475 0
16.59999999999783 2.899999999997349 0
16.59999999999773 2.799999999997222 0
16.59999999999762 2.699999999997095 0
16.59999999999752 2.59999999999697 0
16.59999999999742 2.499999999996843 0
16.59999999999732 2.399999999996718 0
16.59999999999721 2.299999999996592 0
16.5999999999971 2.199999999996464 0
16.599999999997 2.099999999996339 0
16.5999999999969 1.99999999999627 0
16.5999999999968 1.899999999996498 0
16.59999999999669 1.79999999999674 0
16.59999999999659 1.699999999996983 0
16.59999999999649 1.599999999997225 0
16.59999999999637 1.499999999997467 0
16.59999999999628 1.39999999999771 0
16.59999999999618 1.299999999997951 0
16.59999999999607 1.199999999998194 0
16.59999999999597 1.099999999998436 0
16.59999999999587 0.9999999999986794 0
16.59999999999576 0.8999999999989219 0
16.59999999999566 0.7999999999991647 0
16.59999999999555 0.6999999999994071 0
16.59999999999544 0.5999999999995971 0
16.59999999999535 0.499999999999662 0
16.59999999999524 0.3999999999997201 0
16.59999999999514 0.2999999999997784 0
16.59999999999503 0.1999999999998616 0
16.59999999999493 0.09999999999993991 0
16.4999999999999 4.899999999999874 0
16.49999999999979 4.799999999999748 0
16.49999999999969 4.699999999999623 0
16.49999999999958 4.5999999999995 0
16.49999999999947 4.499999999999375 0
16.49999999999937 4.399999999999247 0
16.49999999999926 4.299999999999123 0
16.49999999999915 4.199999999998997 0
16.49999999999905 4.099999999998871 0
16.49999999999894 3.999999999998746 0
16.49999999999883 3.89999999999862 0
16.49999999999873 3.799999999998495 0
16.49999999999862 3.699999999998369 0
16.49999999999851 3.599999999998244 0
16.49999999999841 3.499999999998118 0
16.4999999999983 3.399999999997993 0
16.4999999999982 3.299999999997867 0
16.49999999999809 3.199999999997741 0
16.49999999999798 3.099999999997617 0
16.49999999999788 2.99999999999749 0
16.49999999999777 2.899999999997365 0
16.49999999999766 2.79999999999724 0
16.49999999999756 2.699999999997114 0
16.49999999999745 2.599999999996989 0
16.49999999999734 2.499999999996863 0
16.49999999999724 2.399999999996737 0
16.49999999999713 2.299999999996612 0
16.49999999999702 2.199999999996486 0
16.49999999999692 2.099999999996362 0
16.49999999999681 1.999999999996293 0
16.4999999999967 1.89999999999652 0
16.4999999999966 1.79999999999676 0
16.49999999999649 1.699999999997001 0
16.49999999999638 1.599999999997242 0
16.49999999999628 1.499999999997483 0
16.49999999999617 1.399999999997724 0
16.49999999999606 1.299999999997964 0
16.49999999999596 1.199999999998205 0
16.49999999999585 1.099999999998446 0
16.49999999999574 0.9999999999986875 0
16.49999999999564 0.8999999999989285 0
16.49999999999553 0.7999999999991698 0
16.49999999999542 0.6999999999994109 0
16.49999999999532 0.5999999999995995 0
16.49999999999521 0.4999999999996639 0
16.4999999999951 0.3999999999997218 0
16.499999999995 0.2999999999997799 0
16.49999999999489 0.1999999999998625 0
16.49999999999478 0.09999999999994028 0
16.39999999999989 4.899999999999875 0
16.39999999999978 4.799999999999751 0
16.39999999999968 4.699999999999626 0
16.39999999999957 4.599999999999501 0
16.39999999999945 4.499999999999377 0
16.39999999999935 4.399999999999253 0
16.39999999999924 4.299999999999126 0
16.39999999999913 4.199999999999003 0
16.39999999999902 4.099999999998878 0
16.3999999999989 3.999999999998754 0
16.3999999999988 3.899999999998628 0
16.39999999999869 3.799999999998504 0
16.39999999999858 3.699999999998379 0
16.39999999999847 3.599999999998255 0
16.39999999999836 3.499999999998129 0
16.39999999999825 3.399999999998005 0
16.39999999999814 3.299999999997879 0
16.39999999999803 3.199999999997755 0
16.39999999999792 3.099999999997631 0
16.39999999999781 2.999999999997505 0
16.39999999999771 2.899999999997381 0
16.39999999999759 2.799999999997256 0
16.39999999999748 2.699999999997131 0
16.39999999999738 2.599999999997006 0
16.39999999999726 2.499999999996882 0
16.39999999999716 2.399999999996757 0
16.39999999999705 2.299999999996633 0
16.39999999999694 2.199999999996507 0
16.39999999999683 2.099999999996383 0
16.39999999999672 1.999999999996315 0
16.3999999999966 1.89999999999654 0
16.3999999999965 1.79999999999678 0
16.39999999999639 1.699999999997019 0
16.39999999999628 1.599999999997258 0
16.39999999999617 1.499999999997498 0
16.39999999999607 1.399999999997737 0
16.39999999999595 1.299999999997977 0
16.39999999999584 1.199999999998216 0
16.39999999999573 1.099999999998456 0
16.39999999999563 0.9999999999986955 0
16.39999999999551 0.8999999999989352 0
16.3999999999954 0.7999999999991747 0
16.39999999999529 0.6999999999994144 0
16.39999999999518 0.599999999999602 0
16.39999999999507 0.4999999999996659 0
16.39999999999496 0.3999999999997235 0
16.39999999999486 0.2999999999997812 0
16.39999999999474 0.1999999999998633 0
16.39999999999463 0.09999999999994065 0
16.2999999999999 4.899999999999877 0
16.29999999999978 4.799999999999752 0
16.29999999999967 4.699999999999627 0
16.29999999999955 4.599999999999505 0
16.29999999999944 4.499999999999381 0
16.29999999999933 4.399999999999256 0
16.29999999999922 4.299999999999134 0
16.29999999999911 4.199999999999008 0
16.29999999999899 4.099999999998885 0
16.29999999999888 3.999999999998761 0
16.29999999999876 3.899999999998637 0
16.29999999999865 3.799999999998513 0
16.29999999999854 3.699999999998389 0
16.29999999999843 3.599999999998265 0
16.29999999999831 3.499999999998141 0
16.2999999999982 3.399999999998016 0
16.29999999999809 3.299999999997893 0
16.29999999999798 3.199999999997769 0
16.29999999999787 3.099999999997645 0
16.29999999999775 2.999999999997521 0
16.29999999999765 2.899999999997396 0
16.29999999999752 2.799999999997273 0
16.29999999999741 2.699999999997149 0
16.2999999999973 2.599999999997025 0
16.29999999999719 2.499999999996901 0
16.29999999999708 2.399999999996777 0
16.29999999999696 2.299999999996653 0
16.29999999999685 2.199999999996528 0
16.29999999999674 2.099999999996405 0
16.29999999999663 1.999999999996337 0
16.29999999999652 1.899999999996562 0
16.2999999999964 1.799999999996799 0
16.29999999999629 1.699999999997037 0
16.29999999999617 1.599999999997275 0
16.29999999999607 1.499999999997513 0
16.29999999999595 1.399999999997751 0
16.29999999999584 1.299999999997989 0
16.29999999999573 1.199999999998227 0
16.29999999999561 1.099999999998465 0
16.2999999999955 0.999999999998703 0
16.29999999999539 0.8999999999989413 0
16.29999999999527 0.7999999999991798 0
16.29999999999515 0.699999999999418 0
16.29999999999505 0.5999999999996044 0
16.29999999999493 0.499999999999668 0
16.29999999999482 0.3999999999997252 0
16.29999999999471 0.2999999999997826 0
16.2999999999946 0.1999999999998641 0
16.29999999999448 0.099999999999941 0
16.19999999999989 4.899999999999878 0
16.19999999999977 4.799999999999754 0
16.19999999999966 4.69999999999963 0
16.19999999999954 4.599999999999508 0
16.19999999999943 4.499999999999384 0
16.19999999999931 4.39999999999926 0
16.1999999999992 4.299999999999137 0
16.19999999999908 4.199999999999015 0
16.19999999999897 4.099999999998892 0
16.19999999999885 3.999999999998769 0
16.19999999999873 3.899999999998645 0
16.19999999999862 3.799999999998522 0
16.1999999999985 3.699999999998399 0
16.19999999999839 3.599999999998276 0
16.19999999999827 3.499999999998152 0
16.19999999999816 3.399999999998029 0
16.19999999999804 3.299999999997906 0
16.19999999999792 3.199999999997782 0
16.19999999999781 3.099999999997659 0
16.19999999999769 2.999999999997535 0
16.19999999999758 2.899999999997412 0
16.19999999999746 2.79999999999729 0
16.19999999999735 2.699999999997166 0
16.19999999999723 2.599999999997044 0
16.19999999999711 2.49999999999692 0
16.199999999997 2.399999999996797 0
16.19999999999688 2.299999999996674 0
16.19999999999677 2.19999999999655 0
16.19999999999665 2.099999999996427 0
16.19999999999654 1.99999999999636 0
16.19999999999642 1.899999999996582 0
16.1999999999963 1.799999999996819 0
16.19999999999619 1.699999999997055 0
16.19999999999607 1.599999999997292 0
16.19999999999596 1.499999999997529 0
16.19999999999584 1.399999999997765 0
16.19999999999573 1.299999999998001 0
16.19999999999562 1.199999999998238 0
16.19999999999549 1.099999999998475 0
16.19999999999538 0.9999999999987114 0
16.19999999999527 0.8999999999989481 0
16.19999999999515 0.7999999999991848 0
16.19999999999503 0.6999999999994215 0
16.19999999999492 0.5999999999996068 0
16.1999999999948 0.49999999999967 0
16.19999999999468 0.3999999999997268 0
16.19999999999457 0.2999999999997838 0
16.19999999999445 0.199999999999865 0
16.19999999999434 0.09999999999994136 0
16.09999999999989 4.899999999999878 0
16.09999999999977 4.799999999999756 0
16.09999999999965 4.699999999999633 0
16.09999999999953 4.59999999999951 0
16.09999999999942 4.499999999999389 0
16.0999999999993 4.399999999999265 0
16.09999999999918 4.299999999999144 0
16.09999999999906 4.199999999999021 0
16.09999999999894 4.099999999998899 0
16.09999999999882 3.999999999998777 0
16.0999999999987 3.899999999998653 0
16.09999999999858 3.799999999998531 0
16.09999999999846 3.699999999998409 0
16.09999999999835 3.599999999998287 0
16.09999999999823 3.499999999998162 0
16.09999999999811 3.399999999998041 0
16.09999999999799 3.299999999997918 0
16.09999999999787 3.199999999997797 0
16.09999999999775 3.099999999997674 0
16.09999999999763 2.999999999997552 0
16.09999999999751 2.899999999997428 0
16.09999999999739 2.799999999997307 0
16.09999999999728 2.699999999997184 0
16.09999999999716 2.599999999997062 0
16.09999999999704 2.49999999999694 0
16.09999999999692 2.399999999996816 0
16.0999999999968 2.299999999996694 0
16.09999999999668 2.19999999999657 0
16.09999999999656 2.099999999996449 0
16.09999999999644 1.999999999996383 0
16.09999999999633 1.899999999996604 0
16.09999999999621 1.799999999996839 0
16.09999999999609 1.699999999997074 0
16.09999999999597 1.599999999997308 0
16.09999999999585 1.499999999997544 0
16.09999999999573 1.399999999997779 0
16.09999999999561 1.299999999998014 0
16.09999999999549 1.199999999998249 0
16.09999999999538 1.099999999998484 0
16.09999999999525 0.9999999999987192 0
16.09999999999514 0.8999999999989545 0
16.09999999999502 0.7999999999991898 0
16.0999999999949 0.6999999999994251 0
16.09999999999478 0.5999999999996091 0
16.09999999999467 0.4999999999996721 0
16.09999999999454 0.3999999999997286 0
16.09999999999442 0.2999999999997852 0
16.0999999999943 0.1999999999998658 0
16.09999999999419 0.09999999999994172 0
15.99999999999988 4.899999999999877 0
15.99999999999976 4.799999999999757 0
15.99999999999964 4.699999999999635 0
15.99999999999952 4.599999999999514 0
15.9999999999994 4.499999999999392 0
15.99999999999928 4.39999999999927 0
15.99999999999915 4.299999999999148 0
15.99999999999903 4.199999999999026 0
15.99999999999891 4.099999999998906 0
15.99999999999879 3.999999999998784 0
15.99999999999867 3.899999999998662 0
15.99999999999854 3.79999999999854 0
15.99999999999843 3.699999999998419 0
15.99999999999831 3.599999999998297 0
15.99999999999818 3.499999999998175 0
15.99999999999806 3.399999999998053 0
15.99999999999793 3.299999999997932 0
15.99999999999782 3.19999999999781 0
15.99999999999769 3.099999999997689 0
15.99999999999757 2.999999999997567 0
15.99999999999745 2.899999999997444 0
15.99999999999732 2.799999999997324 0
15.99999999999721 2.699999999997201 0
15.99999999999708 2.599999999997079 0
15.99999999999696 2.499999999996958 0
15.99999999999684 2.399999999996837 0
15.99999999999672 2.299999999996714 0
15.9999999999966 2.199999999996592 0
15.99999999999647 2.099999999996472 0
15.99999999999635 1.999999999996405 0
15.99999999999623 1.899999999996625 0
15.99999999999611 1.799999999996858 0
15.99999999999599 1.699999999997092 0
15.99999999999587 1.599999999997325 0
15.99999999999574 1.499999999997559 0
15.99999999999562 1.399999999997792 0
15.9999999999955 1.299999999998026 0
15.99999999999538 1.199999999998259 0
15.99999999999526 1.099999999998493 0
15.99999999999513 0.999999999998727 0
15.99999999999501 0.899999999998961 0
15.99999999999489 0.7999999999991946 0
15.99999999999477 0.6999999999994286 0
15.99999999999464 0.5999999999996117 0
15.99999999999453 0.4999999999996741 0
15.9999999999944 0.3999999999997302 0
15.99999999999428 0.2999999999997865 0
15.99999999999416 0.1999999999998666 0
15.99999999999404 0.09999999999994208 0
15.89999999999988 4.89999999999988 0
15.89999999999976 4.799999999999759 0
15.89999999999963 4.699999999999637 0
15.89999999999951 4.599999999999517 0
15.89999999999938 4.499999999999395 0
15.89999999999926 4.399999999999274 0
15.89999999999913 4.299999999999153 0
15.89999999999901 4.199999999999033 0
15.89999999999888 4.099999999998913 0
15.89999999999876 3.999999999998791 0
15.89999999999863 3.899999999998671 0
15.89999999999851 3.799999999998549 0
15.89999999999839 3.699999999998429 0
15.89999999999826 3.599999999998308 0
15.89999999999813 3.499999999998186 0
15.89999999999801 3.399999999998066 0
15.89999999999788 3.299999999997945 0
15.89999999999776 3.199999999997823 0
15.89999999999764 3.099999999997703 0
15.89999999999751 2.999999999997582 0
15.89999999999739 2.899999999997461 0
15.89999999999726 2.79999999999734 0
15.89999999999714 2.699999999997219 0
15.89999999999701 2.599999999997098 0
15.89999999999689 2.499999999996977 0
15.89999999999676 2.399999999996856 0
15.89999999999663 2.299999999996735 0
15.89999999999651 2.199999999996613 0
15.89999999999639 2.099999999996493 0
15.89999999999626 1.999999999996427 0
15.89999999999614 1.899999999996646 0
15.89999999999602 1.799999999996878 0
15.89999999999589 1.69999999999711 0
15.89999999999576 1.599999999997342 0
15.89999999999564 1.499999999997574 0
15.89999999999551 1.399999999997806 0
15.89999999999539 1.299999999998038 0
15.89999999999526 1.19999999999827 0
15.89999999999514 1.099999999998503 0
15.89999999999501 0.999999999998735 0
15.89999999999489 0.8999999999989676 0
15.89999999999476 0.7999999999991999 0
15.89999999999464 0.6999999999994322 0
15.89999999999451 0.599999999999614 0
15.89999999999439 0.4999999999996761 0
15.89999999999427 0.3999999999997318 0
15.89999999999414 0.2999999999997879 0
15.89999999999402 0.1999999999998675 0
15.89999999999389 0.09999999999994241 0
15.79999999999988 4.899999999999881 0
15.79999999999975 4.799999999999758 0
15.79999999999962 4.69999999999964 0
15.79999999999949 4.599999999999521 0
15.79999999999937 4.499999999999399 0
15.79999999999924 4.399999999999279 0
15.79999999999911 4.299999999999158 0
15.79999999999898 4.19999999999904 0
15.79999999999885 4.099999999998921 0
15.79999999999873 3.999999999998798 0
15.7999999999986 3.899999999998678 0
15.79999999999847 3.799999999998558 0
15.79999999999834 3.699999999998439 0
15.79999999999822 3.599999999998318 0
15.79999999999809 3.499999999998198 0
15.79999999999797 3.399999999998078 0
15.79999999999783 3.299999999997957 0
15.79999999999771 3.199999999997837 0
15.79999999999758 3.099999999997718 0
15.79999999999745 2.999999999997597 0
15.79999999999732 2.899999999997477 0
15.79999999999719 2.799999999997357 0
15.79999999999707 2.699999999997237 0
15.79999999999694 2.599999999997116 0
15.79999999999681 2.499999999996996 0
15.79999999999668 2.399999999996876 0
15.79999999999655 2.299999999996755 0
15.79999999999643 2.199999999996634 0
15.7999999999963 2.099999999996516 0
15.79999999999617 1.99999999999645 0
15.79999999999604 1.899999999996667 0
15.79999999999592 1.799999999996897 0
15.79999999999578 1.699999999997128 0
15.79999999999566 1.599999999997359 0
15.79999999999553 1.49999999999759 0
15.7999999999954 1.39999999999782 0
15.79999999999527 1.29999999999805 0
15.79999999999515 1.199999999998281 0
15.79999999999502 1.099999999998512 0
15.7999999999949 0.999999999998743 0
15.79999999999476 0.899999999998974 0
15.79999999999463 0.7999999999992047 0
15.79999999999451 0.6999999999994357 0
15.79999999999438 0.5999999999996166 0
15.79999999999425 0.4999999999996783 0
15.79999999999412 0.3999999999997336 0
15.79999999999399 0.2999999999997892 0
15.79999999999387 0.1999999999998683 0
15.79999999999374 0.0999999999999428 0
15.69999999999987 4.899999999999881 0
15.69999999999975 4.799999999999761 0
15.69999999999962 4.699999999999642 0
15.69999999999948 4.599999999999524 0
15.69999999999935 4.499999999999403 0
15.69999999999922 4.399999999999284 0
15.69999999999909 4.299999999999165 0
15.69999999999896 4.199999999999045 0
15.69999999999883 4.099999999998928 0
15.6999999999987 3.999999999998807 0
15.69999999999857 3.899999999998688 0
15.69999999999844 3.799999999998568 0
15.6999999999983 3.699999999998448 0
15.69999999999817 3.599999999998329 0
15.69999999999804 3.499999999998209 0
15.69999999999791 3.39999999999809 0
15.69999999999778 3.29999999999797 0
15.69999999999765 3.19999999999785 0
15.69999999999752 3.099999999997732 0
15.69999999999739 2.999999999997612 0
15.69999999999726 2.899999999997493 0
15.69999999999713 2.799999999997373 0
15.699999999997 2.699999999997253 0
15.69999999999686 2.599999999997134 0
15.69999999999673 2.499999999997015 0
15.69999999999661 2.399999999996895 0
15.69999999999647 2.299999999996777 0
15.69999999999634 2.199999999996656 0
15.69999999999621 2.099999999996538 0
15.69999999999608 1.999999999996472 0
15.69999999999595 1.899999999996688 0
15.69999999999582 1.799999999996917 0
15.69999999999568 1.699999999997147 0
15.69999999999555 1.599999999997375 0
15.69999999999542 1.499999999997605 0
15.69999999999529 1.399999999997834 0
15.69999999999516 1.299999999998062 0
15.69999999999503 1.199999999998292 0
15.6999999999949 1.099999999998522 0
15.69999999999477 0.999999999998751 0
15.69999999999464 0.8999999999989805 0
15.69999999999451 0.79999999999921 0
15.69999999999438 0.6999999999994393 0
15.69999999999425 0.5999999999996188 0
15.69999999999411 0.4999999999996803 0
15.69999999999398 0.3999999999997352 0
15.69999999999385 0.2999999999997905 0
15.69999999999372 0.1999999999998691 0
15.69999999999359 0.09999999999994313 0
15.59999999999988 4.899999999999881 0
15.59999999999974 4.799999999999763 0
15.5999999999996 4.699999999999644 0
15.59999999999948 4.599999999999527 0
15.59999999999934 4.499999999999407 0
15.59999999999921 4.399999999999288 0
15.59999999999907 4.299999999999169 0
15.59999999999894 4.199999999999051 0
15.5999999999988 4.099999999998933 0
15.59999999999867 3.999999999998814 0
15.59999999999854 3.899999999998696 0
15.5999999999984 3.799999999998577 0
15.59999999999826 3.699999999998458 0
15.59999999999813 3.59999999999834 0
15.599999999998 3.499999999998221 0
15.59999999999787 3.399999999998101 0
15.59999999999773 3.299999999997983 0
15.5999999999976 3.199999999997864 0
15.59999999999746 3.099999999997746 0
15.59999999999733 2.999999999997628 0
15.59999999999719 2.899999999997508 0
15.59999999999706 2.799999999997391 0
15.59999999999693 2.69999999999727 0
15.59999999999679 2.599999999997153 0
15.59999999999666 2.499999999997033 0
15.59999999999652 2.399999999996915 0
15.59999999999639 2.299999999996796 0
15.59999999999626 2.199999999996678 0
15.59999999999612 2.09999999999656 0
15.59999999999599 1.999999999996495 0
15.59999999999585 1.899999999996709 0
15.59999999999572 1.799999999996937 0
15.59999999999558 1.699999999997165 0
15.59999999999545 1.599999999997392 0
15.59999999999532 1.49999999999762 0
15.59999999999518 1.399999999997848 0
15.59999999999505 1.299999999998075 0
15.59999999999492 1.199999999998303 0
15.59999999999478 1.099999999998531 0
15.59999999999465 0.9999999999987591 0
15.59999999999451 0.8999999999989869 0
15.59999999999438 0.799999999999215 0
15.59999999999425 0.6999999999994428 0
15.59999999999411 0.5999999999996213 0
15.59999999999398 0.4999999999996823 0
15.59999999999384 0.399999999999737 0
15.59999999999371 0.2999999999997919 0
15.59999999999357 0.1999999999998699 0
15.59999999999344 0.0999999999999435 0
15.49999999999987 4.899999999999883 0
15.49999999999974 4.799999999999766 0
15.4999999999996 4.699999999999648 0
15.49999999999946 4.599999999999528 0
15.49999999999932 4.499999999999411 0
15.49999999999919 4.399999999999293 0
15.49999999999905 4.299999999999176 0
15.49999999999891 4.199999999999058 0
15.49999999999878 4.09999999999894 0
15.49999999999864 3.999999999998822 0
15.4999999999985 3.899999999998704 0
15.49999999999836 3.799999999998586 0
15.49999999999822 3.699999999998468 0
15.49999999999809 3.59999999999835 0
15.49999999999795 3.499999999998232 0
15.49999999999781 3.399999999998114 0
15.49999999999767 3.299999999997996 0
15.49999999999754 3.199999999997878 0
15.4999999999974 3.099999999997761 0
15.49999999999727 2.999999999997643 0
15.49999999999713 2.899999999997525 0
15.49999999999699 2.799999999997407 0
15.49999999999686 2.699999999997289 0
15.49999999999672 2.59999999999717 0
15.49999999999658 2.499999999997053 0
15.49999999999645 2.399999999996935 0
15.4999999999963 2.299999999996817 0
15.49999999999617 2.199999999996698 0
15.49999999999604 2.099999999996582 0
15.4999999999959 1.999999999996518 0
15.49999999999576 1.899999999996731 0
15.49999999999562 1.799999999996956 0
15.49999999999548 1.699999999997183 0
15.49999999999535 1.599999999997409 0
15.49999999999521 1.499999999997635 0
15.49999999999507 1.399999999997861 0
15.49999999999493 1.299999999998088 0
15.4999999999948 1.199999999998314 0
15.49999999999466 1.09999999999854 0
15.49999999999452 0.9999999999987669 0
15.49999999999439 0.8999999999989934 0
15.49999999999425 0.7999999999992199 0
15.49999999999411 0.6999999999994464 0
15.49999999999398 0.5999999999996237 0
15.49999999999384 0.4999999999996844 0
15.4999999999937 0.3999999999997387 0
15.49999999999356 0.2999999999997932 0
15.49999999999343 0.1999999999998708 0
15.49999999999329 0.09999999999994386 0
15.39999999999987 4.899999999999883 0
15.39999999999973 4.799999999999766 0
15.39999999999959 4.699999999999648 0
15.39999999999945 4.599999999999532 0
15.39999999999931 4.499999999999417 0
15.39999999999917 4.399999999999299 0
15.39999999999903 4.299999999999179 0
15.39999999999889 4.199999999999063 0
15.39999999999875 4.099999999998947 0
15.39999999999861 3.99999999999883 0
15.39999999999847 3.899999999998711 0
15.39999999999833 3.799999999998595 0
15.39999999999819 3.699999999998478 0
15.39999999999805 3.599999999998361 0
15.39999999999791 3.499999999998243 0
15.39999999999777 3.399999999998126 0
15.39999999999763 3.299999999998009 0
15.39999999999749 3.199999999997892 0
15.39999999999735 3.099999999997775 0
15.3999999999972 2.999999999997658 0
15.39999999999707 2.899999999997541 0
15.39999999999693 2.799999999997423 0
15.39999999999678 2.699999999997306 0
15.39999999999665 2.599999999997189 0
15.3999999999965 2.499999999997073 0
15.39999999999637 2.399999999996955 0
15.39999999999623 2.299999999996838 0
15.39999999999609 2.19999999999672 0
15.39999999999594 2.099999999996603 0
15.39999999999581 1.99999999999654 0
15.39999999999567 1.899999999996751 0
15.39999999999553 1.799999999996976 0
15.39999999999539 1.699999999997201 0
15.39999999999524 1.599999999997426 0
15.39999999999511 1.499999999997651 0
15.39999999999497 1.399999999997876 0
15.39999999999483 1.2999999999981 0
15.39999999999469 1.199999999998325 0
15.39999999999454 1.09999999999855 0
15.3999999999944 0.999999999998775 0
15.39999999999427 0.8999999999990002 0
15.39999999999413 0.7999999999992249 0
15.39999999999399 0.69999999999945 0
15.39999999999385 0.5999999999996262 0
15.3999999999937 0.4999999999996864 0
15.39999999999356 0.3999999999997403 0
15.39999999999342 0.2999999999997945 0
15.39999999999328 0.1999999999998716 0
15.39999999999314 0.09999999999994424 0
15.29999999999987 4.899999999999884 0
15.29999999999973 4.799999999999767 0
15.29999999999958 4.69999999999965 0
15.29999999999944 4.599999999999534 0
15.29999999999929 4.49999999999942 0
15.29999999999915 4.399999999999302 0
15.299999999999 4.299999999999186 0
15.29999999999886 4.199999999999069 0
15.29999999999872 4.099999999998952 0
15.29999999999858 3.999999999998837 0
15.29999999999844 3.89999999999872 0
15.2999999999983 3.799999999998604 0
15.29999999999815 3.699999999998488 0
15.299999999998 3.599999999998372 0
15.29999999999786 3.499999999998255 0
15.29999999999772 3.399999999998138 0
15.29999999999757 3.299999999998022 0
15.29999999999744 3.199999999997906 0
15.29999999999729 3.09999999999779 0
15.29999999999714 2.999999999997673 0
15.299999999997 2.899999999997557 0
15.29999999999686 2.799999999997441 0
15.29999999999672 2.699999999997324 0
15.29999999999657 2.599999999997207 0
15.29999999999643 2.499999999997091 0
15.29999999999629 2.399999999996975 0
15.29999999999614 2.299999999996858 0
15.299999999996 2.199999999996741 0
15.29999999999585 2.099999999996626 0
15.29999999999572 1.999999999996562 0
15.29999999999557 1.899999999996772 0
15.29999999999543 1.799999999996996 0
15.29999999999529 1.699999999997219 0
15.29999999999514 1.599999999997443 0
15.299999999995 1.499999999997666 0
15.29999999999485 1.399999999997889 0
15.29999999999471 1.299999999998112 0
15.29999999999457 1.199999999998336 0
15.29999999999443 1.099999999998559 0
15.29999999999428 0.999999999998783 0
15.29999999999414 0.8999999999990063 0
15.299999999994 0.79999999999923 0
15.29999999999385 0.6999999999994536 0
15.29999999999371 0.5999999999996286 0
15.29999999999356 0.4999999999996884 0
15.29999999999342 0.399999999999742 0
15.29999999999328 0.2999999999997959 0
15.29999999999314 0.1999999999998725 0
15.299999999993 0.09999999999994461 0
15.19999999999987 4.899999999999885 0
15.19999999999972 4.79999999999977 0
15.19999999999957 4.699999999999653 0
15.19999999999943 4.599999999999539 0
15.19999999999928 4.499999999999424 0
15.19999999999913 4.399999999999306 0
15.19999999999899 4.299999999999191 0
15.19999999999884 4.199999999999076 0
15.19999999999869 4.09999999999896 0
15.19999999999855 3.999999999998844 0
15.1999999999984 3.899999999998729 0
15.19999999999826 3.799999999998613 0
15.19999999999811 3.699999999998497 0
15.19999999999796 3.599999999998383 0
15.19999999999782 3.499999999998266 0
15.19999999999767 3.399999999998151 0
15.19999999999752 3.299999999998036 0
15.19999999999738 3.199999999997919 0
15.19999999999724 3.099999999997805 0
15.19999999999709 2.999999999997689 0
15.19999999999694 2.899999999997572 0
15.19999999999679 2.799999999997457 0
15.19999999999665 2.699999999997341 0
15.1999999999965 2.599999999997226 0
15.19999999999635 2.49999999999711 0
15.19999999999621 2.399999999996995 0
15.19999999999606 2.299999999996879 0
15.19999999999591 2.199999999996763 0
15.19999999999577 2.099999999996648 0
15.19999999999562 1.999999999996585 0
15.19999999999547 1.899999999996794 0
15.19999999999533 1.799999999997016 0
15.19999999999518 1.699999999997237 0
15.19999999999504 1.599999999997459 0
15.19999999999489 1.499999999997681 0
15.19999999999475 1.399999999997903 0
15.1999999999946 1.299999999998125 0
15.19999999999445 1.199999999998346 0
15.19999999999431 1.099999999998569 0
15.19999999999416 0.9999999999987907 0
15.19999999999401 0.8999999999990129 0
15.19999999999387 0.799999999999235 0
15.19999999999372 0.6999999999994571 0
15.19999999999358 0.5999999999996312 0
15.19999999999343 0.4999999999996904 0
15.19999999999328 0.3999999999997437 0
15.19999999999314 0.2999999999997971 0
15.199999999993 0.1999999999998733 0
15.19999999999284 0.09999999999994494 0
15.09999999999986 4.899999999999885 0
15.09999999999971 4.79999999999977 0
15.09999999999956 4.699999999999655 0
15.09999999999942 4.599999999999543 0
15.09999999999927 4.499999999999428 0
15.09999999999912 4.399999999999311 0
15.09999999999897 4.299999999999198 0
15.09999999999881 4.199999999999083 0
15.09999999999867 4.099999999998968 0
15.09999999999852 3.999999999998852 0
15.09999999999837 3.899999999998737 0
15.09999999999822 3.799999999998622 0
15.09999999999807 3.699999999998508 0
15.09999999999792 3.599999999998393 0
15.09999999999777 3.499999999998278 0
15.09999999999762 3.399999999998163 0
15.09999999999747 3.299999999998048 0
15.09999999999732 3.199999999997933 0
15.09999999999717 3.099999999997819 0
15.09999999999702 2.999999999997703 0
15.09999999999688 2.899999999997589 0
15.09999999999673 2.799999999997474 0
15.09999999999658 2.699999999997359 0
15.09999999999643 2.599999999997245 0
15.09999999999628 2.499999999997129 0
15.09999999999613 2.399999999997014 0
15.09999999999598 2.299999999996899 0
15.09999999999583 2.199999999996784 0
15.09999999999568 2.09999999999667 0
15.09999999999553 1.999999999996607 0
15.09999999999538 1.899999999996815 0
15.09999999999523 1.799999999997035 0
15.09999999999508 1.699999999997255 0
15.09999999999493 1.599999999997476 0
15.09999999999478 1.499999999997696 0
15.09999999999464 1.399999999997916 0
15.09999999999449 1.299999999998137 0
15.09999999999434 1.199999999998357 0
15.09999999999419 1.099999999998578 0
15.09999999999404 0.9999999999987987 0
15.09999999999389 0.8999999999990196 0
15.09999999999374 0.79999999999924 0
15.09999999999359 0.6999999999994608 0
15.09999999999344 0.5999999999996335 0
15.09999999999329 0.4999999999996925 0
15.09999999999314 0.3999999999997454 0
15.099999999993 0.2999999999997985 0
15.09999999999285 0.1999999999998741 0
15.0999999999927 0.0999999999999453 0
14.99999999999986 4.899999999999887 0
14.9999999999997 4.799999999999773 0
14.99999999999955 4.699999999999658 0
14.9999999999994 4.599999999999545 0
14.99999999999925 4.499999999999431 0
14.9999999999991 4.399999999999317 0
14.99999999999894 4.299999999999201 0
14.99999999999879 4.199999999999088 0
14.99999999999864 4.099999999998975 0
14.99999999999848 3.99999999999886 0
14.99999999999833 3.899999999998745 0
14.99999999999818 3.799999999998633 0
14.99999999999803 3.699999999998517 0
14.99999999999788 3.599999999998404 0
14.99999999999772 3.499999999998289 0
14.99999999999758 3.399999999998175 0
14.99999999999742 3.299999999998061 0
14.99999999999727 3.199999999997947 0
14.99999999999711 3.099999999997833 0
14.99999999999696 2.999999999997718 0
14.99999999999681 2.899999999997604 0
14.99999999999666 2.799999999997491 0
14.99999999999651 2.699999999997376 0
14.99999999999636 2.599999999997262 0
14.99999999999621 2.499999999997148 0
14.99999999999605 2.399999999997034 0
14.9999999999959 2.299999999996921 0
14.99999999999574 2.199999999996805 0
14.99999999999559 2.099999999996692 0
14.99999999999544 1.99999999999663 0
14.99999999999529 1.899999999996836 0
14.99999999999514 1.799999999997055 0
14.99999999999498 1.699999999997274 0
14.99999999999483 1.599999999997493 0
14.99999999999468 1.499999999997711 0
14.99999999999453 1.399999999997931 0
14.99999999999437 1.299999999998149 0
14.99999999999423 1.199999999998368 0
14.99999999999407 1.099999999998588 0
14.99999999999392 0.9999999999988068 0
14.99999999999376 0.899999999999026 0
14.99999999999361 0.7999999999992452 0
14.99999999999346 0.6999999999994644 0
14.99999999999331 0.5999999999996358 0
14.99999999999316 0.4999999999996945 0
14.999999999993 0.399999999999747 0
14.99999999999286 0.2999999999997999 0
14.9999999999927 0.1999999999998749 0
14.99999999999255 0.09999999999994566 0
14.89999999999985 4.899999999999886 0
14.8999999999997 4.799999999999772 0
14.89999999999955 4.69999999999966 0
14.89999999999939 4.599999999999547 0
14.89999999999924 4.499999999999435 0
14.89999999999908 4.39999999999932 0
14.89999999999892 4.299999999999208 0
14.89999999999877 4.199999999999093 0
14.89999999999861 4.099999999998982 0
14.89999999999846 3.999999999998868 0
14.8999999999983 3.899999999998754 0
14.89999999999814 3.799999999998641 0
14.89999999999799 3.699999999998528 0
14.89999999999784 3.599999999998414 0
14.89999999999768 3.4999999999983 0
14.89999999999752 3.399999999998187 0
14.89999999999737 3.299999999998074 0
14.89999999999721 3.19999999999796 0
14.89999999999706 3.099999999997848 0
14.8999999999969 2.999999999997735 0
14.89999999999675 2.89999999999762 0
14.89999999999659 2.799999999997508 0
14.89999999999644 2.699999999997393 0
14.89999999999628 2.599999999997281 0
14.89999999999613 2.499999999997167 0
14.89999999999597 2.399999999997053 0
14.89999999999582 2.29999999999694 0
14.89999999999566 2.199999999996827 0
14.89999999999551 2.099999999996714 0
14.89999999999535 1.999999999996652 0
14.8999999999952 1.899999999996857 0
14.89999999999504 1.799999999997074 0
14.89999999999488 1.699999999997292 0
14.89999999999473 1.599999999997509 0
14.89999999999457 1.499999999997727 0
14.89999999999442 1.399999999997944 0
14.89999999999426 1.299999999998162 0
14.89999999999411 1.199999999998379 0
14.89999999999395 1.099999999998597 0
14.8999999999938 0.9999999999988147 0
14.89999999999364 0.8999999999990325 0
14.89999999999348 0.7999999999992501 0
14.89999999999333 0.6999999999994679 0
14.89999999999318 0.5999999999996384 0
14.89999999999302 0.4999999999996966 0
14.89999999999286 0.3999999999997488 0
14.89999999999271 0.2999999999998012 0
14.89999999999255 0.1999999999998758 0
14.8999999999924 0.09999999999994602 0
14.79999999999985 4.899999999999888 0
14.79999999999969 4.799999999999774 0
14.79999999999953 4.699999999999661 0
14.79999999999938 4.599999999999549 0
14.79999999999922 4.499999999999439 0
14.79999999999906 4.399999999999325 0
14.7999999999989 4.299999999999212 0
14.79999999999874 4.1999999999991 0
14.79999999999858 4.099999999998988 0
14.79999999999842 3.999999999998875 0
14.79999999999827 3.899999999998763 0
14.79999999999811 3.799999999998649 0
14.79999999999795 3.699999999998537 0
14.79999999999779 3.599999999998425 0
14.79999999999763 3.499999999998311 0
14.79999999999748 3.3999999999982 0
14.79999999999731 3.299999999998087 0
14.79999999999716 3.199999999997974 0
14.799999999997 3.099999999997862 0
14.79999999999685 2.999999999997748 0
14.79999999999669 2.899999999997637 0
14.79999999999652 2.799999999997524 0
14.79999999999637 2.699999999997411 0
14.79999999999621 2.5999999999973 0
14.79999999999605 2.499999999997186 0
14.79999999999589 2.399999999997074 0
14.79999999999573 2.299999999996961 0
14.79999999999557 2.199999999996848 0
14.79999999999542 2.099999999996736 0
14.79999999999526 1.999999999996675 0
14.7999999999951 1.899999999996878 0
14.79999999999494 1.799999999997093 0
14.79999999999478 1.699999999997309 0
14.79999999999463 1.599999999997526 0
14.79999999999446 1.499999999997742 0
14.79999999999431 1.399999999997958 0
14.79999999999415 1.299999999998174 0
14.79999999999399 1.19999999999839 0
14.79999999999383 1.099999999998606 0
14.79999999999368 0.9999999999988227 0
14.79999999999352 0.8999999999990391 0
14.79999999999336 0.7999999999992551 0
14.7999999999932 0.6999999999994714 0
14.79999999999304 0.5999999999996406 0
14.79999999999288 0.4999999999996986 0
14.79999999999272 0.3999999999997504 0
14.79999999999257 0.2999999999998025 0
14.79999999999241 0.1999999999998766 0
14.79999999999225 0.09999999999994638 0
14.69999999999985 4.899999999999888 0
14.69999999999968 4.799999999999777 0
14.69999999999953 4.699999999999665 0
14.69999999999936 4.599999999999553 0
14.6999999999992 4.499999999999441 0
14.69999999999904 4.399999999999329 0
14.69999999999888 4.299999999999219 0
14.69999999999872 4.199999999999106 0
14.69999999999856 4.099999999998995 0
14.6999999999984 3.999999999998883 0
14.69999999999823 3.899999999998771 0
14.69999999999807 3.799999999998659 0
14.69999999999792 3.699999999998547 0
14.69999999999775 3.599999999998436 0
14.69999999999759 3.499999999998322 0
14.69999999999743 3.399999999998211 0
14.69999999999727 3.299999999998099 0
14.69999999999711 3.199999999997988 0
14.69999999999694 3.099999999997876 0
14.69999999999678 2.999999999997764 0
14.69999999999662 2.899999999997652 0
14.69999999999646 2.79999999999754 0
14.6999999999963 2.699999999997429 0
14.69999999999614 2.599999999997317 0
14.69999999999597 2.499999999997205 0
14.69999999999582 2.399999999997094 0
14.69999999999565 2.299999999996982 0
14.69999999999549 2.199999999996869 0
14.69999999999533 2.099999999996758 0
14.69999999999517 1.999999999996697 0
14.699999999995 1.899999999996899 0
14.69999999999485 1.799999999997113 0
14.69999999999468 1.699999999997328 0
14.69999999999452 1.599999999997543 0
14.69999999999436 1.499999999997758 0
14.69999999999419 1.399999999997972 0
14.69999999999404 1.299999999998186 0
14.69999999999388 1.199999999998401 0
14.69999999999372 1.099999999998616 0
14.69999999999356 0.9999999999988306 0
14.69999999999339 0.8999999999990453 0
14.69999999999323 0.7999999999992603 0
14.69999999999307 0.699999999999475 0
14.69999999999291 0.5999999999996433 0
14.69999999999275 0.4999999999997006 0
14.69999999999258 0.3999999999997521 0
14.69999999999243 0.2999999999998039 0
14.69999999999226 0.1999999999998775 0
14.6999999999921 0.09999999999994674 0
14.59999999999985 4.899999999999888 0
14.59999999999968 4.799999999999779 0
14.59999999999951 4.699999999999667 0
14.59999999999935 4.599999999999556 0
14.59999999999919 4.499999999999445 0
14.59999999999902 4.399999999999334 0
14.59999999999885 4.299999999999222 0
14.59999999999869 4.199999999999111 0
14.59999999999853 4.099999999999003 0
14.59999999999836 3.999999999998891 0
14.5999999999982 3.899999999998778 0
14.59999999999803 3.799999999998668 0
14.59999999999787 3.699999999998558 0
14.5999999999977 3.599999999998446 0
14.59999999999754 3.499999999998335 0
14.59999999999738 3.399999999998223 0
14.59999999999721 3.299999999998112 0
14.59999999999705 3.199999999998002 0
14.59999999999689 3.099999999997891 0
14.59999999999672 2.999999999997779 0
14.59999999999656 2.899999999997669 0
14.59999999999639 2.799999999997557 0
14.59999999999622 2.699999999997446 0
14.59999999999606 2.599999999997335 0
14.5999999999959 2.499999999997224 0
14.59999999999573 2.399999999997113 0
14.59999999999557 2.299999999997002 0
14.5999999999954 2.199999999996891 0
14.59999999999524 2.099999999996781 0
14.59999999999507 1.99999999999672 0
14.59999999999491 1.89999999999692 0
14.59999999999475 1.799999999997133 0
14.59999999999458 1.699999999997346 0
14.59999999999442 1.599999999997559 0
14.59999999999426 1.499999999997773 0
14.59999999999409 1.399999999997986 0
14.59999999999392 1.299999999998199 0
14.59999999999376 1.199999999998412 0
14.59999999999359 1.099999999998625 0
14.59999999999343 0.9999999999988385 0
14.59999999999327 0.899999999999052 0
14.5999999999931 0.7999999999992651 0
14.59999999999293 0.6999999999994788 0
14.59999999999277 0.5999999999996455 0
14.59999999999261 0.4999999999997026 0
14.59999999999244 0.3999999999997538 0
14.59999999999228 0.2999999999998052 0
14.59999999999211 0.1999999999998783 0
14.59999999999195 0.0999999999999471 0
14.49999999999984 4.89999999999989 0
14.49999999999967 4.79999999999978 0
14.49999999999951 4.699999999999669 0
14.49999999999934 4.59999999999956 0
14.49999999999918 4.499999999999449 0
14.499999999999 4.399999999999338 0
14.49999999999884 4.299999999999228 0
14.49999999999867 4.199999999999118 0
14.4999999999985 4.09999999999901 0
14.49999999999833 3.999999999998898 0
14.49999999999817 3.899999999998787 0
14.499999999998 3.799999999998678 0
14.49999999999783 3.699999999998567 0
14.49999999999766 3.599999999998457 0
14.4999999999975 3.499999999998346 0
14.49999999999733 3.399999999998236 0
14.49999999999716 3.299999999998127 0
14.49999999999699 3.199999999998015 0
14.49999999999683 3.099999999997905 0
14.49999999999666 2.999999999997795 0
14.4999999999965 2.899999999997684 0
14.49999999999633 2.799999999997574 0
14.49999999999616 2.699999999997464 0
14.49999999999599 2.599999999997354 0
14.49999999999582 2.499999999997243 0
14.49999999999566 2.399999999997134 0
14.49999999999549 2.299999999997023 0
14.49999999999532 2.199999999996912 0
14.49999999999515 2.099999999996802 0
14.49999999999498 1.999999999996742 0
14.49999999999482 1.899999999996941 0
14.49999999999465 1.799999999997153 0
14.49999999999448 1.699999999997365 0
14.49999999999431 1.599999999997576 0
14.49999999999415 1.499999999997788 0
14.49999999999398 1.399999999997999 0
14.49999999999381 1.299999999998211 0
14.49999999999364 1.199999999998423 0
14.49999999999348 1.099999999998635 0
14.49999999999331 0.9999999999988466 0
14.49999999999314 0.8999999999990584 0
14.49999999999297 0.7999999999992702 0
14.49999999999281 0.6999999999994821 0
14.49999999999264 0.5999999999996479 0
14.49999999999247 0.4999999999997048 0
14.4999999999923 0.3999999999997554 0
14.49999999999214 0.2999999999998065 0
14.49999999999197 0.1999999999998791 0
14.4999999999918 0.09999999999994746 0
14.39999999999984 4.899999999999892 0
14.39999999999967 4.79999999999978 0
14.3999999999995 4.699999999999672 0
14.39999999999933 4.599999999999564 0
14.39999999999916 4.499999999999452 0
14.39999999999899 4.399999999999343 0
14.39999999999882 4.299999999999233 0
14.39999999999864 4.199999999999124 0
14.39999999999848 4.099999999999016 0
14.39999999999831 3.999999999998905 0
14.39999999999813 3.899999999998796 0
14.39999999999797 3.799999999998687 0
14.39999999999779 3.699999999998577 0
14.39999999999762 3.599999999998468 0
14.39999999999745 3.499999999998358 0
14.39999999999728 3.399999999998248 0
14.39999999999711 3.299999999998139 0
14.39999999999694 3.199999999998029 0
14.39999999999677 3.099999999997921 0
14.3999999999966 2.99999999999781 0
14.39999999999643 2.8999999999977 0
14.39999999999626 2.799999999997592 0
14.39999999999609 2.699999999997481 0
14.39999999999592 2.599999999997372 0
14.39999999999575 2.499999999997263 0
14.39999999999557 2.399999999997153 0
14.39999999999541 2.299999999997044 0
14.39999999999524 2.199999999996933 0
14.39999999999506 2.099999999996824 0
14.39999999999489 1.999999999996764 0
14.39999999999472 1.899999999996963 0
14.39999999999455 1.799999999997173 0
14.39999999999438 1.699999999997382 0
14.39999999999421 1.599999999997593 0
14.39999999999404 1.499999999997803 0
14.39999999999387 1.399999999998013 0
14.3999999999937 1.299999999998223 0
14.39999999999353 1.199999999998433 0
14.39999999999336 1.099999999998644 0
14.39999999999319 0.9999999999988545 0
14.39999999999302 0.8999999999990649 0
14.39999999999285 0.7999999999992754 0
14.39999999999267 0.6999999999994857 0
14.39999999999251 0.5999999999996504 0
14.39999999999233 0.4999999999997068 0
14.39999999999216 0.3999999999997572 0
14.39999999999199 0.2999999999998079 0
14.39999999999182 0.1999999999998799 0
14.39999999999165 0.09999999999994783 0
14.29999999999984 4.899999999999892 0
14.29999999999966 4.799999999999783 0
14.29999999999949 4.699999999999673 0
14.29999999999932 4.599999999999565 0
14.29999999999914 4.499999999999456 0
14.29999999999897 4.399999999999348 0
14.29999999999879 4.29999999999924 0
14.29999999999862 4.199999999999131 0
14.29999999999844 4.099999999999024 0
14.29999999999827 3.999999999998913 0
14.2999999999981 3.899999999998804 0
14.29999999999793 3.799999999998696 0
14.29999999999776 3.699999999998587 0
14.29999999999758 3.599999999998478 0
14.29999999999741 3.499999999998368 0
14.29999999999723 3.399999999998261 0
14.29999999999706 3.299999999998151 0
14.29999999999688 3.199999999998043 0
14.29999999999671 3.099999999997935 0
14.29999999999654 2.999999999997825 0
14.29999999999636 2.899999999997716 0
14.29999999999619 2.799999999997608 0
14.29999999999601 2.699999999997499 0
14.29999999999584 2.59999999999739 0
14.29999999999567 2.499999999997281 0
14.2999999999955 2.399999999997172 0
14.29999999999532 2.299999999997064 0
14.29999999999515 2.199999999996955 0
14.29999999999498 2.099999999996846 0
14.2999999999948 1.999999999996787 0
14.29999999999463 1.899999999996984 0
14.29999999999445 1.799999999997192 0
14.29999999999428 1.699999999997401 0
14.29999999999411 1.59999999999761 0
14.29999999999393 1.499999999997819 0
14.29999999999376 1.399999999998027 0
14.29999999999359 1.299999999998236 0
14.29999999999341 1.199999999998445 0
14.29999999999324 1.099999999998654 0
14.29999999999307 0.9999999999988625 0
14.29999999999289 0.8999999999990715 0
14.29999999999272 0.7999999999992803 0
14.29999999999255 0.6999999999994895 0
14.29999999999237 0.5999999999996528 0
14.2999999999922 0.4999999999997088 0
14.29999999999202 0.3999999999997588 0
14.29999999999185 0.2999999999998092 0
14.29999999999168 0.1999999999998808 0
14.2999999999915 0.09999999999994819 0
14.19999999999983 4.899999999999892 0
14.19999999999966 4.799999999999784 0
14.19999999999948 4.699999999999676 0
14.1999999999993 4.599999999999568 0
14.19999999999913 4.499999999999459 0
14.19999999999895 4.399999999999353 0
14.19999999999878 4.299999999999244 0
14.1999999999986 4.199999999999136 0
14.19999999999842 4.09999999999903 0
14.19999999999824 3.999999999998921 0
14.19999999999807 3.899999999998813 0
14.19999999999789 3.799999999998705 0
14.19999999999771 3.699999999998597 0
14.19999999999754 3.599999999998489 0
14.19999999999736 3.499999999998381 0
14.19999999999718 3.399999999998272 0
14.19999999999701 3.299999999998164 0
14.19999999999683 3.199999999998056 0
14.19999999999665 3.09999999999795 0
14.19999999999647 2.999999999997841 0
14.1999999999963 2.899999999997732 0
14.19999999999612 2.799999999997624 0
14.19999999999595 2.699999999997516 0
14.19999999999577 2.599999999997408 0
14.19999999999559 2.4999999999973 0
14.19999999999542 2.399999999997192 0
14.19999999999524 2.299999999997084 0
14.19999999999506 2.199999999996976 0
14.19999999999489 2.099999999996868 0
14.19999999999471 1.999999999996809 0
14.19999999999454 1.899999999997004 0
14.19999999999436 1.799999999997212 0
14.19999999999418 1.699999999997419 0
14.199999999994 1.599999999997626 0
14.19999999999382 1.499999999997834 0
14.19999999999365 1.399999999998041 0
14.19999999999347 1.299999999998248 0
14.1999999999933 1.199999999998455 0
14.19999999999312 1.099999999998663 0
14.19999999999294 0.9999999999988702 0
14.19999999999277 0.899999999999078 0
14.19999999999259 0.7999999999992852 0
14.19999999999241 0.699999999999493 0
14.19999999999224 0.5999999999996553 0
14.19999999999206 0.4999999999997108 0
14.19999999999188 0.3999999999997604 0
14.19999999999171 0.2999999999998105 0
14.19999999999153 0.1999999999998816 0
14.19999999999135 0.09999999999994855 0
14.09999999999983 4.899999999999893 0
14.09999999999965 4.799999999999785 0
14.09999999999947 4.699999999999679 0
14.09999999999929 4.599999999999571 0
14.09999999999911 4.499999999999464 0
14.09999999999893 4.399999999999357 0
14.09999999999875 4.299999999999251 0
14.09999999999857 4.199999999999143 0
14.0999999999984 4.099999999999036 0
14.09999999999822 3.999999999998929 0
14.09999999999803 3.899999999998822 0
14.09999999999785 3.799999999998714 0
14.09999999999768 3.699999999998607 0
14.09999999999749 3.5999999999985 0
14.09999999999731 3.499999999998392 0
14.09999999999714 3.399999999998284 0
14.09999999999696 3.299999999998178 0
14.09999999999677 3.19999999999807 0
14.09999999999659 3.099999999997963 0
14.09999999999642 2.999999999997855 0
14.09999999999624 2.899999999997749 0
14.09999999999605 2.799999999997642 0
14.09999999999588 2.699999999997533 0
14.0999999999957 2.599999999997426 0
14.09999999999552 2.499999999997319 0
14.09999999999534 2.399999999997212 0
14.09999999999516 2.299999999997105 0
14.09999999999498 2.199999999996997 0
14.0999999999948 2.099999999996891 0
14.09999999999462 1.999999999996832 0
14.09999999999444 1.899999999997025 0
14.09999999999426 1.799999999997231 0
14.09999999999408 1.699999999997437 0
14.0999999999939 1.599999999997643 0
14.09999999999372 1.499999999997849 0
14.09999999999354 1.399999999998055 0
14.09999999999336 1.299999999998261 0
14.09999999999318 1.199999999998466 0
14.09999999999301 1.099999999998672 0
14.09999999999282 0.9999999999988785 0
14.09999999999265 0.8999999999990843 0
14.09999999999246 0.7999999999992904 0
14.09999999999228 0.6999999999994966 0
14.09999999999211 0.5999999999996577 0
14.09999999999193 0.4999999999997129 0
14.09999999999175 0.3999999999997622 0
14.09999999999156 0.2999999999998118 0
14.09999999999139 0.1999999999998825 0
14.09999999999121 0.09999999999994891 0
13.99999999999982 4.899999999999895 0
13.99999999999964 4.799999999999788 0
13.99999999999946 4.699999999999681 0
13.99999999999928 4.599999999999574 0
13.9999999999991 4.49999999999947 0
13.99999999999891 4.399999999999362 0
13.99999999999873 4.299999999999255 0
13.99999999999854 4.199999999999148 0
13.99999999999836 4.099999999999041 0
13.99999999999818 3.999999999998936 0
13.999999999998 3.89999999999883 0
13.99999999999781 3.799999999998723 0
13.99999999999763 3.699999999998616 0
13.99999999999745 3.59999999999851 0
13.99999999999727 3.499999999998403 0
13.99999999999709 3.399999999998296 0
13.99999999999691 3.29999999999819 0
13.99999999999672 3.199999999998084 0
13.99999999999653 3.099999999997977 0
13.99999999999635 2.999999999997871 0
13.99999999999617 2.899999999997764 0
13.99999999999599 2.799999999997658 0
13.99999999999581 2.699999999997551 0
13.99999999999562 2.599999999997445 0
13.99999999999544 2.499999999997339 0
13.99999999999526 2.399999999997232 0
13.99999999999508 2.299999999997126 0
13.99999999999489 2.199999999997018 0
13.99999999999471 2.099999999996912 0
13.99999999999453 1.999999999996854 0
13.99999999999435 1.899999999997047 0
13.99999999999416 1.79999999999725 0
13.99999999999398 1.699999999997455 0
13.9999999999938 1.59999999999766 0
13.99999999999362 1.499999999997864 0
13.99999999999343 1.399999999998068 0
13.99999999999325 1.299999999998273 0
13.99999999999306 1.199999999998477 0
13.99999999999288 1.099999999998682 0
13.9999999999927 0.9999999999988863 0
13.99999999999251 0.8999999999990911 0
13.99999999999234 0.7999999999992953 0
13.99999999999215 0.6999999999995001 0
13.99999999999197 0.5999999999996601 0
13.99999999999179 0.4999999999997148 0
13.9999999999916 0.3999999999997639 0
13.99999999999142 0.2999999999998132 0
13.99999999999124 0.1999999999998833 0
13.99999999999106 0.09999999999994927 0
13.89999999999982 4.899999999999896 0
13.89999999999964 4.799999999999789 0
13.89999999999945 4.699999999999683 0
13.89999999999926 4.599999999999578 0
13.89999999999908 4.499999999999472 0
13.8999999999989 4.399999999999366 0
13.89999999999871 4.299999999999259 0
13.89999999999852 4.199999999999154 0
13.89999999999834 4.099999999999048 0
13.89999999999815 3.999999999998944 0
13.89999999999796 3.899999999998837 0
13.89999999999779 3.799999999998732 0
13.8999999999976 3.699999999998627 0
13.89999999999741 3.599999999998521 0
13.89999999999723 3.499999999998415 0
13.89999999999704 3.399999999998309 0
13.89999999999686 3.299999999998204 0
13.89999999999667 3.199999999998098 0
13.89999999999648 3.099999999997992 0
13.89999999999629 2.999999999997886 0
13.89999999999611 2.89999999999778 0
13.89999999999592 2.799999999997675 0
13.89999999999574 2.699999999997569 0
13.89999999999555 2.599999999997463 0
13.89999999999537 2.499999999997357 0
13.89999999999518 2.399999999997251 0
13.899999999995 2.299999999997147 0
13.89999999999481 2.199999999997039 0
13.89999999999462 2.099999999996935 0
13.89999999999444 1.999999999996877 0
13.89999999999425 1.899999999997068 0
13.89999999999407 1.799999999997271 0
13.89999999999388 1.699999999997473 0
13.89999999999369 1.599999999997677 0
13.89999999999351 1.499999999997879 0
13.89999999999333 1.399999999998082 0
13.89999999999314 1.299999999998285 0
13.89999999999295 1.199999999998488 0
13.89999999999277 1.099999999998692 0
13.89999999999258 0.9999999999988942 0
13.89999999999239 0.8999999999990973 0
13.89999999999221 0.7999999999993005 0
13.89999999999203 0.6999999999995037 0
13.89999999999184 0.5999999999996626 0
13.89999999999165 0.4999999999997169 0
13.89999999999146 0.3999999999997655 0
13.89999999999128 0.2999999999998145 0
13.89999999999109 0.1999999999998842 0
13.89999999999091 0.09999999999994963 0
13.79999999999982 4.899999999999895 0
13.79999999999963 4.799999999999791 0
13.79999999999944 4.699999999999685 0
13.79999999999925 4.599999999999582 0
13.79999999999907 4.499999999999477 0
13.79999999999888 4.39999999999937 0
13.79999999999869 4.299999999999265 0
13.7999999999985 4.199999999999161 0
13.79999999999831 4.099999999999056 0
13.79999999999812 3.999999999998951 0
13.79999999999793 3.899999999998847 0
13.79999999999774 3.799999999998741 0
13.79999999999755 3.699999999998636 0
13.79999999999736 3.599999999998531 0
13.79999999999718 3.499999999998425 0
13.79999999999699 3.399999999998321 0
13.7999999999968 3.299999999998217 0
13.79999999999661 3.199999999998111 0
13.79999999999642 3.099999999998007 0
13.79999999999623 2.999999999997901 0
13.79999999999604 2.899999999997796 0
13.79999999999585 2.799999999997691 0
13.79999999999567 2.699999999997587 0
13.79999999999547 2.599999999997482 0
13.79999999999529 2.499999999997376 0
13.7999999999951 2.399999999997272 0
13.79999999999491 2.299999999997167 0
13.79999999999472 2.199999999997061 0
13.79999999999453 2.099999999996957 0
13.79999999999435 1.9999999999969 0
13.79999999999416 1.899999999997089 0
13.79999999999397 1.79999999999729 0
13.79999999999378 1.699999999997492 0
13.79999999999359 1.599999999997693 0
13.7999999999934 1.499999999997895 0
13.79999999999321 1.399999999998096 0
13.79999999999302 1.299999999998297 0
13.79999999999283 1.199999999998499 0
13.79999999999265 1.0999999999987 0
13.79999999999245 0.9999999999989022 0
13.79999999999227 0.899999999999104 0
13.79999999999208 0.7999999999993055 0
13.79999999999189 0.6999999999995072 0
13.7999999999917 0.599999999999665 0
13.79999999999151 0.499999999999719 0
13.79999999999132 0.3999999999997672 0
13.79999999999113 0.2999999999998159 0
13.79999999999094 0.1999999999998849 0
13.79999999999076 0.09999999999994996 0
13.69999999999982 4.899999999999896 0
13.69999999999963 4.799999999999791 0
13.69999999999943 4.699999999999687 0
13.69999999999924 4.599999999999585 0
13.69999999999905 4.499999999999481 0
13.69999999999886 4.399999999999376 0
13.69999999999867 4.299999999999271 0
13.69999999999847 4.199999999999168 0
13.69999999999828 4.099999999999064 0
13.69999999999809 3.999999999998959 0
13.6999999999979 3.899999999998855 0
13.69999999999771 3.79999999999875 0
13.69999999999752 3.699999999998646 0
13.69999999999732 3.599999999998543 0
13.69999999999713 3.499999999998437 0
13.69999999999694 3.399999999998334 0
13.69999999999675 3.29999999999823 0
13.69999999999656 3.199999999998125 0
13.69999999999636 3.099999999998022 0
13.69999999999617 2.999999999997917 0
13.69999999999598 2.899999999997812 0
13.69999999999579 2.799999999997709 0
13.6999999999956 2.699999999997604 0
13.69999999999541 2.5999999999975 0
13.69999999999521 2.499999999997395 0
13.69999999999502 2.399999999997291 0
13.69999999999483 2.299999999997187 0
13.69999999999464 2.199999999997083 0
13.69999999999445 2.099999999996979 0
13.69999999999425 1.999999999996922 0
13.69999999999406 1.89999999999711 0
13.69999999999387 1.79999999999731 0
13.69999999999368 1.69999999999751 0
13.69999999999349 1.59999999999771 0
13.6999999999933 1.49999999999791 0
13.6999999999931 1.39999999999811 0
13.69999999999291 1.29999999999831 0
13.69999999999272 1.19999999999851 0
13.69999999999253 1.09999999999871 0
13.69999999999234 0.9999999999989103 0
13.69999999999214 0.8999999999991104 0
13.69999999999195 0.7999999999993106 0
13.69999999999176 0.6999999999995108 0
13.69999999999157 0.5999999999996672 0
13.69999999999138 0.4999999999997209 0
13.69999999999118 0.3999999999997689 0
13.69999999999099 0.2999999999998172 0
13.6999999999908 0.1999999999998858 0
13.69999999999061 0.09999999999995035 0
13.59999999999981 4.899999999999896 0
13.59999999999962 4.799999999999793 0
13.59999999999942 4.69999999999969 0
13.59999999999923 4.599999999999588 0
13.59999999999904 4.499999999999484 0
13.59999999999884 4.39999999999938 0
13.59999999999864 4.299999999999276 0
13.59999999999845 4.199999999999172 0
13.59999999999826 4.09999999999907 0
13.59999999999806 3.999999999998967 0
13.59999999999787 3.899999999998863 0
13.59999999999767 3.79999999999876 0
13.59999999999748 3.699999999998656 0
13.59999999999728 3.599999999998553 0
13.59999999999708 3.499999999998449 0
13.59999999999689 3.399999999998346 0
13.59999999999669 3.299999999998242 0
13.5999999999965 3.199999999998139 0
13.5999999999963 3.099999999998036 0
13.59999999999611 2.999999999997932 0
13.59999999999591 2.899999999997828 0
13.59999999999572 2.799999999997726 0
13.59999999999553 2.699999999997621 0
13.59999999999533 2.599999999997518 0
13.59999999999514 2.499999999997415 0
13.59999999999494 2.399999999997311 0
13.59999999999475 2.299999999997207 0
13.59999999999455 2.199999999997104 0
13.59999999999436 2.099999999997001 0
13.59999999999416 1.999999999996944 0
13.59999999999397 1.899999999997132 0
13.59999999999377 1.79999999999733 0
13.59999999999357 1.699999999997528 0
13.59999999999339 1.599999999997727 0
13.59999999999319 1.499999999997926 0
13.59999999999299 1.399999999998124 0
13.5999999999928 1.299999999998322 0
13.5999999999926 1.19999999999852 0
13.59999999999241 1.09999999999872 0
13.59999999999221 0.999999999998918 0
13.59999999999201 0.899999999999117 0
13.59999999999182 0.7999999999993154 0
13.59999999999163 0.6999999999995143 0
13.59999999999143 0.5999999999996699 0
13.59999999999124 0.499999999999723 0
13.59999999999104 0.3999999999997705 0
13.59999999999085 0.2999999999998185 0
13.59999999999066 0.1999999999998866 0
13.59999999999046 0.0999999999999507 0
13.49999999999981 4.899999999999898 0
13.49999999999961 4.799999999999794 0
13.49999999999942 4.699999999999692 0
13.49999999999922 4.599999999999591 0
13.49999999999902 4.499999999999488 0
13.49999999999882 4.399999999999383 0
13.49999999999862 4.299999999999282 0
13.49999999999842 4.199999999999179 0
13.49999999999822 4.099999999999077 0
13.49999999999803 3.999999999998974 0
13.49999999999783 3.899999999998871 0
13.49999999999763 3.799999999998768 0
13.49999999999743 3.699999999998666 0
13.49999999999724 3.599999999998563 0
13.49999999999704 3.499999999998461 0
13.49999999999685 3.399999999998357 0
13.49999999999664 3.299999999998256 0
13.49999999999645 3.199999999998152 0
13.49999999999624 3.09999999999805 0
13.49999999999605 2.999999999997947 0
13.49999999999585 2.899999999997845 0
13.49999999999566 2.799999999997742 0
13.49999999999546 2.699999999997638 0
13.49999999999526 2.599999999997536 0
13.49999999999506 2.499999999997433 0
13.49999999999486 2.39999999999733 0
13.49999999999467 2.299999999997229 0
13.49999999999446 2.199999999997125 0
13.49999999999427 2.099999999997023 0
13.49999999999407 1.999999999996967 0
13.49999999999387 1.899999999997152 0
13.49999999999367 1.799999999997349 0
13.49999999999347 1.699999999997546 0
13.49999999999328 1.599999999997743 0
13.49999999999308 1.49999999999794 0
13.49999999999288 1.399999999998138 0
13.49999999999268 1.299999999998334 0
13.49999999999249 1.199999999998532 0
13.49999999999229 1.099999999998729 0
13.49999999999209 0.9999999999989262 0
13.49999999999189 0.8999999999991234 0
13.49999999999169 0.7999999999993206 0
13.4999999999915 0.6999999999995179 0
13.4999999999913 0.5999999999996721 0
13.4999999999911 0.4999999999997251 0
13.4999999999909 0.3999999999997723 0
13.4999999999907 0.2999999999998198 0
13.49999999999051 0.1999999999998875 0
13.49999999999031 0.09999999999995107 0
13.39999999999981 4.899999999999899 0
13.39999999999961 4.799999999999796 0
13.39999999999941 4.699999999999694 0
13.39999999999921 4.599999999999593 0
13.399999999999 4.499999999999492 0
13.3999999999988 4.399999999999388 0
13.3999999999986 4.299999999999287 0
13.3999999999984 4.199999999999186 0
13.3999999999982 4.099999999999085 0
13.399999999998 3.999999999998981 0
13.3999999999978 3.89999999999888 0
13.3999999999976 3.799999999998778 0
13.3999999999974 3.699999999998676 0
13.3999999999972 3.599999999998574 0
13.39999999999699 3.499999999998471 0
13.39999999999679 3.399999999998369 0
13.3999999999966 3.299999999998268 0
13.39999999999639 3.199999999998166 0
13.39999999999619 3.099999999998065 0
13.39999999999599 2.999999999997962 0
13.39999999999579 2.89999999999786 0
13.39999999999559 2.799999999997758 0
13.39999999999539 2.699999999997656 0
13.39999999999519 2.599999999997554 0
13.39999999999499 2.499999999997453 0
13.39999999999478 2.39999999999735 0
13.39999999999458 2.29999999999725 0
13.39999999999438 2.199999999997146 0
13.39999999999418 2.099999999997045 0
13.39999999999398 1.999999999996989 0
13.39999999999378 1.899999999997173 0
13.39999999999358 1.799999999997369 0
13.39999999999338 1.699999999997565 0
13.39999999999318 1.599999999997761 0
13.39999999999298 1.499999999997956 0
13.39999999999278 1.399999999998151 0
13.39999999999257 1.299999999998347 0
13.39999999999237 1.199999999998542 0
13.39999999999217 1.099999999998738 0
13.39999999999197 0.999999999998934 0
13.39999999999177 0.8999999999991297 0
13.39999999999157 0.7999999999993256 0
13.39999999999137 0.6999999999995214 0
13.39999999999117 0.5999999999996746 0
13.39999999999096 0.4999999999997272 0
13.39999999999077 0.3999999999997739 0
13.39999999999057 0.2999999999998212 0
13.39999999999036 0.1999999999998883 0
13.39999999999016 0.09999999999995141 0
13.29999999999981 4.899999999999899 0
13.2999999999996 4.799999999999797 0
13.29999999999939 4.699999999999697 0
13.2999999999992 4.599999999999596 0
13.29999999999899 4.499999999999495 0
13.29999999999878 4.399999999999393 0
13.29999999999858 4.299999999999292 0
13.29999999999838 4.199999999999191 0
13.29999999999817 4.099999999999091 0
13.29999999999797 3.999999999998989 0
13.29999999999777 3.899999999998888 0
13.29999999999756 3.799999999998787 0
13.29999999999735 3.699999999998686 0
13.29999999999715 3.599999999998585 0
13.29999999999695 3.499999999998483 0
13.29999999999674 3.399999999998382 0
13.29999999999654 3.29999999999828 0
13.29999999999634 3.199999999998179 0
13.29999999999613 3.099999999998079 0
13.29999999999593 2.999999999997978 0
13.29999999999572 2.899999999997876 0
13.29999999999552 2.799999999997775 0
13.29999999999532 2.699999999997674 0
13.29999999999511 2.599999999997573 0
13.29999999999491 2.499999999997471 0
13.2999999999947 2.39999999999737 0
13.2999999999945 2.29999999999727 0
13.2999999999943 2.199999999997168 0
13.29999999999409 2.099999999997067 0
13.29999999999389 1.999999999997012 0
13.29999999999368 1.899999999997194 0
13.29999999999348 1.799999999997389 0
13.29999999999328 1.699999999997583 0
13.29999999999308 1.599999999997777 0
13.29999999999287 1.499999999997971 0
13.29999999999266 1.399999999998165 0
13.29999999999246 1.299999999998359 0
13.29999999999226 1.199999999998553 0
13.29999999999205 1.099999999998748 0
13.29999999999185 0.999999999998942 0
13.29999999999164 0.8999999999991364 0
13.29999999999144 0.7999999999993305 0
13.29999999999124 0.699999999999525 0
13.29999999999103 0.599999999999677 0
13.29999999999083 0.4999999999997292 0
13.29999999999063 0.3999999999997756 0
13.29999999999042 0.2999999999998225 0
13.29999999999022 0.1999999999998892 0
13.29999999999001 0.09999999999995179 0
13.1999999999998 4.8999999999999 0
13.1999999999996 4.7999999999998 0
13.19999999999939 4.699999999999699 0
13.19999999999918 4.599999999999599 0
13.19999999999897 4.499999999999498 0
13.19999999999877 4.399999999999398 0
13.19999999999856 4.299999999999297 0
13.19999999999835 4.199999999999195 0
13.19999999999814 4.099999999999098 0
13.19999999999794 3.999999999998997 0
13.19999999999773 3.899999999998896 0
13.19999999999752 3.799999999998795 0
13.19999999999731 3.699999999998696 0
13.19999999999711 3.599999999998595 0
13.1999999999969 3.499999999998495 0
13.1999999999967 3.399999999998394 0
13.19999999999649 3.299999999998294 0
13.19999999999628 3.199999999998193 0
13.19999999999607 3.099999999998094 0
13.19999999999586 2.999999999997992 0
13.19999999999566 2.899999999997893 0
13.19999999999545 2.799999999997792 0
13.19999999999525 2.699999999997691 0
13.19999999999504 2.599999999997591 0
13.19999999999483 2.499999999997491 0
13.19999999999463 2.39999999999739 0
13.19999999999442 2.29999999999729 0
13.19999999999421 2.199999999997189 0
13.199999999994 2.099999999997089 0
13.1999999999938 1.999999999997034 0
13.19999999999359 1.899999999997215 0
13.19999999999338 1.799999999997408 0
13.19999999999318 1.699999999997601 0
13.19999999999297 1.599999999997793 0
13.19999999999276 1.499999999997986 0
13.19999999999256 1.399999999998179 0
13.19999999999235 1.299999999998372 0
13.19999999999214 1.199999999998564 0
13.19999999999193 1.099999999998757 0
13.19999999999173 0.99999999999895 0
13.19999999999152 0.899999999999143 0
13.19999999999131 0.7999999999993357 0
13.19999999999111 0.6999999999995286 0
13.1999999999909 0.5999999999996795 0
13.19999999999069 0.4999999999997312 0
13.19999999999049 0.3999999999997773 0
13.19999999999028 0.2999999999998239 0
13.19999999999007 0.19999999999989 0
13.19999999998986 0.09999999999995215 0
13.0999999999998 4.899999999999901 0
13.09999999999959 4.799999999999802 0
13.09999999999938 4.699999999999701 0
13.09999999999916 4.599999999999603 0
13.09999999999896 4.499999999999503 0
13.09999999999875 4.399999999999402 0
13.09999999999854 4.299999999999304 0
13.09999999999833 4.199999999999203 0
13.09999999999812 4.099999999999106 0
13.09999999999791 3.999999999999004 0
13.0999999999977 3.899999999998905 0
13.09999999999749 3.799999999998805 0
13.09999999999728 3.699999999998705 0
13.09999999999706 3.599999999998607 0
13.09999999999685 3.499999999998506 0
13.09999999999665 3.399999999998407 0
13.09999999999643 3.299999999998307 0
13.09999999999622 3.199999999998207 0
13.09999999999602 3.099999999998108 0
13.09999999999581 2.999999999998008 0
13.0999999999956 2.899999999997908 0
13.09999999999539 2.799999999997809 0
13.09999999999518 2.699999999997708 0
13.09999999999496 2.59999999999761 0
13.09999999999476 2.49999999999751 0
13.09999999999454 2.39999999999741 0
13.09999999999433 2.29999999999731 0
13.09999999999413 2.19999999999721 0
13.09999999999392 2.099999999997111 0
13.09999999999371 1.999999999997057 0
13.09999999999349 1.899999999997237 0
13.09999999999329 1.799999999997428 0
13.09999999999308 1.699999999997619 0
13.09999999999287 1.59999999999781 0
13.09999999999265 1.499999999998002 0
13.09999999999244 1.399999999998193 0
13.09999999999224 1.299999999998384 0
13.09999999999203 1.199999999998575 0
13.09999999999182 1.099999999998766 0
13.09999999999161 0.9999999999989579 0
13.0999999999914 0.8999999999991493 0
13.09999999999118 0.7999999999993407 0
13.09999999999097 0.6999999999995321 0
13.09999999999076 0.5999999999996819 0
13.09999999999055 0.4999999999997332 0
13.09999999999035 0.399999999999779 0
13.09999999999014 0.2999999999998252 0
13.09999999998993 0.1999999999998908 0
13.09999999998971 0.09999999999995252 0
12.99999999999979 4.899999999999902 0
12.99999999999958 4.799999999999802 0
12.99999999999937 4.699999999999704 0
12.99999999999916 4.599999999999607 0
12.99999999999894 4.499999999999505 0
12.99999999999873 4.399999999999407 0
12.99999999999851 4.299999999999308 0
12.9999999999983 4.199999999999211 0
12.99999999999809 4.099999999999112 0
12.99999999999788 3.999999999999012 0
12.99999999999766 3.899999999998913 0
12.99999999999745 3.799999999998815 0
12.99999999999724 3.699999999998716 0
12.99999999999702 3.599999999998617 0
12.99999999999681 3.499999999998518 0
12.9999999999966 3.399999999998419 0
12.99999999999638 3.29999999999832 0
12.99999999999617 3.199999999998221 0
12.99999999999596 3.099999999998122 0
12.99999999999574 2.999999999998023 0
12.99999999999553 2.899999999997924 0
12.99999999999532 2.799999999997826 0
12.9999999999951 2.699999999997726 0
12.99999999999489 2.599999999997628 0
12.99999999999467 2.499999999997529 0
12.99999999999446 2.39999999999743 0
12.99999999999425 2.299999999997331 0
12.99999999999404 2.199999999997232 0
12.99999999999383 2.099999999997133 0
12.99999999999361 1.999999999997079 0
12.9999999999934 1.899999999997258 0
12.99999999999319 1.799999999997448 0
12.99999999999297 1.699999999997637 0
12.99999999999276 1.599999999997827 0
12.99999999999254 1.499999999998017 0
12.99999999999234 1.399999999998206 0
12.99999999999212 1.299999999998396 0
12.9999999999919 1.199999999998586 0
12.9999999999917 1.099999999998776 0
12.99999999999148 0.9999999999989659 0
12.99999999999126 0.8999999999991559 0
12.99999999999105 0.7999999999993457 0
12.99999999999084 0.6999999999995357 0
12.99999999999063 0.5999999999996843 0
12.99999999999042 0.4999999999997352 0
12.99999999999021 0.3999999999997808 0
12.99999999998999 0.2999999999998265 0
12.99999999998978 0.1999999999998917 0
12.99999999998956 0.09999999999995288 0
12.89999999999979 4.899999999999903 0
12.89999999999958 4.799999999999805 0
12.89999999999936 4.699999999999704 0
12.89999999999915 4.599999999999609 0
12.89999999999893 4.49999999999951 0
12.89999999999871 4.399999999999411 0
12.8999999999985 4.299999999999313 0
12.89999999999828 4.199999999999214 0
12.89999999999806 4.099999999999119 0
12.89999999999785 3.99999999999902 0
12.89999999999763 3.899999999998921 0
12.89999999999742 3.799999999998823 0
12.8999999999972 3.699999999998727 0
12.89999999999698 3.599999999998628 0
12.89999999999677 3.499999999998529 0
12.89999999999655 3.39999999999843 0
12.89999999999633 3.299999999998333 0
12.89999999999612 3.199999999998234 0
12.8999999999959 3.099999999998137 0
12.89999999999569 2.999999999998038 0
12.89999999999547 2.89999999999794 0
12.89999999999525 2.799999999997843 0
12.89999999999504 2.699999999997743 0
12.89999999999482 2.599999999997646 0
12.89999999999461 2.499999999997547 0
12.89999999999439 2.39999999999745 0
12.89999999999417 2.299999999997352 0
12.89999999999396 2.199999999997253 0
12.89999999999374 2.099999999997156 0
12.89999999999353 1.999999999997101 0
12.89999999999331 1.899999999997279 0
12.89999999999309 1.799999999997467 0
12.89999999999287 1.699999999997655 0
12.89999999999266 1.599999999997844 0
12.89999999999245 1.499999999998032 0
12.89999999999223 1.39999999999822 0
12.89999999999201 1.299999999998408 0
12.89999999999179 1.199999999998597 0
12.89999999999158 1.099999999998786 0
12.89999999999136 0.999999999998974 0
12.89999999999115 0.8999999999991624 0
12.89999999999093 0.799999999999351 0
12.89999999999071 0.6999999999995392 0
12.8999999999905 0.5999999999996869 0
12.89999999999028 0.4999999999997373 0
12.89999999999007 0.3999999999997824 0
12.89999999998985 0.2999999999998278 0
12.89999999998963 0.1999999999998925 0
12.89999999998942 0.09999999999995324 0
12.79999999999979 4.899999999999903 0
12.79999999999957 4.799999999999805 0
12.79999999999935 4.699999999999708 0
12.79999999999913 4.599999999999612 0
12.79999999999891 4.499999999999515 0
12.7999999999987 4.399999999999416 0
12.79999999999847 4.299999999999319 0
12.79999999999825 4.19999999999922 0
12.79999999999804 4.099999999999125 0
12.79999999999781 3.999999999999027 0
12.7999999999976 3.89999999999893 0
12.79999999999738 3.799999999998833 0
12.79999999999715 3.699999999998735 0
12.79999999999694 3.599999999998638 0
12.79999999999672 3.49999999999854 0
12.7999999999965 3.399999999998442 0
12.79999999999628 3.299999999998346 0
12.79999999999606 3.199999999998249 0
12.79999999999584 3.099999999998151 0
12.79999999999562 2.999999999998054 0
12.7999999999954 2.899999999997956 0
12.79999999999518 2.799999999997858 0
12.79999999999496 2.699999999997761 0
12.79999999999475 2.599999999997663 0
12.79999999999453 2.499999999997566 0
12.79999999999431 2.399999999997469 0
12.79999999999409 2.299999999997372 0
12.79999999999387 2.199999999997274 0
12.79999999999365 2.099999999997177 0
12.79999999999343 1.999999999997124 0
12.79999999999321 1.8999999999973 0
12.79999999999299 1.799999999997487 0
12.79999999999277 1.699999999997674 0
12.79999999999255 1.59999999999786 0
12.79999999999234 1.499999999998047 0
12.79999999999211 1.399999999998234 0
12.79999999999189 1.299999999998421 0
12.79999999999168 1.199999999998608 0
12.79999999999146 1.099999999998795 0
12.79999999999124 0.9999999999989819 0
12.79999999999102 0.8999999999991688 0
12.7999999999908 0.7999999999993557 0
12.79999999999058 0.699999999999543 0
12.79999999999036 0.5999999999996892 0
12.79999999999015 0.4999999999997393 0
12.79999999998993 0.3999999999997841 0
12.7999999999897 0.2999999999998292 0
12.79999999998948 0.1999999999998933 0
12.79999999998926 0.09999999999995357 0
12.69999999999979 4.899999999999904 0
12.69999999999957 4.799999999999807 0
12.69999999999934 4.69999999999971 0
12.69999999999912 4.599999999999614 0
12.6999999999989 4.499999999999518 0
12.69999999999868 4.399999999999419 0
12.69999999999845 4.299999999999326 0
12.69999999999823 4.199999999999228 0
12.69999999999801 4.099999999999131 0
12.69999999999779 3.999999999999035 0
12.69999999999757 3.899999999998939 0
12.69999999999734 3.799999999998842 0
12.69999999999712 3.699999999998745 0
12.6999999999969 3.599999999998649 0
12.69999999999667 3.499999999998552 0
12.69999999999645 3.399999999998455 0
12.69999999999623 3.299999999998359 0
12.69999999999601 3.199999999998262 0
12.69999999999578 3.099999999998166 0
12.69999999999557 2.999999999998069 0
12.69999999999534 2.899999999997972 0
12.69999999999512 2.799999999997876 0
12.6999999999949 2.699999999997779 0
12.69999999999467 2.599999999997682 0
12.69999999999445 2.499999999997586 0
12.69999999999423 2.399999999997489 0
12.69999999999401 2.299999999997393 0
12.69999999999379 2.199999999997296 0
12.69999999999357 2.0999999999972 0
12.69999999999334 1.999999999997146 0
12.69999999999312 1.899999999997322 0
12.6999999999929 1.799999999997507 0
12.69999999999267 1.699999999997692 0
12.69999999999245 1.599999999997877 0
12.69999999999223 1.499999999998062 0
12.69999999999201 1.399999999998248 0
12.69999999999178 1.299999999998433 0
12.69999999999156 1.199999999998619 0
12.69999999999134 1.099999999998804 0
12.69999999999112 0.9999999999989897 0
12.69999999999089 0.8999999999991755 0
12.69999999999067 0.7999999999993607 0
12.69999999999045 0.6999999999995465 0
12.69999999999023 0.5999999999996917 0
12.69999999999001 0.4999999999997414 0
12.69999999998979 0.3999999999997857 0
12.69999999998956 0.2999999999998305 0
12.69999999998934 0.1999999999998942 0
12.69999999998912 0.09999999999995393 0
12.59999999999979 4.899999999999904 0
12.59999999999956 4.799999999999809 0
12.59999999999933 4.699999999999712 0
12.59999999999911 4.599999999999618 0
12.59999999999888 4.499999999999522 0
12.59999999999865 4.399999999999425 0
12.59999999999843 4.299999999999329 0
12.59999999999821 4.199999999999234 0
12.59999999999798 4.099999999999137 0
12.59999999999775 3.999999999999043 0
12.59999999999753 3.899999999998946 0
12.59999999999731 3.799999999998851 0
12.59999999999708 3.699999999998755 0
12.59999999999685 3.59999999999866 0
12.59999999999663 3.499999999998563 0
12.5999999999964 3.399999999998467 0
12.59999999999618 3.299999999998372 0
12.59999999999595 3.199999999998275 0
12.59999999999572 3.09999999999818 0
12.5999999999955 2.999999999998085 0
12.59999999999527 2.899999999997988 0
12.59999999999505 2.799999999997893 0
12.59999999999483 2.699999999997797 0
12.5999999999946 2.599999999997701 0
12.59999999999438 2.499999999997605 0
12.59999999999415 2.399999999997509 0
12.59999999999392 2.299999999997413 0
12.5999999999937 2.199999999997317 0
12.59999999999347 2.099999999997221 0
12.59999999999325 1.999999999997169 0
12.59999999999302 1.899999999997342 0
12.5999999999928 1.799999999997526 0
12.59999999999257 1.69999999999771 0
12.59999999999235 1.599999999997894 0
12.59999999999213 1.499999999998078 0
12.5999999999919 1.399999999998262 0
12.59999999999167 1.299999999998446 0
12.59999999999145 1.199999999998629 0
12.59999999999122 1.099999999998814 0
12.599999999991 0.9999999999989977 0
12.59999999999077 0.8999999999991819 0
12.59999999999055 0.7999999999993658 0
12.59999999999032 0.6999999999995501 0
12.59999999999009 0.5999999999996939 0
12.59999999998987 0.4999999999997433 0
12.59999999998964 0.3999999999997875 0
12.59999999998942 0.2999999999998318 0
12.59999999998919 0.199999999999895 0
12.59999999998897 0.09999999999995429 0
12.49999999999978 4.899999999999906 0
12.49999999999955 4.799999999999811 0
12.49999999999932 4.699999999999715 0
12.49999999999909 4.59999999999962 0
12.49999999999886 4.499999999999527 0
12.49999999999863 4.39999999999943 0
12.49999999999841 4.299999999999335 0
12.49999999999818 4.199999999999239 0
12.49999999999795 4.099999999999144 0
12.49999999999772 3.99999999999905 0
12.4999999999975 3.899999999998956 0
12.49999999999727 3.79999999999886 0
12.49999999999704 3.699999999998766 0
12.49999999999681 3.59999999999867 0
12.49999999999658 3.499999999998574 0
12.49999999999635 3.39999999999848 0
12.49999999999613 3.299999999998383 0
12.4999999999959 3.199999999998289 0
12.49999999999567 3.099999999998195 0
12.49999999999544 2.999999999998099 0
12.49999999999521 2.899999999998005 0
12.49999999999498 2.799999999997909 0
12.49999999999476 2.699999999997814 0
12.49999999999453 2.599999999997718 0
12.4999999999943 2.499999999997624 0
12.49999999999407 2.399999999997529 0
12.49999999999384 2.299999999997434 0
12.49999999999361 2.199999999997338 0
12.49999999999339 2.099999999997244 0
12.49999999999316 1.999999999997192 0
12.49999999999293 1.899999999997363 0
12.4999999999927 1.799999999997546 0
12.49999999999248 1.699999999997728 0
12.49999999999225 1.599999999997911 0
12.49999999999201 1.499999999998093 0
12.49999999999179 1.399999999998275 0
12.49999999999156 1.299999999998458 0
12.49999999999133 1.19999999999864 0
12.4999999999911 1.099999999998823 0
12.49999999999088 0.9999999999990059 0
12.49999999999065 0.8999999999991882 0
12.49999999999042 0.7999999999993708 0
12.49999999999019 0.6999999999995536 0
12.49999999998996 0.5999999999996964 0
12.49999999998973 0.4999999999997454 0
12.49999999998951 0.3999999999997892 0
12.49999999998928 0.2999999999998331 0
12.49999999998905 0.1999999999998958 0
12.49999999998882 0.09999999999995468 0
12.39999999999978 4.899999999999906 0
12.39999999999955 4.799999999999812 0
12.39999999999931 4.699999999999716 0
12.39999999999908 4.599999999999625 0
12.39999999999885 4.49999999999953 0
12.39999999999862 4.399999999999434 0
12.39999999999839 4.29999999999934 0
12.39999999999816 4.199999999999246 0
12.39999999999793 4.099999999999151 0
12.39999999999769 3.999999999999058 0
12.39999999999746 3.899999999998963 0
12.39999999999723 3.799999999998869 0
12.399999999997 3.699999999998774 0
12.39999999999677 3.599999999998681 0
12.39999999999654 3.499999999998585 0
12.39999999999631 3.399999999998492 0
12.39999999999607 3.299999999998398 0
12.39999999999585 3.199999999998303 0
12.39999999999561 3.099999999998209 0
12.39999999999538 2.999999999998115 0
12.39999999999515 2.89999999999802 0
12.39999999999492 2.799999999997926 0
12.39999999999469 2.699999999997831 0
12.39999999999445 2.599999999997737 0
12.39999999999422 2.499999999997643 0
12.39999999999399 2.399999999997549 0
12.39999999999376 2.299999999997454 0
12.39999999999353 2.19999999999736 0
12.3999999999933 2.099999999997266 0
12.39999999999307 1.999999999997214 0
12.39999999999284 1.899999999997384 0
12.39999999999261 1.799999999997565 0
12.39999999999237 1.699999999997746 0
12.39999999999214 1.599999999997928 0
12.39999999999191 1.499999999998108 0
12.39999999999168 1.39999999999829 0
12.39999999999145 1.29999999999847 0
12.39999999999122 1.199999999998651 0
12.39999999999099 1.099999999998833 0
12.39999999999075 0.9999999999990137 0
12.39999999999052 0.8999999999991948 0
12.39999999999029 0.7999999999993757 0
12.39999999999006 0.6999999999995572 0
12.39999999998983 0.5999999999996988 0
12.3999999999896 0.4999999999997474 0
12.39999999998937 0.3999999999997907 0
12.39999999998914 0.2999999999998345 0
12.39999999998891 0.1999999999998967 0
12.39999999998867 0.09999999999995501 0
12.29999999999977 4.899999999999906 0
12.29999999999954 4.799999999999812 0
12.2999999999993 4.699999999999719 0
12.29999999999907 4.599999999999628 0
12.29999999999884 4.499999999999534 0
12.2999999999986 4.399999999999439 0
12.29999999999837 4.299999999999347 0
12.29999999999813 4.199999999999253 0
12.2999999999979 4.099999999999159 0
12.29999999999766 3.999999999999065 0
12.29999999999743 3.899999999998972 0
12.29999999999719 3.799999999998878 0
12.29999999999696 3.699999999998785 0
12.29999999999672 3.599999999998692 0
12.29999999999649 3.499999999998598 0
12.29999999999626 3.399999999998504 0
12.29999999999602 3.29999999999841 0
12.29999999999579 3.199999999998317 0
12.29999999999555 3.099999999998223 0
12.29999999999532 2.99999999999813 0
12.29999999999509 2.899999999998036 0
12.29999999999485 2.799999999997943 0
12.29999999999462 2.699999999997849 0
12.29999999999438 2.599999999997755 0
12.29999999999415 2.499999999997662 0
12.29999999999391 2.399999999997569 0
12.29999999999368 2.299999999997475 0
12.29999999999344 2.19999999999738 0
12.29999999999321 2.099999999997287 0
12.29999999999298 1.999999999997236 0
12.29999999999274 1.899999999997406 0
12.2999999999925 1.799999999997585 0
12.29999999999227 1.699999999997765 0
12.29999999999204 1.599999999997944 0
12.2999999999918 1.499999999998124 0
12.29999999999157 1.399999999998303 0
12.29999999999134 1.299999999998483 0
12.2999999999911 1.199999999998662 0
12.29999999999087 1.099999999998842 0
12.29999999999063 0.9999999999990217 0
12.2999999999904 0.8999999999992014 0
12.29999999999016 0.7999999999993811 0
12.29999999998993 0.6999999999995608 0
12.29999999998969 0.5999999999997014 0
12.29999999998946 0.4999999999997494 0
12.29999999998923 0.3999999999997925 0
12.29999999998899 0.2999999999998358 0
12.29999999998876 0.1999999999998975 0
12.29999999998852 0.09999999999995537 0
12.19999999999977 4.899999999999908 0
12.19999999999953 4.799999999999816 0
12.19999999999929 4.699999999999722 0
12.19999999999906 4.599999999999629 0
12.19999999999882 4.499999999999538 0
12.19999999999858 4.399999999999445 0
12.19999999999834 4.299999999999351 0
12.19999999999811 4.199999999999259 0
12.19999999999787 4.099999999999167 0
12.19999999999763 3.999999999999073 0
12.1999999999974 3.899999999998981 0
12.19999999999716 3.799999999998888 0
12.19999999999692 3.699999999998795 0
12.19999999999668 3.599999999998702 0
12.19999999999645 3.499999999998609 0
12.19999999999621 3.399999999998517 0
12.19999999999597 3.299999999998423 0
12.19999999999573 3.19999999999833 0
12.19999999999549 3.099999999998237 0
12.19999999999526 2.999999999998145 0
12.19999999999502 2.899999999998052 0
12.19999999999478 2.79999999999796 0
12.19999999999455 2.699999999997866 0
12.19999999999431 2.599999999997774 0
12.19999999999407 2.499999999997681 0
12.19999999999384 2.399999999997588 0
12.1999999999936 2.299999999997495 0
12.19999999999336 2.199999999997402 0
12.19999999999312 2.09999999999731 0
12.19999999999288 1.99999999999726 0
12.19999999999265 1.899999999997427 0
12.19999999999241 1.799999999997605 0
12.19999999999217 1.699999999997783 0
12.19999999999193 1.599999999997961 0
12.1999999999917 1.499999999998139 0
12.19999999999146 1.399999999998317 0
12.19999999999122 1.299999999998495 0
12.19999999999098 1.199999999998673 0
12.19999999999075 1.099999999998851 0
12.19999999999051 0.9999999999990294 0
12.19999999999027 0.8999999999992079 0
12.19999999999004 0.799999999999386 0
12.1999999999898 0.6999999999995645 0
12.19999999998956 0.5999999999997037 0
12.19999999998932 0.4999999999997515 0
12.19999999998909 0.3999999999997942 0
12.19999999998885 0.2999999999998372 0
12.19999999998861 0.1999999999998984 0
12.19999999998838 0.09999999999995574 0
12.09999999999977 4.899999999999908 0
12.09999999999952 4.799999999999816 0
12.09999999999929 4.699999999999724 0
12.09999999999905 4.599999999999632 0
12.0999999999988 4.499999999999541 0
12.09999999999856 4.399999999999448 0
12.09999999999833 4.299999999999356 0
12.09999999999808 4.199999999999264 0
12.09999999999784 4.099999999999174 0
12.0999999999976 3.999999999999081 0
12.09999999999736 3.899999999998989 0
12.09999999999712 3.799999999998897 0
12.09999999999688 3.699999999998805 0
12.09999999999664 3.599999999998713 0
12.0999999999964 3.49999999999862 0
12.09999999999616 3.399999999998528 0
12.09999999999592 3.299999999998436 0
12.09999999999568 3.199999999998344 0
12.09999999999544 3.099999999998252 0
12.0999999999952 2.999999999998161 0
12.09999999999496 2.899999999998068 0
12.09999999999472 2.799999999997976 0
12.09999999999447 2.699999999997884 0
12.09999999999424 2.599999999997792 0
12.099999999994 2.4999999999977 0
12.09999999999375 2.399999999997608 0
12.09999999999352 2.299999999997516 0
12.09999999999327 2.199999999997424 0
12.09999999999303 2.099999999997332 0
12.09999999999279 1.999999999997282 0
12.09999999999255 1.899999999997448 0
12.09999999999231 1.799999999997624 0
12.09999999999207 1.699999999997801 0
12.09999999999183 1.599999999997977 0
12.09999999999159 1.499999999998154 0
12.09999999999135 1.399999999998331 0
12.09999999999111 1.299999999998507 0
12.09999999999087 1.199999999998684 0
12.09999999999063 1.099999999998861 0
12.09999999999039 0.9999999999990375 0
12.09999999999015 0.8999999999992144 0
12.09999999998991 0.799999999999391 0
12.09999999998966 0.6999999999995679 0
12.09999999998942 0.5999999999997061 0
12.09999999998919 0.4999999999997535 0
12.09999999998895 0.3999999999997959 0
12.0999999999887 0.2999999999998385 0
12.09999999998846 0.1999999999998991 0
12.09999999998822 0.0999999999999561 0
11.99999999999976 4.899999999999909 0
11.99999999999952 4.799999999999817 0
11.99999999999928 4.699999999999726 0
11.99999999999903 4.599999999999635 0
11.99999999999879 4.499999999999544 0
11.99999999999855 4.399999999999453 0
11.9999999999983 4.29999999999936 0
11.99999999999805 4.19999999999927 0
11.99999999999782 4.09999999999918 0
11.99999999999757 3.999999999999089 0
11.99999999999733 3.899999999998997 0
11.99999999999708 3.799999999998905 0
11.99999999999684 3.699999999998814 0
11.9999999999966 3.599999999998723 0
11.99999999999635 3.499999999998631 0
11.99999999999611 3.399999999998541 0
11.99999999999587 3.29999999999845 0
11.99999999999562 3.199999999998358 0
11.99999999999538 3.099999999998267 0
11.99999999999514 2.999999999998175 0
11.99999999999489 2.899999999998084 0
11.99999999999465 2.799999999997993 0
11.99999999999441 2.699999999997901 0
11.99999999999416 2.59999999999781 0
11.99999999999392 2.499999999997719 0
11.99999999999367 2.399999999997627 0
11.99999999999343 2.299999999997537 0
11.99999999999319 2.199999999997444 0
11.99999999999295 2.099999999997354 0
11.9999999999927 1.999999999997304 0
11.99999999999246 1.899999999997469 0
11.99999999999221 1.799999999997644 0
11.99999999999197 1.699999999997819 0
11.99999999999173 1.599999999997994 0
11.99999999999148 1.49999999999817 0
11.99999999999124 1.399999999998344 0
11.999999999991 1.29999999999852 0
11.99999999999075 1.199999999998695 0
11.99999999999051 1.09999999999887 0
11.99999999999027 0.9999999999990453 0
11.99999999999002 0.899999999999221 0
11.99999999998978 0.7999999999993961 0
11.99999999998954 0.6999999999995716 0
11.99999999998929 0.5999999999997085 0
11.99999999998905 0.4999999999997556 0
11.99999999998881 0.3999999999997976 0
11.99999999998856 0.2999999999998398 0
11.99999999998832 0.1999999999999 0
11.99999999998807 0.09999999999995646 0
11.89999999999976 4.899999999999909 0
11.89999999999951 4.799999999999819 0
11.89999999999927 4.699999999999728 0
11.89999999999902 4.599999999999638 0
11.89999999999878 4.499999999999548 0
11.89999999999853 4.399999999999459 0
11.89999999999828 4.299999999999368 0
11.89999999999804 4.199999999999276 0
11.89999999999779 4.099999999999187 0
11.89999999999754 3.999999999999096 0
11.89999999999729 3.899999999999006 0
11.89999999999705 3.799999999998914 0
11.8999999999968 3.699999999998824 0
11.89999999999656 3.599999999998734 0
11.89999999999631 3.499999999998643 0
11.89999999999606 3.399999999998552 0
11.89999999999582 3.299999999998462 0
11.89999999999557 3.199999999998372 0
11.89999999999532 3.099999999998281 0
11.89999999999507 2.999999999998191 0
11.89999999999483 2.8999999999981 0
11.89999999999458 2.799999999998009 0
11.89999999999434 2.699999999997919 0
11.89999999999409 2.599999999997829 0
11.89999999999384 2.499999999997738 0
11.8999999999936 2.399999999997648 0
11.89999999999335 2.299999999997556 0
11.8999999999931 2.199999999997466 0
11.89999999999285 2.099999999997376 0
11.89999999999261 1.999999999997327 0
11.89999999999236 1.89999999999749 0
11.89999999999212 1.799999999997664 0
11.89999999999187 1.699999999997837 0
11.89999999999162 1.599999999998011 0
11.89999999999138 1.499999999998185 0
11.89999999999113 1.399999999998358 0
11.89999999999088 1.299999999998532 0
11.89999999999064 1.199999999998706 0
11.89999999999039 1.09999999999888 0
11.89999999999015 0.9999999999990533 0
11.89999999998989 0.8999999999992274 0
11.89999999998965 0.799999999999401 0
11.8999999999894 0.6999999999995752 0
11.89999999998916 0.5999999999997112 0
11.89999999998891 0.4999999999997576 0
11.89999999998867 0.3999999999997992 0
11.89999999998842 0.2999999999998412 0
11.89999999998817 0.1999999999999009 0
11.89999999998792 0.09999999999995682 0
11.79999999999976 4.89999999999991 0
11.79999999999951 4.799999999999821 0
11.79999999999926 4.699999999999731 0
11.79999999999901 4.599999999999643 0
11.79999999999876 4.499999999999552 0
11.79999999999851 4.399999999999462 0
11.79999999999826 4.299999999999372 0
11.79999999999801 4.199999999999282 0
11.79999999999776 4.099999999999195 0
11.79999999999751 3.999999999999104 0
11.79999999999726 3.899999999999014 0
11.79999999999701 3.799999999998924 0
11.79999999999676 3.699999999998834 0
11.79999999999651 3.599999999998745 0
11.79999999999626 3.499999999998655 0
11.79999999999601 3.399999999998565 0
11.79999999999576 3.299999999998475 0
11.79999999999551 3.199999999998385 0
11.79999999999527 3.099999999998296 0
11.79999999999501 2.999999999998205 0
11.79999999999476 2.899999999998116 0
11.79999999999452 2.799999999998027 0
11.79999999999427 2.699999999997936 0
11.79999999999401 2.599999999997847 0
11.79999999999377 2.499999999997756 0
11.79999999999352 2.399999999997667 0
11.79999999999327 2.299999999997578 0
11.79999999999302 2.199999999997488 0
11.79999999999277 2.099999999997398 0
11.79999999999252 1.999999999997349 0
11.79999999999227 1.899999999997511 0
11.79999999999202 1.799999999997683 0
11.79999999999177 1.699999999997855 0
11.79999999999152 1.599999999998028 0
11.79999999999127 1.4999999999982 0
11.79999999999102 1.399999999998372 0
11.79999999999077 1.299999999998544 0
11.79999999999052 1.199999999998717 0
11.79999999999027 1.099999999998889 0
11.79999999999002 0.9999999999990615 0
11.79999999998977 0.8999999999992339 0
11.79999999998952 0.799999999999406 0
11.79999999998928 0.6999999999995787 0
11.79999999998903 0.5999999999997134 0
11.79999999998877 0.4999999999997596 0
11.79999999998852 0.3999999999998008 0
11.79999999998828 0.2999999999998425 0
11.79999999998802 0.1999999999999017 0
11.79999999998778 0.09999999999995718 0
11.69999999999975 4.899999999999912 0
11.6999999999995 4.799999999999823 0
11.69999999999925 4.699999999999733 0
11.699999999999 4.599999999999646 0
11.69999999999874 4.499999999999556 0
11.69999999999849 4.399999999999466 0
11.69999999999824 4.299999999999377 0
11.69999999999799 4.199999999999289 0
11.69999999999773 4.099999999999201 0
11.69999999999748 3.999999999999111 0
11.69999999999723 3.899999999999022 0
11.69999999999697 3.799999999998933 0
11.69999999999672 3.699999999998844 0
11.69999999999647 3.599999999998755 0
11.69999999999622 3.499999999998665 0
11.69999999999596 3.399999999998577 0
11.69999999999571 3.299999999998488 0
11.69999999999546 3.199999999998399 0
11.69999999999521 3.09999999999831 0
11.69999999999496 2.999999999998222 0
11.6999999999947 2.899999999998132 0
11.69999999999445 2.799999999998044 0
11.69999999999419 2.699999999997954 0
11.69999999999394 2.599999999997864 0
11.69999999999369 2.499999999997776 0
11.69999999999344 2.399999999997687 0
11.69999999999319 2.299999999997598 0
11.69999999999293 2.199999999997509 0
11.69999999999268 2.09999999999742 0
11.69999999999243 1.999999999997371 0
11.69999999999217 1.899999999997532 0
11.69999999999192 1.799999999997703 0
11.69999999999167 1.699999999997873 0
11.69999999999142 1.599999999998045 0
11.69999999999116 1.499999999998215 0
11.69999999999091 1.399999999998386 0
11.69999999999066 1.299999999998557 0
11.69999999999041 1.199999999998727 0
11.69999999999015 1.099999999998898 0
11.6999999999899 0.9999999999990695 0
11.69999999998965 0.8999999999992404 0
11.6999999999894 0.7999999999994112 0
11.69999999998914 0.6999999999995823 0
11.69999999998889 0.5999999999997159 0
11.69999999998864 0.4999999999997616 0
11.69999999998838 0.3999999999998025 0
11.69999999998813 0.2999999999998438 0
11.69999999998788 0.1999999999999025 0
11.69999999998763 0.09999999999995754 0
11.59999999999975 4.899999999999913 0
11.5999999999995 4.799999999999823 0
11.59999999999924 4.699999999999736 0
11.59999999999898 4.599999999999649 0
11.59999999999873 4.499999999999559 0
11.59999999999847 4.399999999999471 0
11.59999999999822 4.299999999999383 0
11.59999999999796 4.199999999999296 0
11.5999999999977 4.099999999999208 0
11.59999999999745 3.999999999999118 0
11.59999999999719 3.89999999999903 0
11.59999999999694 3.799999999998943 0
11.59999999999668 3.699999999998855 0
11.59999999999643 3.599999999998766 0
11.59999999999617 3.499999999998678 0
11.59999999999591 3.399999999998589 0
11.59999999999566 3.299999999998501 0
11.5999999999954 3.199999999998413 0
11.59999999999515 3.099999999998325 0
11.59999999999489 2.999999999998236 0
11.59999999999464 2.899999999998148 0
11.59999999999438 2.79999999999806 0
11.59999999999413 2.699999999997972 0
11.59999999999387 2.599999999997883 0
11.59999999999362 2.499999999997795 0
11.59999999999336 2.399999999997707 0
11.5999999999931 2.299999999997619 0
11.59999999999285 2.19999999999753 0
11.59999999999259 2.099999999997442 0
11.59999999999234 1.999999999997394 0
11.59999999999208 1.899999999997553 0
11.59999999999182 1.799999999997723 0
11.59999999999157 1.699999999997892 0
11.59999999999131 1.599999999998061 0
11.59999999999106 1.49999999999823 0
11.5999999999908 1.399999999998399 0
11.59999999999055 1.299999999998569 0
11.59999999999029 1.199999999998738 0
11.59999999999004 1.099999999998908 0
11.59999999998978 0.9999999999990772 0
11.59999999998953 0.899999999999247 0
11.59999999998927 0.7999999999994162 0
11.59999999998901 0.6999999999995858 0
11.59999999998876 0.5999999999997183 0
11.5999999999885 0.4999999999997637 0
11.59999999998825 0.3999999999998043 0
11.59999999998799 0.2999999999998452 0
11.59999999998773 0.1999999999999034 0
11.59999999998748 0.0999999999999579 0
11.49999999999975 4.899999999999913 0
11.49999999999949 4.799999999999825 0
11.49999999999923 4.699999999999736 0
11.49999999999897 4.599999999999651 0
11.49999999999871 4.499999999999563 0
11.49999999999845 4.399999999999475 0
11.4999999999982 4.299999999999388 0
11.49999999999794 4.199999999999301 0
11.49999999999768 4.099999999999214 0
11.49999999999742 3.999999999999126 0
11.49999999999716 3.899999999999039 0
11.4999999999969 3.799999999998952 0
11.49999999999664 3.699999999998865 0
11.49999999999639 3.599999999998777 0
11.49999999999613 3.499999999998689 0
11.49999999999587 3.399999999998602 0
11.49999999999561 3.299999999998514 0
11.49999999999535 3.199999999998426 0
11.49999999999509 3.099999999998339 0
11.49999999999483 2.999999999998252 0
11.49999999999458 2.899999999998164 0
11.49999999999432 2.799999999998076 0
11.49999999999406 2.699999999997988 0
11.4999999999938 2.599999999997902 0
11.49999999999354 2.499999999997813 0
11.49999999999328 2.399999999997727 0
11.49999999999302 2.299999999997639 0
11.49999999999276 2.199999999997551 0
11.4999999999925 2.099999999997464 0
11.49999999999224 1.999999999997417 0
11.49999999999199 1.899999999997575 0
11.49999999999173 1.799999999997742 0
11.49999999999147 1.69999999999791 0
11.49999999999121 1.599999999998078 0
11.49999999999095 1.499999999998246 0
11.49999999999069 1.399999999998413 0
11.49999999999043 1.299999999998581 0
11.49999999999018 1.199999999998749 0
11.49999999998991 1.099999999998917 0
11.49999999998966 0.9999999999990852 0
11.4999999999894 0.8999999999992533 0
11.49999999998914 0.7999999999994212 0
11.49999999998888 0.6999999999995894 0
11.49999999998862 0.5999999999997208 0
11.49999999998836 0.4999999999997658 0
11.4999999999881 0.399999999999806 0
11.49999999998785 0.2999999999998465 0
11.49999999998759 0.1999999999999041 0
11.49999999998733 0.09999999999995826 0
11.39999999999975 4.899999999999912 0
11.39999999999949 4.799999999999827 0
11.39999999999922 4.699999999999739 0
11.39999999999896 4.599999999999654 0
11.3999999999987 4.499999999999567 0
11.39999999999844 4.39999999999948 0
11.39999999999818 4.299999999999393 0
11.39999999999791 4.199999999999307 0
11.39999999999765 4.099999999999221 0
11.39999999999739 3.999999999999133 0
11.39999999999713 3.899999999999047 0
11.39999999999687 3.799999999998961 0
11.39999999999661 3.699999999998874 0
11.39999999999634 3.599999999998787 0
11.39999999999608 3.499999999998701 0
11.39999999999582 3.399999999998614 0
11.39999999999556 3.299999999998528 0
11.39999999999529 3.199999999998441 0
11.39999999999503 3.099999999998354 0
11.39999999999477 2.999999999998267 0
11.39999999999451 2.89999999999818 0
11.39999999999425 2.799999999998093 0
11.39999999999398 2.699999999998006 0
11.39999999999372 2.59999999999792 0
11.39999999999347 2.499999999997833 0
11.3999999999932 2.399999999997746 0
11.39999999999294 2.299999999997659 0
11.39999999999268 2.199999999997572 0
11.39999999999241 2.099999999997486 0
11.39999999999215 1.999999999997439 0
11.39999999999189 1.899999999997596 0
11.39999999999163 1.799999999997762 0
11.39999999999137 1.699999999997928 0
11.39999999999111 1.599999999998095 0
11.39999999999084 1.499999999998261 0
11.39999999999059 1.399999999998427 0
11.39999999999032 1.299999999998594 0
11.39999999999006 1.19999999999876 0
11.3999999999898 1.099999999998927 0
11.39999999998954 0.9999999999990934 0
11.39999999998927 0.8999999999992598 0
11.39999999998901 0.7999999999994263 0
11.39999999998875 0.6999999999995929 0
11.39999999998849 0.5999999999997232 0
11.39999999998823 0.4999999999997679 0
11.39999999998797 0.3999999999998076 0
11.3999999999877 0.2999999999998478 0
11.39999999998744 0.199999999999905 0
11.39999999998718 0.09999999999995862 0
11.29999999999974 4.899999999999913 0
11.29999999999947 4.799999999999828 0
11.29999999999921 4.699999999999742 0
11.29999999999895 4.599999999999656 0
11.29999999999868 4.49999999999957 0
11.29999999999842 4.399999999999483 0
11.29999999999815 4.299999999999399 0
11.29999999999789 4.199999999999314 0
11.29999999999762 4.099999999999227 0
11.29999999999736 3.999999999999141 0
11.29999999999709 3.899999999999055 0
11.29999999999683 3.79999999999897 0
11.29999999999657 3.699999999998884 0
11.2999999999963 3.599999999998798 0
11.29999999999603 3.499999999998712 0
11.29999999999577 3.399999999998625 0
11.2999999999955 3.299999999998541 0
11.29999999999524 3.199999999998454 0
11.29999999999498 3.099999999998368 0
11.29999999999471 2.999999999998282 0
11.29999999999444 2.899999999998196 0
11.29999999999418 2.79999999999811 0
11.29999999999391 2.699999999998024 0
11.29999999999365 2.599999999997938 0
11.29999999999339 2.499999999997851 0
11.29999999999312 2.399999999997766 0
11.29999999999286 2.29999999999768 0
11.29999999999259 2.199999999997594 0
11.29999999999232 2.099999999997508 0
11.29999999999206 1.999999999997461 0
11.2999999999918 1.899999999997616 0
11.29999999999153 1.799999999997781 0
11.29999999999127 1.699999999997946 0
11.299999999991 1.599999999998112 0
11.29999999999073 1.499999999998276 0
11.29999999999047 1.399999999998441 0
11.29999999999021 1.299999999998606 0
11.29999999998994 1.199999999998771 0
11.29999999998967 1.099999999998936 0
11.29999999998941 0.9999999999991009 0
11.29999999998915 0.8999999999992664 0
11.29999999998888 0.7999999999994314 0
11.29999999998862 0.6999999999995965 0
11.29999999998835 0.5999999999997256 0
11.29999999998809 0.4999999999997699 0
11.29999999998782 0.3999999999998093 0
11.29999999998756 0.2999999999998492 0
11.2999999999873 0.1999999999999058 0
11.29999999998703 0.09999999999995898 0
11.19999999999974 4.899999999999915 0
11.19999999999947 4.79999999999983 0
11.19999999999921 4.699999999999745 0
11.19999999999894 4.59999999999966 0
11.19999999999867 4.499999999999575 0
11.1999999999984 4.399999999999489 0
11.19999999999813 4.299999999999404 0
11.19999999999786 4.199999999999319 0
11.1999999999976 4.099999999999234 0
11.19999999999733 3.99999999999915 0
11.19999999999706 3.899999999999064 0
11.19999999999679 3.799999999998978 0
11.19999999999652 3.699999999998894 0
11.19999999999626 3.599999999998809 0
11.19999999999599 3.499999999998723 0
11.19999999999572 3.399999999998637 0
11.19999999999545 3.299999999998553 0
11.19999999999519 3.199999999998467 0
11.19999999999492 3.099999999998382 0
11.19999999999465 2.999999999998298 0
11.19999999999438 2.899999999998212 0
11.19999999999411 2.799999999998127 0
11.19999999999384 2.699999999998042 0
11.19999999999358 2.599999999997957 0
11.19999999999331 2.499999999997871 0
11.19999999999305 2.399999999997786 0
11.19999999999278 2.299999999997701 0
11.1999999999925 2.199999999997615 0
11.19999999999224 2.099999999997531 0
11.19999999999197 1.999999999997484 0
11.1999999999917 1.899999999997637 0
11.19999999999144 1.799999999997801 0
11.19999999999117 1.699999999997964 0
11.1999999999909 1.599999999998128 0
11.19999999999063 1.499999999998291 0
11.19999999999036 1.399999999998455 0
11.1999999999901 1.299999999998618 0
11.19999999998983 1.199999999998782 0
11.19999999998956 1.099999999998945 0
11.19999999998929 0.9999999999991092 0
11.19999999998902 0.8999999999992727 0
11.19999999998876 0.7999999999994362 0
11.19999999998849 0.6999999999996001 0
11.19999999998822 0.5999999999997281 0
11.19999999998795 0.4999999999997718 0
11.19999999998769 0.399999999999811 0
11.19999999998742 0.2999999999998505 0
11.19999999998715 0.1999999999999067 0
11.19999999998689 0.09999999999995934 0
11.09999999999974 4.899999999999917 0
11.09999999999947 4.799999999999832 0
11.0999999999992 4.699999999999747 0
11.09999999999892 4.599999999999664 0
11.09999999999865 4.499999999999579 0
11.09999999999838 4.399999999999494 0
11.09999999999811 4.299999999999409 0
11.09999999999784 4.199999999999324 0
11.09999999999757 4.09999999999924 0
11.0999999999973 3.999999999999157 0
11.09999999999703 3.899999999999072 0
11.09999999999676 3.799999999998988 0
11.09999999999649 3.699999999998904 0
11.09999999999621 3.599999999998819 0
11.09999999999594 3.499999999998734 0
11.09999999999567 3.39999999999865 0
11.0999999999954 3.299999999998565 0
11.09999999999513 3.199999999998481 0
11.09999999999486 3.099999999998396 0
11.09999999999459 2.999999999998312 0
11.09999999999432 2.899999999998228 0
11.09999999999405 2.799999999998144 0
11.09999999999378 2.699999999998059 0
11.09999999999351 2.599999999997975 0
11.09999999999324 2.49999999999789 0
11.09999999999296 2.399999999997806 0
11.09999999999269 2.299999999997722 0
11.09999999999242 2.199999999997637 0
11.09999999999215 2.099999999997553 0
11.09999999999188 1.999999999997506 0
11.09999999999161 1.899999999997659 0
11.09999999999134 1.799999999997821 0
11.09999999999106 1.699999999997983 0
11.09999999999079 1.599999999998145 0
11.09999999999052 1.499999999998306 0
11.09999999999025 1.399999999998469 0
11.09999999998999 1.299999999998631 0
11.09999999998971 1.199999999998793 0
11.09999999998944 1.099999999998955 0
11.09999999998917 0.9999999999991172 0
11.0999999999889 0.8999999999992794 0
11.09999999998863 0.7999999999994415 0
11.09999999998836 0.6999999999996036 0
11.09999999998809 0.5999999999997305 0
11.09999999998782 0.4999999999997738 0
11.09999999998754 0.3999999999998127 0
11.09999999998727 0.2999999999998518 0
11.099999999987 0.1999999999999075 0
11.09999999998673 0.0999999999999597 0
10.99999999999973 4.899999999999917 0
10.99999999999946 4.799999999999834 0
10.99999999999919 4.699999999999749 0
10.99999999999891 4.599999999999667 0
10.99999999999864 4.499999999999583 0
10.99999999999837 4.399999999999498 0
10.99999999999809 4.299999999999415 0
10.99999999999781 4.199999999999331 0
10.99999999999754 4.099999999999248 0
10.99999999999727 3.999999999999164 0
10.99999999999699 3.89999999999908 0
10.99999999999672 3.799999999998997 0
10.99999999999645 3.699999999998913 0
10.99999999999617 3.59999999999883 0
10.9999999999959 3.499999999998746 0
10.99999999999562 3.399999999998663 0
10.99999999999535 3.29999999999858 0
10.99999999999508 3.199999999998495 0
10.9999999999948 3.099999999998412 0
10.99999999999453 2.999999999998328 0
10.99999999999426 2.899999999998244 0
10.99999999999398 2.79999999999816 0
10.9999999999937 2.699999999998076 0
10.99999999999343 2.599999999997992 0
10.99999999999316 2.499999999997909 0
10.99999999999288 2.399999999997825 0
10.99999999999261 2.299999999997741 0
10.99999999999234 2.199999999997658 0
10.99999999999206 2.099999999997575 0
10.99999999999179 1.999999999997529 0
10.99999999999152 1.899999999997679 0
10.99999999999124 1.79999999999784 0
10.99999999999097 1.699999999998001 0
10.99999999999069 1.599999999998161 0
10.99999999999042 1.499999999998322 0
10.99999999999014 1.399999999998482 0
10.99999999998987 1.299999999998643 0
10.9999999999896 1.199999999998804 0
10.99999999998932 1.099999999998964 0
10.99999999998905 0.9999999999991249 0
10.99999999998877 0.8999999999992858 0
10.9999999999885 0.7999999999994464 0
10.99999999998823 0.6999999999996072 0
10.99999999998795 0.5999999999997329 0
10.99999999998768 0.499999999999776 0
10.99999999998741 0.3999999999998143 0
10.99999999998713 0.2999999999998532 0
10.99999999998686 0.1999999999999084 0
10.99999999998658 0.09999999999996007 0
10.89999999999973 4.899999999999917 0
10.89999999999945 4.799999999999836 0
10.89999999999917 4.699999999999751 0
10.8999999999989 4.59999999999967 0
10.89999999999862 4.499999999999587 0
10.89999999999834 4.399999999999503 0
10.89999999999807 4.29999999999942 0
10.89999999999779 4.199999999999338 0
10.89999999999751 4.099999999999254 0
10.89999999999724 3.999999999999172 0
10.89999999999696 3.89999999999909 0
10.89999999999668 3.799999999999007 0
10.89999999999641 3.699999999998924 0
10.89999999999613 3.599999999998841 0
10.89999999999585 3.499999999998757 0
10.89999999999557 3.399999999998674 0
10.8999999999953 3.299999999998592 0
10.89999999999502 3.199999999998508 0
10.89999999999474 3.099999999998426 0
10.89999999999446 2.999999999998343 0
10.89999999999419 2.89999999999826 0
10.89999999999391 2.799999999998177 0
10.89999999999364 2.699999999998094 0
10.89999999999336 2.599999999998011 0
10.89999999999308 2.499999999997929 0
10.8999999999928 2.399999999997846 0
10.89999999999253 2.299999999997763 0
10.89999999999225 2.199999999997679 0
10.89999999999197 2.099999999997596 0
10.8999999999917 1.999999999997552 0
10.89999999999142 1.8999999999977 0
10.89999999999114 1.79999999999786 0
10.89999999999087 1.699999999998019 0
10.89999999999059 1.599999999998178 0
10.89999999999032 1.499999999998338 0
10.89999999999004 1.399999999998496 0
10.89999999998976 1.299999999998656 0
10.89999999998948 1.199999999998814 0
10.89999999998921 1.099999999998974 0
10.89999999998893 0.9999999999991331 0
10.89999999998865 0.8999999999992923 0
10.89999999998838 0.7999999999994513 0
10.8999999999881 0.6999999999996109 0
10.89999999998782 0.5999999999997354 0
10.89999999998754 0.4999999999997781 0
10.89999999998727 0.3999999999998161 0
10.89999999998699 0.2999999999998545 0
10.89999999998671 0.1999999999999092 0
10.89999999998644 0.09999999999996043 0
10.79999999999973 4.899999999999919 0
10.79999999999944 4.799999999999836 0
10.79999999999917 4.699999999999754 0
10.79999999999888 4.599999999999673 0
10.7999999999986 4.499999999999591 0
10.79999999999832 4.399999999999507 0
10.79999999999805 4.299999999999425 0
10.79999999999777 4.199999999999344 0
10.79999999999749 4.099999999999262 0
10.79999999999721 3.999999999999179 0
10.79999999999693 3.899999999999097 0
10.79999999999665 3.799999999999016 0
10.79999999999637 3.699999999998933 0
10.79999999999609 3.599999999998852 0
10.79999999999581 3.499999999998768 0
10.79999999999553 3.399999999998688 0
10.79999999999525 3.299999999998604 0
10.79999999999497 3.199999999998522 0
10.79999999999468 3.09999999999844 0
10.79999999999441 2.999999999998359 0
10.79999999999413 2.899999999998276 0
10.79999999999385 2.799999999998194 0
10.79999999999356 2.699999999998111 0
10.79999999999329 2.59999999999803 0
10.79999999999301 2.499999999997947 0
10.79999999999273 2.399999999997865 0
10.79999999999244 2.299999999997783 0
10.79999999999217 2.199999999997701 0
10.79999999999189 2.099999999997618 0
10.79999999999161 1.999999999997574 0
10.79999999999132 1.899999999997722 0
10.79999999999104 1.79999999999788 0
10.79999999999076 1.699999999998037 0
10.79999999999048 1.599999999998195 0
10.79999999999021 1.499999999998353 0
10.79999999998993 1.39999999999851 0
10.79999999998964 1.299999999998668 0
10.79999999998937 1.199999999998825 0
10.79999999998908 1.099999999998983 0
10.7999999999888 0.9999999999991409 0
10.79999999998852 0.8999999999992987 0
10.79999999998824 0.7999999999994565 0
10.79999999998796 0.6999999999996143 0
10.79999999998768 0.5999999999997376 0
10.79999999998741 0.49999999999978 0
10.79999999998712 0.3999999999998177 0
10.79999999998684 0.2999999999998558 0
10.79999999998656 0.19999999999991 0
10.79999999998628 0.09999999999996079 0
10.69999999999972 4.899999999999919 0
10.69999999999944 4.799999999999837 0
10.69999999999916 4.699999999999756 0
10.69999999999887 4.599999999999674 0
10.69999999999859 4.499999999999594 0
10.69999999999831 4.399999999999512 0
10.69999999999802 4.29999999999943 0
10.69999999999774 4.199999999999349 0
10.69999999999746 4.09999999999927 0
10.69999999999718 3.999999999999187 0
10.69999999999689 3.899999999999106 0
10.69999999999661 3.799999999999025 0
10.69999999999632 3.699999999998943 0
10.69999999999605 3.599999999998862 0
10.69999999999576 3.499999999998781 0
10.69999999999547 3.399999999998699 0
10.6999999999952 3.299999999998618 0
10.69999999999491 3.199999999998536 0
10.69999999999463 3.099999999998455 0
10.69999999999434 2.999999999998373 0
10.69999999999406 2.899999999998291 0
10.69999999999378 2.79999999999821 0
10.69999999999349 2.699999999998129 0
10.69999999999322 2.599999999998047 0
10.69999999999293 2.499999999997966 0
10.69999999999265 2.399999999997885 0
10.69999999999236 2.299999999997803 0
10.69999999999208 2.199999999997722 0
10.6999999999918 2.099999999997641 0
10.69999999999152 1.999999999997597 0
10.69999999999123 1.899999999997743 0
10.69999999999095 1.799999999997899 0
10.69999999999067 1.699999999998056 0
10.69999999999038 1.599999999998212 0
10.6999999999901 1.499999999998368 0
10.69999999998982 1.399999999998524 0
10.69999999998953 1.29999999999868 0
10.69999999998925 1.199999999998836 0
10.69999999998896 1.099999999998992 0
10.69999999998869 0.9999999999991489 0
10.6999999999884 0.8999999999993054 0
10.69999999998812 0.7999999999994615 0
10.69999999998783 0.6999999999996178 0
10.69999999998755 0.5999999999997401 0
10.69999999998726 0.4999999999997821 0
10.69999999998699 0.3999999999998194 0
10.6999999999867 0.2999999999998572 0
10.69999999998642 0.1999999999999109 0
10.69999999998614 0.09999999999996115 0
10.59999999999972 4.89999999999992 0
10.59999999999943 4.799999999999839 0
10.59999999999915 4.699999999999758 0
10.59999999999886 4.599999999999677 0
10.59999999999858 4.499999999999598 0
10.59999999999829 4.399999999999517 0
10.599999999998 4.299999999999436 0
10.59999999999772 4.199999999999356 0
10.59999999999743 4.099999999999276 0
10.59999999999715 3.999999999999194 0
10.59999999999686 3.899999999999115 0
10.59999999999657 3.799999999999033 0
10.59999999999629 3.699999999998953 0
10.599999999996 3.599999999998873 0
10.59999999999571 3.499999999998791 0
10.59999999999543 3.39999999999871 0
10.59999999999514 3.299999999998631 0
10.59999999999486 3.19999999999855 0
10.59999999999457 3.099999999998469 0
10.59999999999429 2.999999999998388 0
10.599999999994 2.899999999998307 0
10.59999999999371 2.799999999998227 0
10.59999999999343 2.699999999998147 0
10.59999999999314 2.599999999998066 0
10.59999999999286 2.499999999997986 0
10.59999999999257 2.399999999997904 0
10.59999999999228 2.299999999997824 0
10.599999999992 2.199999999997743 0
10.59999999999171 2.099999999997663 0
10.59999999999142 1.999999999997619 0
10.59999999999114 1.899999999997765 0
10.59999999999085 1.799999999997919 0
10.59999999999056 1.699999999998074 0
10.59999999999028 1.599999999998229 0
10.59999999999 1.499999999998383 0
10.59999999998971 1.399999999998538 0
10.59999999998942 1.299999999998692 0
10.59999999998914 1.199999999998847 0
10.59999999998885 1.099999999999002 0
10.59999999998856 0.9999999999991569 0
10.59999999998828 0.8999999999993118 0
10.59999999998799 0.7999999999994664 0
10.59999999998771 0.6999999999996216 0
10.59999999998742 0.5999999999997425 0
10.59999999998713 0.4999999999997841 0
10.59999999998685 0.3999999999998211 0
10.59999999998656 0.2999999999998585 0
10.59999999998627 0.1999999999999117 0
10.59999999998599 0.09999999999996151 0
10.49999999999972 4.89999999999992 0
10.49999999999942 4.799999999999841 0
10.49999999999914 4.699999999999761 0
10.49999999999885 4.599999999999682 0
10.49999999999856 4.499999999999602 0
10.49999999999827 4.399999999999521 0
10.49999999999798 4.299999999999441 0
10.49999999999769 4.199999999999362 0
10.4999999999974 4.099999999999284 0
10.49999999999711 3.999999999999202 0
10.49999999999682 3.899999999999123 0
10.49999999999654 3.799999999999042 0
10.49999999999625 3.699999999998963 0
10.49999999999596 3.599999999998883 0
10.49999999999567 3.499999999998803 0
10.49999999999538 3.399999999998723 0
10.49999999999509 3.299999999998644 0
10.4999999999948 3.199999999998564 0
10.49999999999451 3.099999999998484 0
10.49999999999422 2.999999999998404 0
10.49999999999393 2.899999999998323 0
10.49999999999364 2.799999999998244 0
10.49999999999336 2.699999999998164 0
10.49999999999307 2.599999999998085 0
10.49999999999278 2.499999999998004 0
10.49999999999249 2.399999999997924 0
10.4999999999922 2.299999999997844 0
10.49999999999191 2.199999999997765 0
10.49999999999162 2.099999999997685 0
10.49999999999133 1.999999999997641 0
10.49999999999104 1.899999999997785 0
10.49999999999075 1.799999999997938 0
10.49999999999046 1.699999999998092 0
10.49999999999018 1.599999999998245 0
10.49999999998989 1.499999999998398 0
10.49999999998959 1.399999999998552 0
10.49999999998931 1.299999999998705 0
10.49999999998902 1.199999999998858 0
10.49999999998873 1.099999999999012 0
10.49999999998844 0.9999999999991649 0
10.49999999998815 0.8999999999993182 0
10.49999999998786 0.7999999999994717 0
10.49999999998757 0.6999999999996251 0
10.49999999998728 0.599999999999745 0
10.49999999998699 0.4999999999997862 0
10.4999999999867 0.3999999999998227 0
10.49999999998641 0.2999999999998598 0
10.49999999998613 0.1999999999999125 0
10.49999999998584 0.09999999999996187 0
10.39999999999971 4.899999999999919 0
10.39999999999942 4.799999999999843 0
10.39999999999913 4.699999999999763 0
10.39999999999884 4.599999999999684 0
10.39999999999855 4.499999999999606 0
10.39999999999825 4.399999999999526 0
10.39999999999796 4.299999999999446 0
10.39999999999767 4.199999999999369 0
10.39999999999738 4.09999999999929 0
10.39999999999709 3.99999999999921 0
10.39999999999679 3.899999999999131 0
10.3999999999965 3.799999999999052 0
10.39999999999621 3.699999999998973 0
10.39999999999592 3.599999999998894 0
10.39999999999563 3.499999999998815 0
10.39999999999533 3.399999999998735 0
10.39999999999504 3.299999999998656 0
10.39999999999475 3.199999999998577 0
10.39999999999446 3.099999999998498 0
10.39999999999417 2.999999999998418 0
10.39999999999387 2.899999999998339 0
10.39999999999358 2.799999999998261 0
10.39999999999328 2.699999999998182 0
10.399999999993 2.599999999998102 0
10.3999999999927 2.499999999998023 0
10.39999999999241 2.399999999997944 0
10.39999999999212 2.299999999997866 0
10.39999999999183 2.199999999997786 0
10.39999999999153 2.099999999997707 0
10.39999999999124 1.999999999997663 0
10.39999999999095 1.899999999997806 0
10.39999999999066 1.799999999997958 0
10.39999999999036 1.69999999999811 0
10.39999999999007 1.599999999998262 0
10.39999999998978 1.499999999998414 0
10.39999999998949 1.399999999998566 0
10.3999999999892 1.299999999998717 0
10.39999999998891 1.199999999998869 0
10.39999999998861 1.099999999999021 0
10.39999999998832 0.9999999999991728 0
10.39999999998803 0.8999999999993248 0
10.39999999998774 0.7999999999994765 0
10.39999999998745 0.6999999999996287 0
10.39999999998715 0.5999999999997474 0
10.39999999998686 0.4999999999997881 0
10.39999999998657 0.3999999999998245 0
10.39999999998627 0.2999999999998612 0
10.39999999998598 0.1999999999999134 0
10.39999999998569 0.09999999999996223 0
10.29999999999971 4.899999999999922 0
10.29999999999942 4.799999999999844 0
10.29999999999912 4.699999999999765 0
10.29999999999883 4.599999999999688 0
10.29999999999853 4.499999999999609 0
10.29999999999824 4.39999999999953 0
10.29999999999794 4.299999999999452 0
10.29999999999765 4.199999999999374 0
10.29999999999735 4.099999999999298 0
10.29999999999706 3.999999999999218 0
10.29999999999676 3.89999999999914 0
10.29999999999646 3.799999999999061 0
10.29999999999617 3.699999999998982 0
10.29999999999587 3.599999999998905 0
10.29999999999558 3.499999999998825 0
10.29999999999528 3.399999999998748 0
10.29999999999499 3.299999999998669 0
10.29999999999469 3.199999999998591 0
10.29999999999439 3.099999999998512 0
10.2999999999941 2.999999999998435 0
10.29999999999381 2.899999999998355 0
10.29999999999351 2.799999999998278 0
10.29999999999322 2.699999999998199 0
10.29999999999292 2.59999999999812 0
10.29999999999263 2.499999999998042 0
10.29999999999233 2.399999999997964 0
10.29999999999204 2.299999999997886 0
10.29999999999174 2.199999999997807 0
10.29999999999145 2.099999999997729 0
10.29999999999115 1.999999999997686 0
10.29999999999085 1.899999999997828 0
10.29999999999056 1.799999999997978 0
10.29999999999026 1.699999999998128 0
10.29999999998997 1.599999999998279 0
10.29999999998967 1.499999999998429 0
10.29999999998938 1.399999999998579 0
10.29999999998908 1.299999999998729 0
10.29999999998879 1.19999999999888 0
10.29999999998849 1.09999999999903 0
10.2999999999882 0.9999999999991807 0
10.2999999999879 0.8999999999993313 0
10.2999999999876 0.7999999999994815 0
10.29999999998731 0.6999999999996322 0
10.29999999998701 0.5999999999997498 0
10.29999999998672 0.4999999999997902 0
10.29999999998642 0.3999999999998261 0
10.29999999998613 0.2999999999998625 0
10.29999999998583 0.1999999999999142 0
10.29999999998554 0.09999999999996256 0
10.19999999999971 4.899999999999924 0
10.19999999999941 4.799999999999844 0
10.19999999999911 4.699999999999767 0
10.19999999999881 4.599999999999692 0
10.19999999999852 4.499999999999612 0
10.19999999999822 4.399999999999535 0
10.19999999999792 4.299999999999457 0
10.19999999999762 4.199999999999379 0
10.19999999999732 4.099999999999304 0
10.19999999999702 3.999999999999226 0
10.19999999999673 3.899999999999148 0
10.19999999999643 3.79999999999907 0
10.19999999999613 3.699999999998993 0
10.19999999999583 3.599999999998915 0
10.19999999999553 3.499999999998838 0
10.19999999999524 3.39999999999876 0
10.19999999999494 3.299999999998683 0
10.19999999999464 3.199999999998605 0
10.19999999999434 3.099999999998527 0
10.19999999999404 2.999999999998448 0
10.19999999999375 2.899999999998371 0
10.19999999999344 2.799999999998294 0
10.19999999999315 2.699999999998216 0
10.19999999999285 2.599999999998139 0
10.19999999999255 2.499999999998061 0
10.19999999999225 2.399999999997984 0
10.19999999999196 2.299999999997906 0
10.19999999999165 2.199999999997829 0
10.19999999999136 2.099999999997751 0
10.19999999999106 1.999999999997709 0
10.19999999999076 1.899999999997849 0
10.19999999999046 1.799999999997997 0
10.19999999999017 1.699999999998147 0
10.19999999998987 1.599999999998295 0
10.19999999998957 1.499999999998444 0
10.19999999998927 1.399999999998593 0
10.19999999998897 1.299999999998742 0
10.19999999998867 1.199999999998891 0
10.19999999998837 1.09999999999904 0
10.19999999998808 0.9999999999991889 0
10.19999999998778 0.8999999999993378 0
10.19999999998748 0.7999999999994868 0
10.19999999998718 0.6999999999996358 0
10.19999999998688 0.5999999999997523 0
10.19999999998658 0.4999999999997923 0
10.19999999998628 0.3999999999998278 0
10.19999999998599 0.2999999999998638 0
10.19999999998569 0.199999999999915 0
10.19999999998539 0.09999999999996295 0
10.09999999999971 4.899999999999924 0
10.09999999999941 4.799999999999848 0
10.0999999999991 4.69999999999977 0
10.0999999999988 4.599999999999695 0
10.0999999999985 4.499999999999616 0
10.0999999999982 4.399999999999539 0
10.09999999999789 4.299999999999462 0
10.0999999999976 4.199999999999386 0
10.0999999999973 4.09999999999931 0
10.09999999999699 3.999999999999233 0
10.09999999999669 3.899999999999157 0
10.09999999999639 3.79999999999908 0
10.09999999999609 3.699999999999003 0
10.09999999999579 3.599999999998926 0
10.09999999999549 3.499999999998848 0
10.09999999999519 3.399999999998772 0
10.09999999999488 3.299999999998695 0
10.09999999999458 3.199999999998618 0
10.09999999999428 3.099999999998541 0
10.09999999999398 2.999999999998465 0
10.09999999999368 2.899999999998387 0
10.09999999999338 2.799999999998312 0
10.09999999999307 2.699999999998234 0
10.09999999999277 2.599999999998158 0
10.09999999999247 2.49999999999808 0
10.09999999999217 2.399999999998004 0
10.09999999999187 2.299999999997927 0
10.09999999999157 2.19999999999785 0
10.09999999999127 2.099999999997773 0
10.09999999999096 1.999999999997731 0
10.09999999999066 1.89999999999787 0
10.09999999999036 1.799999999998017 0
10.09999999999006 1.699999999998164 0
10.09999999998976 1.599999999998312 0
10.09999999998946 1.499999999998459 0
10.09999999998916 1.399999999998607 0
10.09999999998885 1.299999999998754 0
10.09999999998856 1.199999999998902 0
10.09999999998825 1.09999999999905 0
10.09999999998795 0.9999999999991966 0
10.09999999998765 0.8999999999993442 0
10.09999999998735 0.7999999999994917 0
10.09999999998705 0.6999999999996394 0
10.09999999998674 0.5999999999997547 0
10.09999999998645 0.4999999999997943 0
10.09999999998614 0.3999999999998295 0
10.09999999998584 0.2999999999998652 0
10.09999999998554 0.1999999999999159 0
10.09999999998524 0.09999999999996328 0
9.9999999999997 4.899999999999924 0
9.999999999999394 4.799999999999848 0
9.999999999999092 4.699999999999772 0
9.999999999998787 4.599999999999696 0
9.999999999998483 4.49999999999962 0
9.999999999998177 4.399999999999544 0
9.999999999997875 4.299999999999468 0
9.999999999997572 4.199999999999392 0
9.999999999997266 4.099999999999317 0
9.999999999996964 3.999999999999241 0
9.999999999996659 3.899999999999165 0
9.999999999996353 3.799999999999089 0
9.999999999996048 3.699999999999013 0
9.999999999995742 3.599999999998936 0
9.99999999999544 3.499999999998861 0
9.999999999995136 3.399999999998784 0
9.999999999994831 3.299999999998708 0
9.999999999994527 3.199999999998631 0
9.999999999994225 3.099999999998556 0
9.99999999999392 2.999999999998481 0
9.999999999993614 2.899999999998403 0
9.999999999993312 2.799999999998327 0
9.999999999993005 2.699999999998251 0
9.999999999992701 2.599999999998175 0
9.999999999992395 2.499999999998099 0
9.999999999992093 2.399999999998023 0
9.999999999991788 2.299999999997947 0
9.999999999991484 2.199999999997871 0
9.99999999999118 2.099999999997795 0
9.999999999990875 1.999999999997754 0
9.999999999990569 1.899999999997891 0
9.999999999990266 1.799999999998037 0
9.999999999989962 1.699999999998183 0
9.999999999989654 1.599999999998329 0
9.999999999989354 1.499999999998475 0
9.999999999989049 1.399999999998621 0
9.999999999988743 1.299999999998767 0
9.999999999988441 1.199999999998912 0
9.999999999988136 1.099999999999059 0
9.99999999998783 0.9999999999992046 0
9.999999999987528 0.8999999999993509 0
9.999999999987223 0.7999999999994966 0
9.999999999986917 0.6999999999996429 0
9.99999999998661 0.5999999999997572 0
9.999999999986306 0.4999999999997963 0
9.999999999986002 0.3999999999998312 0
9.999999999985702 0.2999999999998665 0
9.999999999985397 0.1999999999999167 0
9.999999999985089 0.09999999999996367 0
9.8999999999997 4.899999999999924 0
9.899999999999391 4.79999999999985 0
9.899999999999082 4.699999999999774 0
9.899999999998776 4.599999999999699 0
9.899999999998471 4.499999999999623 0
9.899999999998162 4.399999999999547 0
9.899999999997855 4.299999999999473 0
9.899999999997549 4.199999999999399 0
9.899999999997238 4.099999999999322 0
9.899999999996933 3.999999999999248 0
9.899999999996624 3.899999999999173 0
9.89999999999632 3.799999999999097 0
9.899999999996012 3.699999999999022 0
9.899999999995702 3.599999999998947 0
9.899999999995394 3.499999999998871 0
9.899999999995089 3.399999999998796 0
9.899999999994781 3.299999999998721 0
9.899999999994476 3.199999999998646 0
9.899999999994165 3.099999999998571 0
9.899999999993861 2.999999999998495 0
9.89999999999355 2.899999999998419 0
9.899999999993241 2.799999999998344 0
9.899999999992936 2.699999999998269 0
9.899999999992632 2.599999999998194 0
9.899999999992321 2.499999999998119 0
9.899999999992012 2.399999999998043 0
9.899999999991707 2.299999999997968 0
9.899999999991403 2.199999999997893 0
9.899999999991092 2.099999999997817 0
9.899999999990783 1.999999999997776 0
9.899999999990477 1.899999999997912 0
9.89999999999017 1.799999999998056 0
9.899999999989864 1.699999999998201 0
9.899999999989554 1.599999999998345 0
9.899999999989248 1.49999999999849 0
9.899999999988939 1.399999999998634 0
9.899999999988633 1.299999999998779 0
9.899999999988324 1.199999999998923 0
9.899999999988019 1.099999999999068 0
9.899999999987712 0.9999999999992126 0
9.899999999987404 0.8999999999993573 0
9.899999999987097 0.7999999999995017 0
9.89999999998679 0.6999999999996467 0
9.899999999986484 0.5999999999997596 0
9.899999999986175 0.4999999999997984 0
9.899999999985866 0.3999999999998329 0
9.899999999985562 0.2999999999998678 0
9.899999999985253 0.1999999999999175 0
9.899999999984942 0.09999999999996401 0
9.799999999999695 4.899999999999926 0
9.799999999999384 4.799999999999851 0
9.799999999999073 4.699999999999775 0
9.799999999998761 4.599999999999703 0
9.799999999998455 4.499999999999629 0
9.799999999998143 4.399999999999553 0
9.799999999997832 4.299999999999478 0
9.799999999997521 4.199999999999404 0
9.799999999997212 4.09999999999933 0
9.799999999996903 3.999999999999256 0
9.799999999996592 3.899999999999181 0
9.799999999996279 3.799999999999106 0
9.79999999999597 3.699999999999032 0
9.799999999995659 3.599999999998958 0
9.799999999995347 3.499999999998883 0
9.799999999995038 3.399999999998808 0
9.799999999994728 3.299999999998734 0
9.799999999994419 3.199999999998659 0
9.799999999994105 3.099999999998585 0
9.799999999993798 2.999999999998511 0
9.799999999993487 2.899999999998435 0
9.799999999993176 2.799999999998361 0
9.799999999992865 2.699999999998287 0
9.799999999992554 2.599999999998213 0
9.799999999992245 2.499999999998137 0
9.799999999991931 2.399999999998062 0
9.799999999991623 2.299999999997989 0
9.799999999991314 2.199999999997914 0
9.799999999991002 2.09999999999784 0
9.799999999990691 1.999999999997798 0
9.799999999990382 1.899999999997933 0
9.799999999990071 1.799999999998076 0
9.799999999989762 1.699999999998219 0
9.799999999989451 1.599999999998362 0
9.79999999998914 1.499999999998505 0
9.799999999988831 1.399999999998648 0
9.79999999998852 1.299999999998791 0
9.799999999988207 1.199999999998934 0
9.7999999999879 1.099999999999077 0
9.799999999987588 0.9999999999992206 0
9.799999999987278 0.8999999999993638 0
9.799999999986964 0.7999999999995068 0
9.799999999986658 0.6999999999996502 0
9.799999999986348 0.5999999999997618 0
9.799999999986033 0.4999999999998004 0
9.799999999985724 0.3999999999998345 0
9.799999999985417 0.2999999999998691 0
9.799999999985104 0.1999999999999184 0
9.799999999984793 0.0999999999999644 0
9.699999999999692 4.899999999999928 0
9.699999999999381 4.799999999999853 0
9.699999999999067 4.699999999999779 0
9.699999999998754 4.599999999999706 0
9.699999999998438 4.499999999999634 0
9.699999999998127 4.399999999999558 0
9.699999999997814 4.299999999999484 0
9.699999999997496 4.19999999999941 0
9.699999999997187 4.099999999999337 0
9.699999999996871 3.999999999999264 0
9.69999999999656 3.899999999999189 0
9.699999999996242 3.799999999999116 0
9.69999999999593 3.699999999999043 0
9.699999999995622 3.599999999998968 0
9.699999999995303 3.499999999998895 0
9.699999999994992 3.39999999999882 0
9.699999999994679 3.299999999998746 0
9.699999999994365 3.199999999998673 0
9.69999999999405 3.099999999998599 0
9.699999999993739 2.999999999998525 0
9.699999999993421 2.899999999998451 0
9.699999999993111 2.799999999998378 0
9.699999999992796 2.699999999998304 0
9.699999999992485 2.59999999999823 0
9.699999999992167 2.499999999998156 0
9.699999999991855 2.399999999998083 0
9.699999999991542 2.299999999998009 0
9.699999999991231 2.199999999997935 0
9.699999999990919 2.099999999997861 0
9.699999999990606 1.999999999997821 0
9.69999999999029 1.899999999997954 0
9.699999999989977 1.799999999998096 0
9.699999999989663 1.699999999998237 0
9.699999999989346 1.599999999998379 0
9.699999999989034 1.499999999998521 0
9.699999999988723 1.399999999998662 0
9.699999999988409 1.299999999998803 0
9.699999999988092 1.199999999998945 0
9.699999999987782 1.099999999999087 0
9.699999999987469 0.9999999999992284 0
9.699999999987154 0.8999999999993702 0
9.699999999986838 0.7999999999995117 0
9.699999999986526 0.6999999999996538 0
9.699999999986213 0.5999999999997645 0
9.6999999999859 0.4999999999998025 0
9.699999999985588 0.3999999999998363 0
9.699999999985272 0.2999999999998705 0
9.699999999984959 0.1999999999999192 0
9.699999999984648 0.09999999999996473 0
9.599999999999689 4.899999999999927 0
9.599999999999374 4.799999999999855 0
9.599999999999058 4.699999999999781 0
9.59999999999874 4.599999999999709 0
9.599999999998426 4.499999999999638 0
9.599999999998111 4.399999999999562 0
9.59999999999779 4.299999999999489 0
9.599999999997479 4.199999999999417 0
9.599999999997157 4.099999999999343 0
9.599999999996841 3.999999999999271 0
9.599999999996525 3.899999999999198 0
9.599999999996209 3.799999999999125 0
9.599999999995889 3.699999999999052 0
9.599999999995575 3.599999999998979 0
9.599999999995257 3.499999999998905 0
9.599999999994941 3.399999999998833 0
9.599999999994626 3.29999999999876 0
9.599999999994308 3.199999999998686 0
9.59999999999399 3.099999999998613 0
9.599999999993674 2.999999999998541 0
9.599999999993358 2.899999999998467 0
9.599999999993045 2.799999999998395 0
9.599999999992722 2.699999999998321 0
9.599999999992411 2.599999999998248 0
9.599999999992091 2.499999999998176 0
9.599999999991779 2.399999999998102 0
9.599999999991457 2.299999999998029 0
9.599999999991143 2.199999999997956 0
9.599999999990827 2.099999999997883 0
9.59999999999051 1.999999999997844 0
9.599999999990194 1.899999999997975 0
9.599999999989878 1.799999999998116 0
9.599999999989562 1.699999999998255 0
9.599999999989242 1.599999999998396 0
9.599999999988929 1.499999999998536 0
9.59999999998861 1.399999999998676 0
9.599999999988293 1.299999999998816 0
9.599999999987977 1.199999999998956 0
9.599999999987661 1.099999999999096 0
9.599999999987345 0.9999999999992364 0
9.599999999987029 0.8999999999993766 0
9.599999999986712 0.799999999999517 0
9.599999999986391 0.6999999999996573 0
9.59999999998608 0.5999999999997667 0
9.59999999998576 0.4999999999998045 0
9.599999999985446 0.3999999999998379 0
9.599999999985128 0.2999999999998718 0
9.599999999984812 0.19999999999992 0
9.599999999984496 0.09999999999996509 0
9.499999999999686 4.899999999999928 0
9.499999999999369 4.799999999999855 0
9.49999999999905 4.699999999999783 0
9.499999999998725 4.599999999999713 0
9.49999999999841 4.499999999999641 0
9.499999999998089 4.399999999999567 0
9.499999999997767 4.299999999999494 0
9.499999999997451 4.199999999999424 0
9.499999999997131 4.099999999999351 0
9.49999999999681 3.999999999999278 0
9.49999999999649 3.899999999999206 0
9.499999999996172 3.799999999999134 0
9.49999999999585 3.699999999999062 0
9.499999999995534 3.59999999999899 0
9.499999999995213 3.499999999998918 0
9.499999999994891 3.399999999998845 0
9.499999999994573 3.299999999998773 0
9.499999999994253 3.199999999998701 0
9.499999999993934 3.099999999998628 0
9.499999999993612 2.999999999998555 0
9.499999999993294 2.899999999998483 0
9.499999999992976 2.799999999998411 0
9.499999999992657 2.699999999998338 0
9.499999999992333 2.599999999998267 0
9.499999999992013 2.499999999998194 0
9.499999999991694 2.399999999998123 0
9.499999999991374 2.29999999999805 0
9.499999999991056 2.199999999997978 0
9.49999999999074 2.099999999997905 0
9.49999999999042 1.999999999997866 0
9.4999999999901 1.899999999997996 0
9.499999999989781 1.799999999998135 0
9.499999999989457 1.699999999998274 0
9.499999999989139 1.599999999998412 0
9.499999999988821 1.499999999998551 0
9.499999999988502 1.39999999999869 0
9.49999999998818 1.299999999998828 0
9.499999999987862 1.199999999998967 0
9.499999999987541 1.099999999999106 0
9.499999999987223 0.9999999999992444 0
9.499999999986903 0.8999999999993833 0
9.499999999986581 0.7999999999995219 0
9.499999999986267 0.6999999999996609 0
9.499999999985947 0.5999999999997694 0
9.499999999985624 0.4999999999998065 0
9.499999999985302 0.3999999999998396 0
9.499999999984983 0.2999999999998731 0
9.499999999984668 0.1999999999999209 0
9.499999999984349 0.09999999999996545 0
9.399999999999688 4.899999999999929 0
9.399999999999361 4.799999999999859 0
9.399999999999036 4.699999999999786 0
9.399999999998718 4.599999999999715 0
9.399999999998396 4.499999999999645 0
9.399999999998073 4.399999999999572 0
9.399999999997748 4.2999999999995 0
9.399999999997425 4.199999999999429 0
9.399999999997105 4.099999999999357 0
9.399999999996783 3.999999999999286 0
9.399999999996457 3.899999999999215 0
9.399999999996135 3.799999999999144 0
9.399999999995813 3.699999999999072 0
9.399999999995492 3.599999999999 0
9.399999999995167 3.499999999998928 0
9.399999999994844 3.399999999998858 0
9.39999999999452 3.299999999998785 0
9.399999999994197 3.199999999998714 0
9.399999999993877 3.099999999998643 0
9.399999999993554 2.999999999998571 0
9.399999999993232 2.899999999998499 0
9.399999999992913 2.799999999998428 0
9.399999999992588 2.699999999998356 0
9.399999999992264 2.599999999998285 0
9.399999999991941 2.499999999998213 0
9.399999999991618 2.399999999998142 0
9.3999999999913 2.299999999998071 0
9.399999999990971 2.199999999997999 0
9.399999999990653 2.099999999997928 0
9.399999999990328 1.999999999997888 0
9.399999999990007 1.899999999998018 0
9.399999999989685 1.799999999998155 0
9.399999999989358 1.699999999998292 0
9.39999999998904 1.599999999998429 0
9.399999999988715 1.499999999998566 0
9.399999999988394 1.399999999998703 0
9.399999999988069 1.299999999998841 0
9.399999999987747 1.199999999998978 0
9.399999999987426 1.099999999999115 0
9.399999999987102 0.9999999999992524 0
9.399999999986779 0.8999999999993897 0
9.399999999986459 0.7999999999995268 0
9.399999999986132 0.6999999999996644 0
9.399999999985813 0.5999999999997716 0
9.399999999985489 0.4999999999998085 0
9.399999999985166 0.3999999999998413 0
9.399999999984846 0.2999999999998745 0
9.399999999984523 0.1999999999999217 0
9.399999999984201 0.09999999999996581 0
9.299999999999679 4.899999999999929 0
9.299999999999352 4.799999999999859 0
9.299999999999031 4.699999999999788 0
9.299999999998702 4.599999999999717 0
9.299999999998377 4.499999999999648 0
9.29999999999805 4.399999999999576 0
9.299999999997725 4.299999999999505 0
9.2999999999974 4.199999999999434 0
9.299999999997073 4.099999999999365 0
9.299999999996752 3.999999999999294 0
9.299999999996427 3.899999999999223 0
9.299999999996098 3.799999999999153 0
9.299999999995773 3.699999999999082 0
9.299999999995446 3.599999999999011 0
9.299999999995121 3.49999999999894 0
9.299999999994796 3.399999999998869 0
9.299999999994467 3.299999999998799 0
9.299999999994142 3.199999999998727 0
9.299999999993817 3.099999999998658 0
9.299999999993496 2.999999999998586 0
9.299999999993167 2.899999999998515 0
9.299999999992842 2.799999999998445 0
9.299999999992517 2.699999999998374 0
9.299999999992192 2.599999999998303 0
9.299999999991865 2.499999999998233 0
9.299999999991536 2.399999999998162 0
9.299999999991211 2.299999999998091 0
9.299999999990888 2.19999999999802 0
9.299999999990565 2.09999999999795 0
9.299999999990238 1.999999999997911 0
9.299999999989909 1.899999999998039 0
9.299999999989582 1.799999999998175 0
9.299999999989259 1.69999999999831 0
9.299999999988934 1.599999999998446 0
9.299999999988607 1.499999999998582 0
9.299999999988284 1.399999999998717 0
9.299999999987957 1.299999999998853 0
9.29999999998763 1.199999999998989 0
9.299999999987307 1.099999999999124 0
9.29999999998698 0.9999999999992604 0
9.299999999986657 0.8999999999993962 0
9.299999999986328 0.7999999999995321 0
9.299999999986003 0.699999999999668 0
9.299999999985674 0.599999999999774 0
9.299999999985353 0.4999999999998106 0
9.299999999985026 0.3999999999998429 0
9.299999999984697 0.2999999999998758 0
9.299999999984376 0.1999999999999226 0
9.299999999984049 0.09999999999996617 0
9.19999999999968 4.899999999999931 0
9.199999999999351 4.79999999999986 0
9.199999999999024 4.69999999999979 0
9.199999999998692 4.59999999999972 0
9.199999999998363 4.499999999999651 0
9.199999999998035 4.399999999999581 0
9.199999999997706 4.29999999999951 0
9.199999999997381 4.199999999999442 0
9.199999999997049 4.099999999999372 0
9.199999999996718 3.999999999999301 0
9.199999999996392 3.899999999999232 0
9.199999999996061 3.799999999999161 0
9.199999999995731 3.699999999999092 0
9.199999999995406 3.599999999999022 0
9.199999999995079 3.499999999998952 0
9.199999999994748 3.399999999998881 0
9.199999999994422 3.299999999998812 0
9.199999999994091 3.199999999998742 0
9.199999999993763 3.099999999998672 0
9.199999999993432 2.999999999998602 0
9.199999999993107 2.899999999998531 0
9.199999999992775 2.799999999998461 0
9.199999999992448 2.699999999998392 0
9.199999999992118 2.599999999998322 0
9.199999999991789 2.499999999998252 0
9.19999999999146 2.399999999998181 0
9.19999999999113 2.299999999998112 0
9.199999999990801 2.199999999998042 0
9.199999999990473 2.099999999997972 0
9.199999999990148 1.999999999997933 0
9.199999999989819 1.89999999999806 0
9.19999999998949 1.799999999998194 0
9.19999999998916 1.699999999998328 0
9.199999999988833 1.599999999998462 0
9.199999999988501 1.499999999998597 0
9.199999999988176 1.399999999998731 0
9.199999999987844 1.299999999998865 0
9.199999999987517 1.199999999999 0
9.199999999987186 1.099999999999134 0
9.199999999986856 0.9999999999992684 0
9.199999999986529 0.8999999999994028 0
9.199999999986204 0.799999999999537 0
9.199999999985872 0.6999999999996716 0
9.199999999985545 0.5999999999997765 0
9.199999999985216 0.4999999999998126 0
9.199999999984886 0.3999999999998447 0
9.199999999984557 0.2999999999998771 0
9.199999999984227 0.1999999999999234 0
9.1999999999839 0.09999999999996653 0
9.099999999999673 4.899999999999931 0
9.099999999999342 4.799999999999862 0
9.099999999999012 4.699999999999793 0
9.099999999998682 4.599999999999724 0
9.099999999998346 4.499999999999655 0
9.099999999998015 4.399999999999585 0
9.099999999997683 4.299999999999516 0
9.099999999997353 4.199999999999447 0
9.099999999997021 4.09999999999938 0
9.099999999996692 3.999999999999309 0
9.099999999996356 3.89999999999924 0
9.099999999996024 3.79999999999917 0
9.099999999995694 3.699999999999101 0
9.099999999995365 3.599999999999032 0
9.099999999995029 3.499999999998962 0
9.099999999994699 3.399999999998893 0
9.099999999994365 3.299999999998825 0
9.099999999994035 3.199999999998755 0
9.099999999993704 3.099999999998686 0
9.09999999999337 2.999999999998617 0
9.099999999993038 2.899999999998547 0
9.099999999992708 2.799999999998478 0
9.099999999992376 2.699999999998409 0
9.099999999992045 2.59999999999834 0
9.099999999991711 2.499999999998271 0
9.099999999991381 2.399999999998201 0
9.09999999999105 2.299999999998132 0
9.099999999990716 2.199999999998063 0
9.099999999990388 2.099999999997994 0
9.09999999999005 1.999999999997956 0
9.099999999989722 1.899999999998081 0
9.099999999989391 1.799999999998214 0
9.099999999989061 1.699999999998346 0
9.099999999988725 1.599999999998479 0
9.099999999988393 1.499999999998612 0
9.099999999988063 1.399999999998745 0
9.099999999987732 1.299999999998878 0
9.099999999987402 1.19999999999901 0
9.099999999987066 1.099999999999143 0
9.099999999986737 0.9999999999992764 0
9.099999999986403 0.8999999999994093 0
9.099999999986073 0.7999999999995419 0
9.099999999985743 0.6999999999996751 0
9.099999999985407 0.5999999999997789 0
9.099999999985078 0.4999999999998147 0
9.099999999984748 0.3999999999998464 0
9.099999999984414 0.2999999999998785 0
9.099999999984083 0.1999999999999242 0
9.09999999998375 0.09999999999996689 0
8.999999999999671 4.899999999999931 0
8.999999999999336 4.799999999999864 0
8.999999999999 4.699999999999795 0
8.999999999998664 4.599999999999728 0
8.999999999998332 4.499999999999659 0
8.999999999997994 4.39999999999959 0
8.999999999997664 4.299999999999521 0
8.999999999997327 4.199999999999452 0
8.999999999996993 4.099999999999386 0
8.999999999996657 3.999999999999317 0
8.999999999996325 3.899999999999248 0
8.999999999995987 3.79999999999918 0
8.999999999995651 3.699999999999112 0
8.999999999995319 3.599999999999043 0
8.999999999994985 3.499999999998975 0
8.999999999994646 3.399999999998906 0
8.999999999994314 3.299999999998837 0
8.99999999999398 3.199999999998769 0
8.999999999993641 3.0999999999987 0
8.999999999993312 2.999999999998632 0
8.999999999992978 2.899999999998563 0
8.999999999992639 2.799999999998495 0
8.999999999992305 2.699999999998426 0
8.999999999991967 2.599999999998358 0
8.999999999991635 2.499999999998289 0
8.999999999991299 2.399999999998221 0
8.999999999990967 2.299999999998154 0
8.999999999990631 2.199999999998084 0
8.999999999990299 2.099999999998015 0
8.999999999989962 1.999999999997978 0
8.999999999989626 1.899999999998102 0
8.999999999989292 1.799999999998233 0
8.99999999998896 1.699999999998365 0
8.999999999988621 1.599999999998496 0
8.999999999988288 1.499999999998627 0
8.999999999987955 1.399999999998758 0
8.999999999987615 1.29999999999889 0
8.999999999987283 1.199999999999021 0
8.999999999986949 1.099999999999153 0
8.999999999986613 0.9999999999992841 0
8.999999999986279 0.8999999999994157 0
8.999999999985944 0.7999999999995472 0
8.999999999985608 0.6999999999996787 0
8.999999999985276 0.5999999999997814 0
8.999999999984942 0.4999999999998167 0
8.999999999984608 0.399999999999848 0
8.999999999984269 0.2999999999998798 0
8.999999999983936 0.1999999999999251 0
8.999999999983599 0.09999999999996725 0
8.899999999999674 4.899999999999933 0
8.899999999999329 4.799999999999866 0
8.899999999998993 4.699999999999797 0
8.899999999998656 4.599999999999731 0
8.89999999999832 4.499999999999662 0
8.899999999997979 4.399999999999594 0
8.89999999999764 4.299999999999528 0
8.899999999997304 4.199999999999459 0
8.899999999996966 4.099999999999393 0
8.899999999996631 3.999999999999324 0
8.899999999996291 3.899999999999257 0
8.899999999995952 3.79999999999919 0
8.899999999995615 3.699999999999121 0
8.899999999995279 3.599999999999054 0
8.899999999994941 3.499999999998985 0
8.899999999994602 3.399999999998918 0
8.899999999994264 3.299999999998851 0
8.899999999993925 3.199999999998782 0
8.899999999993589 3.099999999998714 0
8.89999999999325 2.999999999998648 0
8.899999999992911 2.899999999998579 0
8.899999999992575 2.799999999998512 0
8.899999999992236 2.699999999998444 0
8.899999999991898 2.599999999998376 0
8.899999999991561 2.499999999998309 0
8.899999999991223 2.399999999998241 0
8.899999999990886 2.299999999998173 0
8.899999999990547 2.199999999998106 0
8.899999999990209 2.099999999998038 0
8.89999999998987 1.999999999998001 0
8.899999999989532 1.899999999998123 0
8.899999999989195 1.799999999998253 0
8.899999999988857 1.699999999998383 0
8.899999999988522 1.599999999998513 0
8.899999999988182 1.499999999998642 0
8.899999999987845 1.399999999998773 0
8.899999999987507 1.299999999998902 0
8.899999999987166 1.199999999999032 0
8.899999999986834 1.099999999999162 0
8.899999999986491 0.9999999999992921 0
8.899999999986155 0.8999999999994224 0
8.899999999985816 0.7999999999995521 0
8.89999999998548 0.6999999999996822 0
8.899999999985141 0.5999999999997838 0
8.899999999984804 0.4999999999998187 0
8.899999999984466 0.3999999999998497 0
8.899999999984129 0.2999999999998811 0
8.899999999983791 0.1999999999999259 0
8.89999999998345 0.09999999999996761 0
8.799999999999667 4.899999999999933 0
8.799999999999322 4.799999999999866 0
8.799999999998983 4.699999999999799 0
8.799999999998642 4.599999999999734 0
8.799999999998303 4.499999999999666 0
8.799999999997961 4.399999999999599 0
8.799999999997617 4.299999999999532 0
8.799999999997279 4.199999999999466 0
8.799999999996935 4.0999999999994 0
8.799999999996595 3.999999999999332 0
8.799999999996254 3.899999999999265 0
8.799999999995915 3.799999999999199 0
8.799999999995574 3.699999999999132 0
8.799999999995233 3.599999999999065 0
8.799999999994892 3.499999999998997 0
8.799999999994551 3.399999999998931 0
8.79999999999421 3.299999999998864 0
8.799999999993869 3.199999999998797 0
8.799999999993529 3.09999999999873 0
8.79999999999319 2.999999999998662 0
8.799999999992846 2.899999999998595 0
8.799999999992508 2.799999999998528 0
8.799999999992165 2.699999999998461 0
8.799999999991826 2.599999999998395 0
8.799999999991485 2.499999999998328 0
8.799999999991144 2.39999999999826 0
8.799999999990803 2.299999999998194 0
8.79999999999046 2.199999999998127 0
8.799999999990121 2.09999999999806 0
8.799999999989778 1.999999999998023 0
8.799999999989438 1.899999999998144 0
8.799999999989097 1.799999999998272 0
8.799999999988756 1.699999999998401 0
8.799999999988415 1.599999999998529 0
8.799999999988072 1.499999999998658 0
8.799999999987731 1.399999999998786 0
8.799999999987392 1.299999999998914 0
8.799999999987051 1.199999999999043 0
8.799999999986708 1.099999999999172 0
8.799999999986367 0.9999999999993001 0
8.799999999986026 0.8999999999994288 0
8.79999999998569 0.799999999999557 0
8.799999999985346 0.6999999999996858 0
8.799999999985008 0.5999999999997863 0
8.799999999984665 0.4999999999998208 0
8.799999999984326 0.3999999999998514 0
8.799999999983985 0.2999999999998825 0
8.799999999983642 0.1999999999999267 0
8.799999999983301 0.09999999999996798 0
8.699999999999664 4.899999999999935 0
8.699999999999319 4.799999999999869 0
8.699999999998974 4.699999999999802 0
8.69999999999863 4.599999999999737 0
8.699999999998289 4.49999999999967 0
8.699999999997944 4.399999999999604 0
8.699999999997599 4.299999999999539 0
8.699999999997257 4.199999999999472 0
8.699999999996912 4.099999999999406 0
8.699999999996569 3.999999999999339 0
8.699999999996225 3.899999999999273 0
8.69999999999588 3.799999999999208 0
8.699999999995537 3.699999999999141 0
8.699999999995191 3.599999999999075 0
8.699999999994846 3.499999999999008 0
8.699999999994505 3.399999999998943 0
8.699999999994162 3.299999999998876 0
8.699999999993818 3.19999999999881 0
8.699999999993475 3.099999999998744 0
8.699999999993128 2.999999999998678 0
8.699999999992786 2.899999999998611 0
8.699999999992439 2.799999999998545 0
8.699999999992096 2.699999999998479 0
8.699999999991752 2.599999999998413 0
8.699999999991409 2.499999999998346 0
8.699999999991068 2.399999999998281 0
8.699999999990721 2.299999999998214 0
8.699999999990377 2.199999999998148 0
8.699999999990034 2.099999999998082 0
8.699999999989689 1.999999999998045 0
8.699999999989346 1.899999999998165 0
8.699999999989004 1.799999999998292 0
8.699999999988657 1.699999999998419 0
8.699999999988318 1.599999999998546 0
8.699999999987968 1.499999999998673 0
8.699999999987627 1.3999999999988 0
8.699999999987284 1.299999999998927 0
8.699999999986938 1.199999999999054 0
8.699999999986595 1.099999999999181 0
8.699999999986252 0.9999999999993081 0
8.699999999985907 0.8999999999994353 0
8.699999999985563 0.7999999999995623 0
8.699999999985218 0.6999999999996893 0
8.699999999984877 0.5999999999997887 0
8.699999999984533 0.4999999999998228 0
8.699999999984188 0.3999999999998531 0
8.699999999983843 0.2999999999998838 0
8.699999999983499 0.1999999999999276 0
8.699999999983158 0.09999999999996834 0
8.599999999999659 4.899999999999935 0
8.59999999999931 4.799999999999869 0
8.599999999998962 4.699999999999804 0
8.599999999998618 4.599999999999738 0
8.599999999998273 4.499999999999675 0
8.599999999997925 4.399999999999608 0
8.599999999997578 4.299999999999542 0
8.59999999999723 4.199999999999477 0
8.599999999996886 4.099999999999413 0
8.599999999996536 3.999999999999347 0
8.599999999996191 3.899999999999282 0
8.599999999995843 3.799999999999216 0
8.599999999995493 3.699999999999151 0
8.599999999995147 3.599999999999086 0
8.599999999994802 3.499999999999021 0
8.599999999994454 3.399999999998955 0
8.599999999994106 3.299999999998889 0
8.599999999993761 3.199999999998823 0
8.599999999993413 3.099999999998758 0
8.599999999993068 2.999999999998693 0
8.59999999999272 2.899999999998627 0
8.599999999992372 2.799999999998562 0
8.599999999992027 2.699999999998496 0
8.599999999991679 2.599999999998431 0
8.599999999991331 2.499999999998366 0
8.599999999990983 2.3999999999983 0
8.599999999990638 2.299999999998235 0
8.599999999990294 2.199999999998169 0
8.599999999989945 2.099999999998104 0
8.599999999989597 1.999999999998068 0
8.599999999989249 1.899999999998186 0
8.599999999988901 1.799999999998312 0
8.599999999988555 1.699999999998437 0
8.599999999988206 1.599999999998563 0
8.599999999987864 1.499999999998688 0
8.599999999987514 1.399999999998814 0
8.599999999987169 1.299999999998939 0
8.599999999986823 1.199999999999065 0
8.599999999986474 1.099999999999191 0
8.599999999986126 0.9999999999993159 0
8.599999999985782 0.8999999999994417 0
8.599999999985434 0.7999999999995672 0
8.599999999985089 0.6999999999996929 0
8.599999999984741 0.5999999999997911 0
8.599999999984393 0.4999999999998248 0
8.599999999984048 0.3999999999998547 0
8.5999999999837 0.2999999999998851 0
8.599999999983352 0.1999999999999284 0
8.599999999983003 0.0999999999999687 0
8.499999999999657 4.899999999999936 0
8.499999999999309 4.799999999999871 0
8.499999999998952 4.699999999999805 0
8.499999999998604 4.599999999999741 0
8.499999999998256 4.499999999999678 0
8.499999999997906 4.399999999999611 0
8.499999999997558 4.299999999999548 0
8.499999999997206 4.199999999999484 0
8.499999999996854 4.09999999999942 0
8.499999999996504 3.999999999999354 0
8.499999999996152 3.899999999999291 0
8.499999999995804 3.799999999999225 0
8.499999999995454 3.699999999999162 0
8.499999999995101 3.599999999999096 0
8.499999999994754 3.499999999999031 0
8.499999999994401 3.399999999998966 0
8.499999999994055 3.299999999998903 0
8.499999999993701 3.199999999998837 0
8.499999999993356 3.099999999998773 0
8.499999999993005 2.999999999998708 0
8.499999999992655 2.899999999998643 0
8.499999999992307 2.799999999998579 0
8.499999999991957 2.699999999998514 0
8.499999999991607 2.59999999999845 0
8.499999999991255 2.499999999998384 0
8.499999999990907 2.39999999999832 0
8.499999999990559 2.299999999998256 0
8.499999999990207 2.199999999998191 0
8.499999999989855 2.099999999998126 0
8.499999999989505 1.999999999998091 0
8.499999999989154 1.899999999998208 0
8.499999999988802 1.799999999998331 0
8.499999999988455 1.699999999998456 0
8.499999999988107 1.599999999998579 0
8.499999999987756 1.499999999998703 0
8.499999999987407 1.399999999998828 0
8.499999999987056 1.299999999998952 0
8.499999999986708 1.199999999999076 0
8.499999999986356 1.0999999999992 0
8.499999999986004 0.9999999999993239 0
8.499999999985656 0.8999999999994481 0
8.499999999985308 0.7999999999995721 0
8.499999999984956 0.6999999999996966 0
8.499999999984604 0.5999999999997936 0
8.499999999984256 0.4999999999998269 0
8.499999999983908 0.3999999999998565 0
8.499999999983556 0.2999999999998865 0
8.499999999983205 0.1999999999999292 0
8.499999999982855 0.09999999999996906 0
8.399999999999654 4.899999999999936 0
8.399999999999299 4.799999999999872 0
8.399999999998943 4.699999999999807 0
8.399999999998593 4.599999999999746 0
8.399999999998242 4.499999999999681 0
8.399999999997888 4.399999999999617 0
8.399999999997538 4.299999999999553 0
8.399999999997183 4.199999999999489 0
8.399999999996831 4.099999999999425 0
8.399999999996474 3.999999999999362 0
8.399999999996123 3.899999999999299 0
8.399999999995771 3.799999999999235 0
8.399999999995419 3.699999999999171 0
8.399999999995064 3.599999999999107 0
8.399999999994712 3.499999999999043 0
8.399999999994357 3.399999999998979 0
8.399999999994007 3.299999999998915 0
8.399999999993655 3.199999999998851 0
8.399999999993302 3.099999999998787 0
8.399999999992946 2.999999999998724 0
8.399999999992591 2.899999999998659 0
8.399999999992241 2.799999999998596 0
8.399999999991888 2.699999999998531 0
8.399999999991532 2.599999999998468 0
8.399999999991183 2.499999999998404 0
8.399999999990829 2.399999999998339 0
8.399999999990474 2.299999999998276 0
8.399999999990122 2.199999999998212 0
8.39999999998977 2.099999999998149 0
8.399999999989415 1.999999999998113 0
8.399999999989063 1.899999999998228 0
8.399999999988712 1.799999999998351 0
8.399999999988358 1.699999999998474 0
8.399999999988006 1.599999999998596 0
8.399999999987655 1.499999999998719 0
8.399999999987298 1.399999999998842 0
8.399999999986942 1.299999999998964 0
8.399999999986594 1.199999999999086 0
8.399999999986239 1.099999999999209 0
8.399999999985887 0.9999999999993319 0
8.399999999985534 0.8999999999994548 0
8.39999999998518 0.7999999999995772 0
8.399999999984825 0.6999999999997 0
8.399999999984475 0.599999999999796 0
8.399999999984122 0.4999999999998289 0
8.399999999983768 0.3999999999998581 0
8.399999999983415 0.2999999999998878 0
8.399999999983063 0.1999999999999301 0
8.399999999982708 0.09999999999996942 0
8.299999999999649 4.899999999999937 0
8.29999999999929 4.799999999999875 0
8.299999999998938 4.699999999999811 0
8.29999999999858 4.599999999999748 0
8.299999999998224 4.499999999999687 0
8.299999999997867 4.399999999999622 0
8.29999999999751 4.299999999999558 0
8.299999999997155 4.199999999999495 0
8.299999999996801 4.099999999999432 0
8.299999999996444 3.99999999999937 0
8.299999999996089 3.899999999999306 0
8.29999999999573 3.799999999999244 0
8.299999999995375 3.699999999999182 0
8.29999999999502 3.599999999999118 0
8.299999999994666 3.499999999999055 0
8.299999999994306 3.399999999998991 0
8.29999999999395 3.299999999998928 0
8.299999999993595 3.199999999998865 0
8.29999999999324 3.099999999998801 0
8.299999999992885 2.999999999998739 0
8.299999999992529 2.899999999998675 0
8.299999999992171 2.799999999998612 0
8.299999999991815 2.699999999998548 0
8.29999999999146 2.599999999998486 0
8.299999999991105 2.499999999998423 0
8.299999999990749 2.399999999998359 0
8.299999999990391 2.299999999998296 0
8.299999999990035 2.199999999998234 0
8.29999999998968 2.09999999999817 0
8.299999999989325 1.999999999998136 0
8.299999999988966 1.89999999999825 0
8.299999999988614 1.799999999998371 0
8.299999999988255 1.699999999998492 0
8.2999999999879 1.599999999998613 0
8.299999999987541 1.499999999998734 0
8.299999999987186 1.399999999998855 0
8.299999999986831 1.299999999998976 0
8.299999999986476 1.199999999999097 0
8.29999999998612 1.099999999999218 0
8.299999999985765 0.9999999999993399 0
8.299999999985408 0.8999999999994612 0
8.299999999985051 0.7999999999995823 0
8.299999999984696 0.6999999999997037 0
8.299999999984337 0.5999999999997983 0
8.299999999983982 0.4999999999998309 0
8.299999999983626 0.3999999999998598 0
8.299999999983271 0.2999999999998891 0
8.299999999982916 0.1999999999999309 0
8.29999999998256 0.09999999999996978 0
8.199999999999642 4.899999999999938 0
8.199999999999287 4.799999999999875 0
8.199999999998928 4.699999999999813 0
8.199999999998569 4.599999999999753 0
8.19999999999821 4.49999999999969 0
8.199999999997852 4.399999999999626 0
8.199999999997489 4.299999999999564 0
8.199999999997132 4.199999999999502 0
8.199999999996773 4.099999999999439 0
8.199999999996413 3.999999999999377 0
8.199999999996058 3.899999999999316 0
8.199999999995697 3.799999999999253 0
8.199999999995338 3.69999999999919 0
8.199999999994979 3.599999999999129 0
8.199999999994619 3.499999999999065 0
8.19999999999426 3.399999999999003 0
8.199999999993901 3.299999999998942 0
8.199999999993544 3.199999999998878 0
8.199999999993185 3.099999999998816 0
8.199999999992825 2.999999999998754 0
8.199999999992462 2.899999999998691 0
8.199999999992105 2.799999999998629 0
8.199999999991748 2.699999999998567 0
8.199999999991386 2.599999999998504 0
8.199999999991029 2.499999999998442 0
8.199999999990668 2.399999999998379 0
8.199999999990311 2.299999999998317 0
8.199999999989952 2.199999999998255 0
8.199999999989592 2.099999999998192 0
8.199999999989233 1.999999999998158 0
8.199999999988876 1.899999999998271 0
8.199999999988517 1.79999999999839 0
8.199999999988156 1.69999999999851 0
8.199999999987797 1.59999999999863 0
8.199999999987439 1.49999999999875 0
8.199999999987078 1.399999999998869 0
8.199999999986723 1.299999999998989 0
8.19999999998636 1.199999999999108 0
8.199999999986003 1.099999999999228 0
8.199999999985641 0.9999999999993479 0
8.199999999985282 0.8999999999994677 0
8.199999999984923 0.7999999999995872 0
8.199999999984565 0.6999999999997073 0
8.199999999984206 0.5999999999998007 0
8.199999999983847 0.499999999999833 0
8.199999999983488 0.3999999999998615 0
8.199999999983126 0.2999999999998905 0
8.19999999998277 0.1999999999999317 0
8.19999999998241 0.09999999999997014 0
8.099999999999644 4.899999999999938 0
8.099999999999286 4.799999999999876 0
8.099999999998921 4.699999999999815 0
8.099999999998559 4.599999999999755 0
8.099999999998202 4.499999999999694 0
8.09999999999784 4.399999999999631 0
8.099999999997477 4.299999999999569 0
8.099999999997117 4.199999999999509 0
8.099999999996756 4.099999999999446 0
8.099999999996392 3.999999999999385 0
8.099999999996031 3.899999999999324 0
8.099999999995672 3.799999999999263 0
8.099999999995308 3.699999999999201 0
8.099999999994951 3.599999999999139 0
8.099999999994589 3.499999999999078 0
8.099999999994226 3.399999999999016 0
8.099999999993866 3.299999999998954 0
8.099999999993505 3.199999999998893 0
8.099999999993145 3.099999999998831 0
8.099999999992784 2.999999999998768 0
8.099999999992422 2.899999999998707 0
8.099999999992063 2.799999999998645 0
8.099999999991699 2.699999999998584 0
8.099999999991336 2.599999999998522 0
8.099999999990979 2.499999999998461 0
8.099999999990615 2.399999999998399 0
8.099999999990255 2.299999999998338 0
8.099999999989896 2.199999999998276 0
8.099999999989535 2.099999999998214 0
8.099999999989173 1.999999999998181 0
8.099999999988812 1.899999999998292 0
8.099999999988452 1.79999999999841 0
8.099999999988091 1.699999999998528 0
8.099999999987727 1.599999999998647 0
8.099999999987368 1.499999999998765 0
8.099999999987006 1.399999999998883 0
8.099999999986643 1.299999999999001 0
8.099999999986286 1.199999999999119 0
8.099999999985924 1.099999999999238 0
8.099999999985565 0.9999999999993558 0
8.099999999985201 0.8999999999994743 0
8.099999999984838 0.7999999999995923 0
8.099999999984481 0.6999999999997109 0
8.099999999984119 0.5999999999998031 0
8.09999999998376 0.499999999999835 0
8.099999999983398 0.3999999999998631 0
8.099999999983035 0.2999999999998918 0
8.099999999982673 0.1999999999999326 0
8.099999999982312 0.0999999999999705 0
7.999999999999647 4.89999999999994 0
7.999999999999289 4.79999999999988 0
7.999999999998927 4.699999999999818 0
7.999999999998568 4.599999999999757 0
7.999999999998208 4.499999999999697 0
7.999999999997848 4.399999999999636 0
7.999999999997489 4.299999999999574 0
7.999999999997129 4.199999999999513 0
7.999999999996768 4.099999999999453 0
7.999999999996407 3.999999999999392 0
7.999999999996049 3.899999999999332 0
7.999999999995691 3.799999999999272 0
7.999999999995329 3.699999999999211 0
7.999999999994971 3.59999999999915 0
7.999999999994612 3.499999999999088 0
7.999999999994251 3.399999999999028 0
7.999999999993892 3.299999999998967 0
7.999999999993534 3.199999999998906 0
7.999999999993173 3.099999999998845 0
7.999999999992815 2.999999999998785 0
7.999999999992453 2.899999999998723 0
7.999999999992093 2.799999999998662 0
7.999999999991735 2.699999999998601 0
7.999999999991375 2.599999999998541 0
7.999999999991013 2.499999999998479 0
7.999999999990655 2.399999999998419 0
7.999999999990296 2.299999999998358 0
7.999999999989935 2.199999999998297 0
7.999999999989576 2.099999999998237 0
7.999999999989216 1.999999999998203 0
7.999999999988857 1.899999999998312 0
7.999999999988495 1.79999999999843 0
7.999999999988138 1.699999999998546 0
7.999999999987779 1.599999999998663 0
7.99999999998742 1.49999999999878 0
7.99999999998706 1.399999999998897 0
7.999999999986698 1.299999999999013 0
7.99999999998634 1.19999999999913 0
7.999999999985979 1.099999999999247 0
7.99999999998562 0.9999999999993638 0
7.999999999985258 0.8999999999994808 0
7.9999999999849 0.7999999999995974 0
7.99999999998454 0.6999999999997144 0
7.999999999984182 0.5999999999998056 0
7.999999999983823 0.4999999999998371 0
7.99999999998346 0.3999999999998649 0
7.999999999983102 0.2999999999998931 0
7.999999999982744 0.1999999999999334 0
7.999999999982384 0.09999999999997086 0
7.89999999999965 4.899999999999939 0
7.899999999999298 4.79999999999988 0
7.89999999999894 4.69999999999982 0
7.899999999998585 4.599999999999759 0
7.899999999998229 4.499999999999702 0
7.899999999997874 4.399999999999641 0
7.899999999997519 4.29999999999958 0
7.899999999997165 4.19999999999952 0
7.899999999996807 4.099999999999461 0
7.899999999996453 3.9999999999994 0
7.899999999996098 3.89999999999934 0
7.899999999995744 3.79999999999928 0
7.899999999995389 3.69999999999922 0
7.899999999995034 3.599999999999161 0
7.899999999994677 3.499999999999101 0
7.899999999994323 3.399999999999041 0
7.899999999993966 3.29999999999898 0
7.899999999993613 3.199999999998919 0
7.899999999993256 3.099999999998859 0
7.899999999992902 2.999999999998799 0
7.899999999992547 2.899999999998739 0
7.899999999992191 2.799999999998679 0
7.899999999991834 2.699999999998619 0
7.899999999991482 2.599999999998559 0
7.899999999991126 2.499999999998499 0
7.89999999999077 2.399999999998439 0
7.899999999990415 2.299999999998379 0
7.899999999990062 2.199999999998319 0
7.899999999989705 2.099999999998259 0
7.899999999989349 1.999999999998226 0
7.899999999988994 1.899999999998334 0
7.899999999988639 1.79999999999845 0
7.899999999988284 1.699999999998565 0
7.899999999987927 1.59999999999868 0
7.899999999987575 1.499999999998795 0
7.899999999987218 1.39999999999891 0
7.899999999986862 1.299999999999025 0
7.899999999986506 1.199999999999141 0
7.899999999986152 1.099999999999256 0
7.899999999985796 0.9999999999993718 0
7.899999999985443 0.8999999999994872 0
7.89999999998509 0.7999999999996023 0
7.899999999984732 0.699999999999718 0
7.899999999984377 0.599999999999808 0
7.899999999984023 0.4999999999998391 0
7.899999999983669 0.3999999999998665 0
7.899999999983311 0.2999999999998945 0
7.899999999982958 0.1999999999999342 0
7.899999999982603 0.09999999999997122 0
7.799999999999655 4.899999999999942 0
7.799999999999306 4.799999999999882 0
7.799999999998957 4.699999999999822 0
7.799999999998607 4.599999999999763 0
7.799999999998259 4.499999999999705 0
7.799999999997909 4.399999999999643 0
7.79999999999756 4.299999999999585 0
7.79999999999721 4.199999999999527 0
7.799999999996861 4.099999999999468 0
7.799999999996511 3.999999999999408 0
7.799999999996162 3.899999999999349 0
7.799999999995814 3.799999999999289 0
7.799999999995464 3.699999999999231 0
7.799999999995114 3.599999999999171 0
7.799999999994762 3.499999999999111 0
7.799999999994416 3.399999999999051 0
7.799999999994067 3.299999999998993 0
7.799999999993718 3.199999999998933 0
7.799999999993368 3.099999999998874 0
7.799999999993018 2.999999999998814 0
7.79999999999267 2.899999999998755 0
7.79999999999232 2.799999999998696 0
7.79999999999197 2.699999999998636 0
7.79999999999162 2.599999999998577 0
7.799999999991271 2.499999999998518 0
7.799999999990922 2.399999999998458 0
7.799999999990574 2.2999999999984 0
7.799999999990223 2.19999999999834 0
7.799999999989875 2.09999999999828 0
7.799999999989526 1.999999999998248 0
7.799999999989175 1.899999999998355 0
7.799999999988826 1.799999999998469 0
7.799999999988477 1.699999999998583 0
7.799999999988127 1.599999999998697 0
7.799999999987779 1.49999999999881 0
7.79999999998743 1.399999999998925 0
7.799999999987079 1.299999999999038 0
7.799999999986731 1.199999999999152 0
7.799999999986382 1.099999999999266 0
7.799999999986031 0.9999999999993796 0
7.799999999985681 0.8999999999994936 0
7.799999999985334 0.7999999999996072 0
7.799999999984985 0.6999999999997215 0
7.799999999984634 0.5999999999998105 0
7.799999999984285 0.4999999999998411 0
7.799999999983938 0.3999999999998682 0
7.799999999983586 0.2999999999998958 0
7.799999999983238 0.1999999999999351 0
7.799999999982888 0.09999999999997158 0
7.699999999999663 4.899999999999942 0
7.69999999999932 4.799999999999883 0
7.699999999998974 4.699999999999825 0
7.699999999998631 4.599999999999766 0
7.699999999998289 4.499999999999708 0
7.699999999997944 4.399999999999649 0
7.699999999997599 4.299999999999589 0
7.699999999997257 4.199999999999532 0
7.699999999996914 4.099999999999475 0
7.699999999996572 3.999999999999416 0
7.699999999996226 3.899999999999357 0
7.699999999995883 3.799999999999299 0
7.699999999995542 3.69999999999924 0
7.699999999995197 3.599999999999182 0
7.699999999994855 3.499999999999122 0
7.699999999994509 3.399999999999064 0
7.699999999994166 3.299999999999006 0
7.699999999993821 3.199999999998946 0
7.69999999999348 3.099999999998889 0
7.699999999993135 2.999999999998829 0
7.699999999992791 2.899999999998771 0
7.699999999992448 2.799999999998713 0
7.699999999992105 2.699999999998654 0
7.699999999991761 2.599999999998595 0
7.699999999991418 2.499999999998536 0
7.699999999991074 2.399999999998478 0
7.69999999999073 2.29999999999842 0
7.699999999990387 2.199999999998361 0
7.699999999990045 2.099999999998303 0
7.6999999999897 1.999999999998271 0
7.699999999989358 1.899999999998377 0
7.699999999989014 1.799999999998488 0
7.69999999998867 1.699999999998601 0
7.699999999988327 1.599999999998713 0
7.699999999987982 1.499999999998826 0
7.699999999987639 1.399999999998938 0
7.699999999987297 1.29999999999905 0
7.699999999986954 1.199999999999163 0
7.699999999986609 1.099999999999275 0
7.699999999986267 0.9999999999993876 0
7.69999999998592 0.8999999999995001 0
7.69999999998558 0.7999999999996126 0
7.699999999985234 0.6999999999997251 0
7.699999999984892 0.5999999999998129 0
7.699999999984549 0.4999999999998431 0
7.699999999984204 0.3999999999998699 0
7.699999999983864 0.2999999999998971 0
7.699999999983518 0.1999999999999359 0
7.699999999983174 0.09999999999997194 0
7.599999999999668 4.899999999999942 0
7.599999999999331 4.799999999999885 0
7.599999999998991 4.699999999999826 0
7.599999999998653 4.59999999999977 0
7.599999999998317 4.499999999999711 0
7.59999999999798 4.399999999999654 0
7.599999999997641 4.299999999999596 0
7.599999999997304 4.199999999999537 0
7.599999999996966 4.099999999999482 0
7.59999999999663 3.999999999999424 0
7.599999999996291 3.899999999999365 0
7.599999999995954 3.799999999999308 0
7.599999999995616 3.69999999999925 0
7.599999999995278 3.599999999999192 0
7.59999999999494 3.499999999999134 0
7.599999999994603 3.399999999999076 0
7.599999999994264 3.299999999999019 0
7.599999999993926 3.199999999998961 0
7.59999999999359 3.099999999998903 0
7.599999999993253 2.999999999998844 0
7.599999999992914 2.899999999998787 0
7.599999999992576 2.79999999999873 0
7.599999999992239 2.699999999998671 0
7.599999999991901 2.599999999998614 0
7.599999999991565 2.499999999998556 0
7.599999999991226 2.399999999998498 0
7.599999999990889 2.299999999998441 0
7.599999999990551 2.199999999998382 0
7.599999999990213 2.099999999998325 0
7.599999999989874 1.999999999998293 0
7.59999999998954 1.899999999998397 0
7.599999999989201 1.799999999998508 0
7.599999999988862 1.699999999998619 0
7.599999999988526 1.59999999999873 0
7.599999999988187 1.499999999998841 0
7.599999999987851 1.399999999998952 0
7.59999999998751 1.299999999999063 0
7.599999999987177 1.199999999999173 0
7.599999999986837 1.099999999999285 0
7.599999999986498 0.9999999999993956 0
7.59999999998616 0.8999999999995068 0
7.599999999985825 0.7999999999996175 0
7.599999999985486 0.6999999999997286 0
7.599999999985148 0.5999999999998153 0
7.59999999998481 0.4999999999998452 0
7.599999999984473 0.3999999999998716 0
7.599999999984136 0.2999999999998985 0
7.599999999983798 0.1999999999999367 0
7.599999999983461 0.09999999999997231 0
7.499999999999671 4.899999999999943 0
7.499999999999339 4.799999999999887 0
7.499999999999009 4.699999999999829 0
7.499999999998678 4.599999999999774 0
7.499999999998344 4.499999999999716 0
7.499999999998012 4.399999999999658 0
7.499999999997681 4.299999999999601 0
7.49999999999735 4.199999999999545 0
7.499999999997018 4.09999999999949 0
7.499999999996687 3.99999999999943 0
7.499999999996353 3.899999999999374 0
7.499999999996023 3.799999999999317 0
7.499999999995691 3.699999999999259 0
7.499999999995359 3.599999999999203 0
7.499999999995028 3.499999999999146 0
7.499999999994694 3.399999999999089 0
7.499999999994364 3.299999999999033 0
7.499999999994031 3.199999999998974 0
7.499999999993698 3.099999999998917 0
7.499999999993367 2.99999999999886 0
7.499999999993035 2.899999999998803 0
7.499999999992705 2.799999999998746 0
7.499999999992374 2.699999999998688 0
7.49999999999204 2.599999999998632 0
7.49999999999171 2.499999999998575 0
7.499999999991378 2.399999999998518 0
7.499999999991045 2.299999999998461 0
7.499999999990713 2.199999999998404 0
7.499999999990381 2.099999999998347 0
7.499999999990051 1.999999999998315 0
7.499999999989717 1.899999999998418 0
7.499999999989386 1.799999999998528 0
7.499999999989056 1.699999999998637 0
7.499999999988722 1.599999999998747 0
7.499999999988392 1.499999999998856 0
7.499999999988058 1.399999999998965 0
7.499999999987727 1.299999999999075 0
7.499999999987395 1.199999999999184 0
7.499999999987065 1.099999999999294 0
7.499999999986733 0.9999999999994036 0
7.4999999999864 0.8999999999995132 0
7.499999999986069 0.7999999999996227 0
7.499999999985738 0.6999999999997324 0
7.499999999985404 0.5999999999998178 0
7.499999999985072 0.4999999999998472 0
7.499999999984741 0.3999999999998733 0
7.499999999984408 0.2999999999998998 0
7.499999999984079 0.1999999999999376 0
7.499999999983746 0.09999999999997267 0
7.399999999999679 4.899999999999945 0
7.399999999999351 4.799999999999887 0
7.399999999999024 4.699999999999832 0
7.399999999998702 4.599999999999776 0
7.399999999998374 4.499999999999718 0
7.399999999998048 4.399999999999663 0
7.399999999997721 4.299999999999605 0
7.399999999997394 4.199999999999552 0
7.399999999997071 4.099999999999494 0
7.399999999996743 3.999999999999438 0
7.399999999996417 3.899999999999382 0
7.399999999996092 3.799999999999327 0
7.399999999995767 3.69999999999927 0
7.39999999999544 3.599999999999214 0
7.399999999995113 3.499999999999158 0
7.399999999994789 3.399999999999102 0
7.399999999994461 3.299999999999045 0
7.399999999994137 3.199999999998988 0
7.39999999999381 3.099999999998932 0
7.399999999993484 2.999999999998875 0
7.399999999993159 2.899999999998819 0
7.399999999992831 2.799999999998763 0
7.399999999992505 2.699999999998706 0
7.399999999992183 2.599999999998651 0
7.399999999991855 2.499999999998594 0
7.399999999991529 2.399999999998538 0
7.399999999991202 2.299999999998482 0
7.399999999990879 2.199999999998425 0
7.399999999990552 2.099999999998369 0
7.399999999990225 1.999999999998338 0
7.399999999989897 1.89999999999844 0
7.399999999989571 1.799999999998548 0
7.399999999989248 1.699999999998655 0
7.399999999988921 1.599999999998764 0
7.399999999988593 1.499999999998871 0
7.399999999988268 1.39999999999898 0
7.399999999987944 1.299999999999087 0
7.399999999987617 1.199999999999195 0
7.399999999987291 1.099999999999303 0
7.399999999986965 0.9999999999994116 0
7.399999999986639 0.8999999999995196 0
7.399999999986313 0.7999999999996275 0
7.399999999985987 0.6999999999997359 0
7.399999999985662 0.5999999999998202 0
7.399999999985337 0.4999999999998493 0
7.39999999998501 0.3999999999998749 0
7.399999999984682 0.2999999999999011 0
7.399999999984357 0.1999999999999384 0
7.399999999984032 0.09999999999997303 0
7.299999999999685 4.899999999999945 0
7.299999999999364 4.799999999999891 0
7.299999999999046 4.699999999999833 0
7.299999999998724 4.599999999999779 0
7.299999999998405 4.499999999999722 0
7.299999999998084 4.399999999999668 0
7.299999999997763 4.299999999999612 0
7.299999999997444 4.199999999999556 0
7.299999999997124 4.099999999999501 0
7.299999999996803 3.999999999999446 0
7.299999999996484 3.899999999999391 0
7.299999999996163 3.799999999999335 0
7.299999999995843 3.69999999999928 0
7.299999999995523 3.599999999999225 0
7.299999999995201 3.499999999999168 0
7.299999999994883 3.399999999999114 0
7.299999999994562 3.299999999999057 0
7.299999999994244 3.199999999999001 0
7.299999999993922 3.099999999998947 0
7.299999999993602 2.999999999998891 0
7.299999999993283 2.899999999998835 0
7.299999999992963 2.799999999998779 0
7.299999999992642 2.699999999998724 0
7.299999999992322 2.599999999998669 0
7.299999999992001 2.499999999998613 0
7.299999999991681 2.399999999998558 0
7.299999999991361 2.299999999998501 0
7.299999999991041 2.199999999998446 0
7.299999999990722 2.099999999998391 0
7.2999999999904 1.99999999999836 0
7.29999999999008 1.899999999998461 0
7.29999999998976 1.799999999998567 0
7.299999999989439 1.699999999998674 0
7.299999999989122 1.59999999999878 0
7.299999999988799 1.499999999998886 0
7.29999999998848 1.399999999998993 0
7.29999999998816 1.299999999999099 0
7.299999999987839 1.199999999999206 0
7.299999999987521 1.099999999999313 0
7.299999999987199 0.9999999999994196 0
7.299999999986879 0.8999999999995261 0
7.299999999986559 0.7999999999996326 0
7.299999999986238 0.6999999999997395 0
7.299999999985919 0.5999999999998227 0
7.299999999985599 0.4999999999998513 0
7.299999999985278 0.3999999999998767 0
7.299999999984959 0.2999999999999025 0
7.29999999998464 0.1999999999999392 0
7.299999999984318 0.09999999999997339 0
7.19999999999969 4.899999999999945 0
7.199999999999377 4.799999999999891 0
7.199999999999061 4.699999999999836 0
7.199999999998747 4.59999999999978 0
7.199999999998435 4.499999999999726 0
7.199999999998119 4.399999999999672 0
7.199999999997804 4.299999999999617 0
7.199999999997493 4.199999999999562 0
7.199999999997176 4.099999999999508 0
7.199999999996862 3.999999999999454 0
7.199999999996549 3.899999999999399 0
7.199999999996235 3.799999999999344 0
7.199999999995918 3.69999999999929 0
7.199999999995606 3.599999999999235 0
7.199999999995292 3.499999999999181 0
7.199999999994974 3.399999999999126 0
7.199999999994661 3.299999999999069 0
7.199999999994348 3.199999999999015 0
7.199999999994034 3.09999999999896 0
7.199999999993718 2.999999999998906 0
7.199999999993405 2.899999999998851 0
7.19999999999309 2.799999999998796 0
7.199999999992777 2.699999999998742 0
7.199999999992462 2.599999999998687 0
7.199999999992148 2.499999999998632 0
7.199999999991833 2.399999999998577 0
7.199999999991517 2.299999999998523 0
7.199999999991205 2.199999999998468 0
7.199999999990888 2.099999999998413 0
7.199999999990576 1.999999999998383 0
7.199999999990261 1.899999999998482 0
7.19999999998995 1.799999999998587 0
7.199999999989634 1.699999999998692 0
7.199999999989318 1.599999999998797 0
7.199999999989005 1.499999999998902 0
7.199999999988691 1.399999999999007 0
7.199999999988377 1.299999999999112 0
7.199999999988062 1.199999999999217 0
7.199999999987749 1.099999999999322 0
7.199999999987432 0.9999999999994276 0
7.199999999987119 0.8999999999995325 0
7.199999999986803 0.7999999999996376 0
7.19999999998649 0.699999999999743 0
7.199999999986176 0.5999999999998249 0
7.199999999985862 0.4999999999998533 0
7.199999999985549 0.3999999999998783 0
7.199999999985233 0.2999999999999038 0
7.19999999998492 0.1999999999999401 0
7.199999999984604 0.09999999999997372 0
7.099999999999696 4.899999999999947 0
7.099999999999389 4.799999999999892 0
7.099999999999079 4.699999999999838 0
7.099999999998772 4.599999999999784 0
7.099999999998463 4.499999999999729 0
7.099999999998156 4.399999999999675 0
7.099999999997848 4.299999999999622 0
7.099999999997539 4.199999999999569 0
7.099999999997231 4.099999999999515 0
7.099999999996919 3.999999999999462 0
7.099999999996615 3.899999999999408 0
7.099999999996304 3.799999999999353 0
7.099999999995996 3.699999999999299 0
7.099999999995687 3.599999999999246 0
7.099999999995378 3.499999999999191 0
7.099999999995068 3.399999999999137 0
7.099999999994762 3.299999999999084 0
7.099999999994451 3.199999999999029 0
7.099999999994145 3.099999999998976 0
7.099999999993835 2.999999999998921 0
7.099999999993527 2.899999999998867 0
7.099999999993219 2.799999999998813 0
7.09999999999291 2.699999999998759 0
7.099999999992603 2.599999999998705 0
7.099999999992292 2.499999999998651 0
7.099999999991986 2.399999999998597 0
7.099999999991676 2.299999999998544 0
7.099999999991367 2.199999999998489 0
7.099999999991059 2.099999999998435 0
7.099999999990751 1.999999999998405 0
7.099999999990443 1.899999999998503 0
7.099999999990135 1.799999999998606 0
7.099999999989825 1.69999999999871 0
7.099999999989517 1.599999999998813 0
7.099999999989208 1.499999999998918 0
7.099999999988901 1.39999999999902 0
7.099999999988592 1.299999999999125 0
7.099999999988284 1.199999999999228 0
7.099999999987976 1.099999999999332 0
7.099999999987666 0.9999999999994353 0
7.09999999998736 0.8999999999995392 0
7.09999999998705 0.7999999999996427 0
7.099999999986741 0.6999999999997466 0
7.099999999986433 0.5999999999998276 0
7.099999999986125 0.4999999999998553 0
7.099999999985818 0.39999999999988 0
7.099999999985508 0.2999999999999051 0
7.099999999985199 0.1999999999999409 0
7.099999999984891 0.09999999999997411 0
6.9999999999997 4.899999999999946 0
6.999999999999399 4.799999999999894 0
6.999999999999098 4.699999999999839 0
6.999999999998795 4.599999999999788 0
6.99999999999849 4.499999999999734 0
6.999999999998188 4.399999999999681 0
6.999999999997886 4.299999999999627 0
6.999999999997582 4.199999999999575 0
6.99999999999728 4.099999999999521 0
6.999999999996977 3.999999999999469 0
6.999999999996675 3.899999999999416 0
6.999999999996372 3.799999999999362 0
6.999999999996071 3.699999999999309 0
6.99999999999577 3.599999999999257 0
6.999999999995465 3.499999999999202 0
6.999999999995161 3.399999999999149 0
6.999999999994859 3.299999999999097 0
6.999999999994555 3.199999999999042 0
6.999999999994254 3.09999999999899 0
6.999999999993953 2.999999999998936 0
6.999999999993651 2.899999999998883 0
6.999999999993346 2.79999999999883 0
6.999999999993044 2.699999999998776 0
6.999999999992742 2.599999999998723 0
6.99999999999244 2.49999999999867 0
6.999999999992136 2.399999999998617 0
6.999999999991834 2.299999999998564 0
6.99999999999153 2.199999999998511 0
6.999999999991228 2.099999999998457 0
6.999999999990926 1.999999999998428 0
6.999999999990624 1.899999999998524 0
6.999999999990321 1.799999999998626 0
6.999999999990017 1.699999999998728 0
6.999999999989715 1.599999999998831 0
6.999999999989413 1.499999999998933 0
6.999999999989111 1.399999999999035 0
6.999999999988809 1.299999999999136 0
6.999999999988504 1.199999999999239 0
6.999999999988201 1.099999999999341 0
6.999999999987899 0.9999999999994433 0
6.999999999987597 0.8999999999995456 0
6.999999999987295 0.7999999999996474 0
6.999999999986994 0.6999999999997502 0
6.99999999998669 0.5999999999998298 0
6.999999999986387 0.4999999999998574 0
6.999999999986085 0.3999999999998817 0
6.999999999985782 0.2999999999999065 0
6.999999999985481 0.1999999999999418 0
6.999999999985178 0.09999999999997444 0
6.899999999999706 4.899999999999949 0
6.899999999999411 4.799999999999896 0
6.899999999999114 4.699999999999843 0
6.899999999998816 4.599999999999792 0
6.899999999998521 4.499999999999739 0
6.899999999998224 4.399999999999686 0
6.899999999997926 4.299999999999633 0
6.899999999997631 4.19999999999958 0
6.899999999997331 4.099999999999528 0
6.899999999997036 3.999999999999476 0
6.899999999996737 3.899999999999423 0
6.89999999999644 3.799999999999372 0
6.899999999996145 3.69999999999932 0
6.899999999995849 3.599999999999267 0
6.899999999995552 3.499999999999214 0
6.899999999995256 3.399999999999161 0
6.899999999994958 3.299999999999109 0
6.899999999994661 3.199999999999056 0
6.899999999994367 3.099999999999004 0
6.899999999994068 2.999999999998952 0
6.899999999993771 2.899999999998899 0
6.899999999993474 2.799999999998846 0
6.899999999993179 2.699999999998794 0
6.899999999992881 2.599999999998742 0
6.899999999992586 2.499999999998689 0
6.899999999992289 2.399999999998637 0
6.899999999991993 2.299999999998584 0
6.899999999991696 2.199999999998532 0
6.899999999991397 2.099999999998479 0
6.899999999991101 1.999999999998451 0
6.899999999990806 1.899999999998545 0
6.899999999990508 1.799999999998646 0
6.899999999990211 1.699999999998747 0
6.899999999989914 1.599999999998847 0
6.899999999989615 1.499999999998948 0
6.899999999989321 1.399999999999048 0
6.899999999989025 1.299999999999149 0
6.899999999988727 1.19999999999925 0
6.899999999988427 1.09999999999935 0
6.899999999988134 0.9999999999994513 0
6.899999999987834 0.899999999999552 0
6.899999999987541 0.799999999999653 0
6.899999999987243 0.6999999999997537 0
6.899999999986946 0.5999999999998322 0
6.899999999986649 0.4999999999998594 0
6.899999999986352 0.3999999999998833 0
6.899999999986056 0.2999999999999078 0
6.899999999985759 0.1999999999999426 0
6.899999999985463 0.09999999999997483 0
6.799999999999714 4.899999999999948 0
6.799999999999423 4.799999999999898 0
6.799999999999131 4.699999999999845 0
6.799999999998839 4.599999999999794 0
6.799999999998549 4.499999999999744 0
6.799999999998258 4.399999999999689 0
6.799999999997968 4.299999999999638 0
6.799999999997676 4.199999999999587 0
6.799999999997385 4.099999999999535 0
6.799999999997093 3.999999999999484 0
6.799999999996803 3.899999999999433 0
6.799999999996513 3.799999999999381 0
6.799999999996222 3.699999999999329 0
6.799999999995932 3.599999999999278 0
6.799999999995639 3.499999999999226 0
6.79999999999535 3.399999999999174 0
6.799999999995057 3.299999999999122 0
6.799999999994767 3.199999999999069 0
6.799999999994477 3.099999999999018 0
6.799999999994186 2.999999999998967 0
6.799999999993894 2.899999999998915 0
6.799999999993604 2.799999999998864 0
6.799999999993313 2.69999999999881 0
6.799999999993022 2.59999999999876 0
6.799999999992731 2.499999999998709 0
6.79999999999244 2.399999999998657 0
6.79999999999215 2.299999999998605 0
6.799999999991859 2.199999999998553 0
6.799999999991567 2.099999999998501 0
6.799999999991276 1.999999999998473 0
6.799999999990987 1.899999999998566 0
6.799999999990695 1.799999999998665 0
6.799999999990404 1.699999999998765 0
6.799999999990113 1.599999999998864 0
6.799999999989821 1.499999999998963 0
6.799999999989532 1.399999999999062 0
6.79999999998924 1.299999999999161 0
6.799999999988949 1.19999999999926 0
6.799999999988658 1.09999999999936 0
6.799999999988366 0.9999999999994593 0
6.799999999988076 0.8999999999995587 0
6.799999999987785 0.7999999999996578 0
6.799999999987493 0.6999999999997573 0
6.799999999987204 0.5999999999998347 0
6.799999999986912 0.4999999999998616 0
6.79999999998662 0.399999999999885 0
6.799999999986328 0.2999999999999091 0
6.799999999986039 0.1999999999999434 0
6.79999999998575 0.09999999999997516 0
6.699999999999718 4.899999999999949 0
6.699999999999434 4.799999999999898 0
6.699999999999147 4.699999999999847 0
6.699999999998862 4.599999999999799 0
6.699999999998576 4.499999999999748 0
6.699999999998293 4.399999999999695 0
6.699999999998009 4.299999999999644 0
6.69999999999772 4.199999999999594 0
6.699999999997439 4.099999999999543 0
6.699999999997154 3.999999999999491 0
6.699999999996868 3.899999999999441 0
6.699999999996582 3.79999999999939 0
6.699999999996297 3.699999999999339 0
6.699999999996011 3.599999999999288 0
6.699999999995725 3.499999999999237 0
6.699999999995444 3.399999999999187 0
6.699999999995157 3.299999999999136 0
6.69999999999487 3.199999999999084 0
6.699999999994587 3.099999999999033 0
6.699999999994301 2.999999999998981 0
6.699999999994017 2.899999999998931 0
6.699999999993733 2.79999999999888 0
6.699999999993448 2.699999999998829 0
6.699999999993162 2.599999999998778 0
6.699999999992877 2.499999999998727 0
6.699999999992592 2.399999999998676 0
6.699999999992308 2.299999999998626 0
6.699999999992022 2.199999999998575 0
6.699999999991736 2.099999999998523 0
6.699999999991451 1.999999999998495 0
6.699999999991165 1.899999999998587 0
6.699999999990879 1.799999999998685 0
6.699999999990595 1.699999999998782 0
6.699999999990311 1.599999999998881 0
6.699999999990026 1.499999999998979 0
6.699999999989741 1.399999999999076 0
6.699999999989455 1.299999999999174 0
6.699999999989172 1.199999999999271 0
6.699999999988886 1.099999999999369 0
6.6999999999886 0.9999999999994673 0
6.699999999988314 0.8999999999995651 0
6.699999999988031 0.7999999999996625 0
6.699999999987745 0.6999999999997608 0
6.699999999987461 0.5999999999998371 0
6.699999999987174 0.4999999999998636 0
6.699999999986891 0.3999999999998868 0
6.699999999986606 0.2999999999999104 0
6.69999999998632 0.1999999999999442 0
6.699999999986034 0.09999999999997553 0
6.599999999999724 4.899999999999951 0
6.599999999999445 4.7999999999999 0
6.599999999999167 4.69999999999985 0
6.599999999998886 4.5999999999998 0
6.599999999998608 4.499999999999751 0
6.599999999998326 4.3999999999997 0
6.599999999998048 4.299999999999649 0
6.599999999997771 4.1999999999996 0
6.59999999999749 4.099999999999549 0
6.599999999997209 3.9999999999995 0
6.599999999996932 3.899999999999448 0
6.599999999996651 3.799999999999399 0
6.599999999996374 3.69999999999935 0
6.599999999996094 3.599999999999299 0
6.599999999995815 3.499999999999249 0
6.599999999995536 3.399999999999198 0
6.599999999995255 3.299999999999148 0
6.599999999994976 3.199999999999098 0
6.599999999994697 3.099999999999048 0
6.599999999994419 2.999999999998997 0
6.599999999994139 2.899999999998947 0
6.599999999993861 2.799999999998897 0
6.599999999993582 2.699999999998846 0
6.599999999993302 2.599999999998797 0
6.599999999993022 2.499999999998746 0
6.599999999992744 2.399999999998697 0
6.599999999992463 2.299999999998645 0
6.599999999992184 2.199999999998595 0
6.599999999991905 2.099999999998545 0
6.599999999991626 1.999999999998518 0
6.599999999991347 1.899999999998608 0
6.599999999991067 1.799999999998705 0
6.599999999990787 1.699999999998801 0
6.599999999990509 1.599999999998898 0
6.59999999999023 1.499999999998994 0
6.599999999989951 1.39999999999909 0
6.599999999989672 1.299999999999186 0
6.599999999989393 1.199999999999283 0
6.599999999989112 1.099999999999379 0
6.599999999988833 0.9999999999994753 0
6.599999999988555 0.8999999999995716 0
6.599999999988274 0.7999999999996676 0
6.599999999987998 0.6999999999997644 0
6.599999999987716 0.5999999999998396 0
6.599999999987438 0.4999999999998656 0
6.599999999987159 0.3999999999998884 0
6.599999999986878 0.2999999999999118 0
6.5999999999866 0.1999999999999451 0
6.599999999986321 0.09999999999997589 0
6.49999999999973 4.899999999999951 0
6.499999999999456 4.799999999999901 0
6.499999999999183 4.699999999999852 0
6.499999999998909 4.599999999999802 0
6.499999999998635 4.499999999999755 0
6.499999999998364 4.399999999999704 0
6.49999999999809 4.299999999999654 0
6.499999999997815 4.199999999999605 0
6.499999999997544 4.099999999999557 0
6.499999999997272 3.999999999999507 0
6.499999999996996 3.899999999999457 0
6.499999999996723 3.799999999999408 0
6.499999999996449 3.699999999999359 0
6.499999999996176 3.59999999999931 0
6.499999999995902 3.49999999999926 0
6.49999999999563 3.399999999999211 0
6.499999999995355 3.29999999999916 0
6.499999999995081 3.199999999999111 0
6.499999999994809 3.099999999999062 0
6.499999999994534 2.999999999999013 0
6.499999999994262 2.899999999998963 0
6.499999999993989 2.799999999998914 0
6.499999999993717 2.699999999998864 0
6.499999999993442 2.599999999998815 0
6.499999999993168 2.499999999998765 0
6.499999999992896 2.399999999998716 0
6.499999999992621 2.299999999998667 0
6.499999999992347 2.199999999998617 0
6.499999999992076 2.099999999998568 0
6.499999999991802 1.99999999999854 0
6.499999999991529 1.89999999999863 0
6.499999999991255 1.799999999998724 0
6.499999999990981 1.699999999998819 0
6.499999999990708 1.599999999998914 0
6.499999999990434 1.499999999999009 0
6.499999999990161 1.399999999999104 0
6.499999999989887 1.299999999999199 0
6.499999999989614 1.199999999999293 0
6.49999999998934 1.099999999999388 0
6.499999999989067 0.9999999999994833 0
6.499999999988794 0.8999999999995782 0
6.499999999988522 0.799999999999673 0
6.499999999988248 0.6999999999997679 0
6.499999999987974 0.599999999999842 0
6.499999999987701 0.4999999999998676 0
6.499999999987426 0.3999999999998901 0
6.499999999987152 0.2999999999999131 0
6.499999999986882 0.1999999999999459 0
6.499999999986608 0.09999999999997625 0
6.399999999999736 4.899999999999952 0
6.39999999999947 4.799999999999903 0
6.3999999999992 4.699999999999854 0
6.399999999998932 4.599999999999805 0
6.399999999998665 4.499999999999758 0
6.399999999998398 4.399999999999707 0
6.399999999998132 4.29999999999966 0
6.399999999997863 4.199999999999612 0
6.399999999997593 4.099999999999564 0
6.399999999997328 3.999999999999515 0
6.399999999997061 3.899999999999467 0
6.399999999996791 3.799999999999417 0
6.399999999996526 3.699999999999369 0
6.399999999996258 3.59999999999932 0
6.399999999995991 3.499999999999271 0
6.399999999995723 3.399999999999221 0
6.399999999995455 3.299999999999174 0
6.399999999995188 3.199999999999125 0
6.39999999999492 3.099999999999077 0
6.399999999994652 2.999999999999027 0
6.399999999994385 2.899999999998979 0
6.399999999994117 2.79999999999893 0
6.39999999999385 2.699999999998882 0
6.399999999993582 2.599999999998833 0
6.399999999993314 2.499999999998784 0
6.399999999993046 2.399999999998736 0
6.399999999992779 2.299999999998686 0
6.399999999992513 2.199999999998639 0
6.399999999992245 2.099999999998589 0
6.399999999991977 1.999999999998563 0
6.39999999999171 1.899999999998651 0
6.39999999999144 1.799999999998744 0
6.399999999991173 1.699999999998838 0
6.399999999990906 1.599999999998931 0
6.39999999999064 1.499999999999024 0
6.399999999990371 1.399999999999117 0
6.399999999990104 1.299999999999211 0
6.399999999989835 1.199999999999304 0
6.399999999989567 1.099999999999397 0
6.399999999989301 0.9999999999994914 0
6.399999999989034 0.8999999999995847 0
6.399999999988764 0.7999999999996777 0
6.399999999988498 0.6999999999997715 0
6.399999999988229 0.5999999999998444 0
6.399999999987961 0.4999999999998697 0
6.399999999987695 0.3999999999998918 0
6.399999999987426 0.2999999999999144 0
6.399999999987159 0.1999999999999468 0
6.399999999986892 0.09999999999997661 0
6.299999999999742 4.899999999999952 0
6.299999999999482 4.799999999999905 0
6.29999999999922 4.699999999999857 0
6.299999999998957 4.59999999999981 0
6.299999999998696 4.499999999999762 0
6.299999999998436 4.399999999999713 0
6.29999999999817 4.299999999999665 0
6.299999999997911 4.199999999999617 0
6.299999999997648 4.099999999999571 0
6.299999999997389 3.999999999999522 0
6.299999999997126 3.899999999999475 0
6.299999999996863 3.799999999999427 0
6.299999999996603 3.699999999999378 0
6.29999999999634 3.599999999999331 0
6.299999999996077 3.499999999999282 0
6.299999999995817 3.399999999999234 0
6.299999999995556 3.299999999999187 0
6.299999999995291 3.19999999999914 0
6.29999999999503 3.099999999999091 0
6.299999999994768 2.999999999999043 0
6.299999999994507 2.899999999998995 0
6.299999999994246 2.799999999998947 0
6.299999999993982 2.699999999998898 0
6.299999999993724 2.599999999998851 0
6.299999999993461 2.499999999998803 0
6.299999999993198 2.399999999998755 0
6.299999999992935 2.299999999998708 0
6.299999999992676 2.199999999998659 0
6.299999999992413 2.099999999998611 0
6.299999999992152 1.999999999998586 0
6.299999999991892 1.899999999998672 0
6.299999999991627 1.799999999998763 0
6.299999999991367 1.699999999998855 0
6.299999999991105 1.599999999998948 0
6.299999999990843 1.499999999999039 0
6.29999999999058 1.399999999999131 0
6.29999999999032 1.299999999999223 0
6.299999999990058 1.199999999999315 0
6.299999999989797 1.099999999999407 0
6.299999999989535 0.9999999999994991 0
6.299999999989272 0.8999999999995911 0
6.299999999989011 0.799999999999683 0
6.299999999988751 0.699999999999775 0
6.299999999988486 0.5999999999998469 0
6.299999999988224 0.4999999999998717 0
6.299999999987965 0.3999999999998934 0
6.299999999987702 0.2999999999999158 0
6.299999999987441 0.1999999999999476 0
6.299999999987179 0.09999999999997697 0
6.199999999999748 4.899999999999952 0
6.199999999999492 4.799999999999907 0
6.199999999999235 4.699999999999859 0
6.19999999999898 4.599999999999812 0
6.199999999998722 4.499999999999766 0
6.199999999998469 4.399999999999718 0
6.199999999998211 4.29999999999967 0
6.199999999997957 4.199999999999623 0
6.199999999997702 4.099999999999579 0
6.199999999997445 3.99999999999953 0
6.199999999997189 3.899999999999483 0
6.199999999996932 3.799999999999436 0
6.199999999996676 3.699999999999389 0
6.199999999996421 3.599999999999342 0
6.199999999996164 3.499999999999294 0
6.199999999995908 3.399999999999246 0
6.199999999995654 3.2999999999992 0
6.199999999995397 3.199999999999152 0
6.199999999995143 3.099999999999106 0
6.199999999994887 2.999999999999058 0
6.199999999994629 2.899999999999011 0
6.199999999994375 2.799999999998963 0
6.199999999994118 2.699999999998917 0
6.199999999993862 2.59999999999887 0
6.199999999993606 2.499999999998822 0
6.19999999999335 2.399999999998775 0
6.199999999993095 2.299999999998728 0
6.199999999992839 2.199999999998681 0
6.199999999992583 2.099999999998634 0
6.199999999992328 1.999999999998608 0
6.199999999992071 1.899999999998693 0
6.199999999991816 1.799999999998783 0
6.19999999999156 1.699999999998874 0
6.199999999991304 1.599999999998964 0
6.199999999991048 1.499999999999055 0
6.199999999990792 1.399999999999145 0
6.199999999990537 1.299999999999235 0
6.199999999990282 1.199999999999326 0
6.199999999990026 1.099999999999417 0
6.19999999998977 0.9999999999995071 0
6.199999999989514 0.8999999999995976 0
6.199999999989258 0.799999999999688 0
6.199999999989002 0.6999999999997786 0
6.199999999988745 0.5999999999998493 0
6.19999999998849 0.4999999999998738 0
6.199999999988235 0.3999999999998951 0
6.19999999998798 0.2999999999999171 0
6.199999999987724 0.1999999999999484 0
6.199999999987466 0.09999999999997733 0
6.099999999999754 4.899999999999954 0
6.099999999999503 4.799999999999908 0
6.099999999999253 4.69999999999986 0
6.099999999999003 4.599999999999816 0
6.099999999998754 4.499999999999769 0
6.099999999998502 4.399999999999721 0
6.099999999998253 4.299999999999676 0
6.099999999998001 4.19999999999963 0
6.099999999997753 4.099999999999585 0
6.099999999997502 3.999999999999537 0
6.099999999997253 3.899999999999491 0
6.099999999997003 3.799999999999445 0
6.099999999996754 3.699999999999399 0
6.099999999996503 3.599999999999353 0
6.099999999996252 3.499999999999305 0
6.099999999996003 3.399999999999259 0
6.099999999995752 3.299999999999214 0
6.099999999995504 3.199999999999166 0
6.099999999995255 3.099999999999119 0
6.099999999995003 2.999999999999074 0
6.099999999994752 2.899999999999027 0
6.099999999994502 2.79999999999898 0
6.099999999994253 2.699999999998933 0
6.099999999994004 2.599999999998888 0
6.099999999993752 2.499999999998842 0
6.099999999993504 2.399999999998794 0
6.099999999993251 2.299999999998749 0
6.099999999993003 2.199999999998702 0
6.099999999992752 2.099999999998655 0
6.099999999992502 1.99999999999863 0
6.099999999992253 1.899999999998714 0
6.099999999992002 1.799999999998803 0
6.099999999991753 1.699999999998892 0
6.099999999991503 1.599999999998981 0
6.099999999991253 1.49999999999907 0
6.099999999991002 1.399999999999159 0
6.099999999990752 1.299999999999248 0
6.099999999990501 1.199999999999337 0
6.099999999990253 1.099999999999426 0
6.099999999990002 0.9999999999995151 0
6.099999999989752 0.899999999999604 0
6.099999999989503 0.799999999999693 0
6.099999999989252 0.6999999999997821 0
6.099999999989002 0.5999999999998518 0
6.099999999988754 0.4999999999998758 0
6.099999999988504 0.3999999999998968 0
6.099999999988253 0.2999999999999184 0
6.099999999988002 0.1999999999999492 0
6.099999999987753 0.0999999999999777 0
5.99999999999976 4.899999999999956 0
5.999999999999513 4.799999999999908 0
5.999999999999272 4.699999999999864 0
5.999999999999026 4.599999999999819 0
5.999999999998783 4.499999999999773 0
5.999999999998538 4.399999999999727 0
5.999999999998293 4.29999999999968 0
5.999999999998051 4.199999999999637 0
5.999999999997806 4.09999999999959 0
5.999999999997561 3.999999999999545 0
5.999999999997318 3.899999999999499 0
5.999999999997073 3.799999999999454 0
5.999999999996829 3.699999999999409 0
5.999999999996583 3.599999999999363 0
5.999999999996341 3.499999999999317 0
5.999999999996097 3.399999999999271 0
5.999999999995852 3.299999999999226 0
5.999999999995607 3.19999999999918 0
5.999999999995364 3.099999999999135 0
5.99999999999512 2.999999999999088 0
5.999999999994875 2.899999999999043 0
5.99999999999463 2.799999999998998 0
5.999999999994387 2.699999999998951 0
5.999999999994143 2.599999999998906 0
5.999999999993898 2.49999999999886 0
5.999999999993655 2.399999999998815 0
5.99999999999341 2.299999999998769 0
5.999999999993166 2.199999999998723 0
5.999999999992923 2.099999999998678 0
5.999999999992678 1.999999999998653 0
5.999999999992434 1.899999999998735 0
5.999999999992188 1.799999999998823 0
5.999999999991946 1.69999999999891 0
5.999999999991701 1.599999999998998 0
5.999999999991456 1.499999999999085 0
5.999999999991212 1.399999999999173 0
5.999999999990969 1.29999999999926 0
5.999999999990724 1.199999999999348 0
5.999999999990479 1.099999999999435 0
5.999999999990235 0.999999999999523 0
5.999999999989992 0.8999999999996107 0
5.999999999989747 0.799999999999698 0
5.999999999989502 0.6999999999997859 0
5.99999999998926 0.5999999999998542 0
5.999999999989016 0.4999999999998778 0
5.999999999988769 0.3999999999998984 0
5.999999999988525 0.2999999999999198 0
5.999999999988282 0.1999999999999501 0
5.999999999988039 0.09999999999997805 0
5.899999999999764 4.899999999999956 0
5.899999999999523 4.799999999999912 0
5.899999999999288 4.699999999999864 0
5.899999999999048 4.599999999999822 0
5.899999999998809 4.499999999999776 0
5.899999999998572 4.39999999999973 0
5.899999999998334 4.299999999999686 0
5.899999999998094 4.199999999999642 0
5.899999999997858 4.099999999999597 0
5.899999999997616 3.999999999999553 0
5.899999999997381 3.899999999999507 0
5.899999999997143 3.799999999999463 0
5.899999999996904 3.699999999999418 0
5.899999999996664 3.599999999999374 0
5.899999999996426 3.499999999999329 0
5.89999999999619 3.399999999999284 0
5.899999999995949 3.299999999999238 0
5.899999999995712 3.199999999999194 0
5.899999999995473 3.099999999999149 0
5.899999999995234 2.999999999999104 0
5.899999999994998 2.899999999999059 0
5.899999999994758 2.799999999999014 0
5.89999999999452 2.699999999998969 0
5.899999999994282 2.599999999998925 0
5.899999999994046 2.499999999998879 0
5.899999999993806 2.399999999998834 0
5.899999999993566 2.29999999999879 0
5.89999999999333 2.199999999998745 0
5.89999999999309 2.099999999998699 0
5.899999999992854 1.999999999998675 0
5.899999999992614 1.899999999998756 0
5.899999999992375 1.799999999998842 0
5.899999999992138 1.699999999998928 0
5.8999999999919 1.599999999999014 0
5.899999999991662 1.4999999999991 0
5.899999999991424 1.399999999999187 0
5.899999999991184 1.299999999999272 0
5.899999999990945 1.199999999999358 0
5.899999999990706 1.099999999999445 0
5.899999999990468 0.9999999999995308 0
5.89999999999023 0.8999999999996171 0
5.899999999989992 0.7999999999997029 0
5.899999999989753 0.6999999999997895 0
5.899999999989516 0.5999999999998564 0
5.899999999989278 0.4999999999998798 0
5.899999999989039 0.3999999999999002 0
5.899999999988802 0.2999999999999211 0
5.899999999988564 0.199999999999951 0
5.899999999988324 0.09999999999997841 0
5.799999999999772 4.899999999999956 0
5.799999999999538 4.799999999999912 0
5.799999999999305 4.699999999999868 0
5.799999999999073 4.599999999999824 0
5.799999999998839 4.499999999999779 0
5.799999999998606 4.399999999999736 0
5.799999999998375 4.299999999999692 0
5.799999999998143 4.199999999999648 0
5.799999999997909 4.099999999999605 0
5.799999999997678 3.99999999999956 0
5.799999999997445 3.899999999999516 0
5.799999999997213 3.799999999999472 0
5.79999999999698 3.699999999999428 0
5.799999999996748 3.599999999999385 0
5.799999999996515 3.49999999999934 0
5.799999999996284 3.399999999999296 0
5.799999999996051 3.299999999999252 0
5.799999999995819 3.199999999999207 0
5.799999999995583 3.099999999999163 0
5.799999999995354 2.999999999999118 0
5.79999999999512 2.899999999999075 0
5.799999999994888 2.799999999999031 0
5.799999999994657 2.699999999998987 0
5.799999999994424 2.599999999998943 0
5.799999999994191 2.499999999998899 0
5.799999999993958 2.399999999998855 0
5.799999999993726 2.299999999998811 0
5.799999999993491 2.199999999998766 0
5.79999999999326 2.099999999998722 0
5.799999999993028 1.999999999998697 0
5.799999999992797 1.899999999998777 0
5.799999999992562 1.799999999998862 0
5.79999999999233 1.699999999998947 0
5.799999999992099 1.599999999999031 0
5.799999999991867 1.499999999999116 0
5.799999999991633 1.3999999999992 0
5.799999999991399 1.299999999999285 0
5.799999999991168 1.19999999999937 0
5.799999999990938 1.099999999999455 0
5.799999999990703 0.9999999999995389 0
5.799999999990471 0.8999999999996235 0
5.799999999990237 0.7999999999997079 0
5.799999999990006 0.699999999999793 0
5.799999999989773 0.5999999999998591 0
5.799999999989541 0.4999999999998819 0
5.799999999989308 0.3999999999999019 0
5.799999999989074 0.2999999999999224 0
5.799999999988843 0.1999999999999518 0
5.79999999998861 0.09999999999997879 0
5.699999999999777 4.899999999999955 0
5.699999999999551 4.799999999999914 0
5.699999999999322 4.699999999999871 0
5.699999999999097 4.599999999999826 0
5.69999999999887 4.499999999999785 0
5.699999999998645 4.399999999999739 0
5.699999999998417 4.299999999999697 0
5.69999999999819 4.199999999999655 0
5.699999999997964 4.099999999999611 0
5.699999999997736 3.999999999999567 0
5.699999999997509 3.899999999999525 0
5.699999999997283 3.799999999999481 0
5.699999999997059 3.699999999999438 0
5.69999999999683 3.599999999999395 0
5.699999999996603 3.499999999999351 0
5.699999999996376 3.399999999999307 0
5.69999999999615 3.299999999999265 0
5.699999999995923 3.199999999999221 0
5.699999999995697 3.099999999999178 0
5.69999999999547 2.999999999999134 0
5.699999999995245 2.899999999999091 0
5.699999999995016 2.799999999999047 0
5.699999999994789 2.699999999999005 0
5.699999999994564 2.59999999999896 0
5.699999999994336 2.499999999998917 0
5.699999999994111 2.399999999998875 0
5.699999999993882 2.29999999999883 0
5.699999999993657 2.199999999998788 0
5.69999999999343 2.099999999998744 0
5.699999999993204 1.99999999999872 0
5.699999999992976 1.899999999998798 0
5.69999999999275 1.799999999998882 0
5.699999999992523 1.699999999998965 0
5.699999999992297 1.599999999999048 0
5.69999999999207 1.499999999999131 0
5.699999999991843 1.399999999999214 0
5.699999999991616 1.299999999999297 0
5.699999999991389 1.19999999999938 0
5.699999999991165 1.099999999999464 0
5.699999999990936 0.9999999999995468 0
5.69999999999071 0.8999999999996302 0
5.699999999990482 0.7999999999997127 0
5.699999999990257 0.6999999999997966 0
5.69999999999003 0.5999999999998613 0
5.699999999989803 0.4999999999998839 0
5.699999999989577 0.3999999999999035 0
5.699999999989348 0.2999999999999238 0
5.699999999989124 0.1999999999999526 0
5.699999999988898 0.09999999999997913 0
5.599999999999783 4.899999999999958 0
5.599999999999561 4.799999999999915 0
5.599999999999342 4.699999999999871 0
5.599999999999119 4.59999999999983 0
5.5999999999989 4.499999999999789 0
5.599999999998678 4.399999999999745 0
5.599999999998458 4.299999999999701 0
5.599999999998236 4.19999999999966 0
5.599999999998015 4.099999999999617 0
5.599999999997795 3.999999999999575 0
5.599999999997573 3.899999999999533 0
5.599999999997355 3.799999999999491 0
5.59999999999713 3.699999999999448 0
5.599999999996913 3.599999999999406 0
5.59999999999669 3.499999999999362 0
5.59999999999647 3.39999999999932 0
5.59999999999625 3.299999999999277 0
5.599999999996028 3.199999999999235 0
5.599999999995807 3.099999999999192 0
5.599999999995587 2.99999999999915 0
5.599999999995367 2.899999999999107 0
5.599999999995145 2.799999999999065 0
5.599999999994925 2.699999999999021 0
5.599999999994703 2.599999999998979 0
5.599999999994482 2.499999999998936 0
5.599999999994262 2.399999999998894 0
5.59999999999404 2.299999999998851 0
5.599999999993818 2.199999999998808 0
5.599999999993599 2.099999999998766 0
5.599999999993377 1.999999999998743 0
5.599999999993157 1.89999999999882 0
5.599999999992937 1.799999999998901 0
5.599999999992717 1.699999999998983 0
5.599999999992495 1.599999999999064 0
5.599999999992274 1.499999999999146 0
5.599999999992052 1.399999999999228 0
5.599999999991831 1.299999999999309 0
5.599999999991612 1.199999999999391 0
5.599999999991391 1.099999999999473 0
5.59999999999117 0.9999999999995548 0
5.599999999990949 0.8999999999996366 0
5.599999999990727 0.7999999999997182 0
5.599999999990507 0.6999999999998001 0
5.599999999990287 0.599999999999864 0
5.599999999990065 0.499999999999886 0
5.599999999989845 0.3999999999999052 0
5.599999999989624 0.2999999999999251 0
5.599999999989402 0.1999999999999534 0
5.599999999989182 0.09999999999997949 0
5.499999999999789 4.899999999999959 0
5.499999999999575 4.799999999999917 0
5.499999999999358 4.699999999999875 0
5.499999999999145 4.599999999999834 0
5.499999999998929 4.499999999999791 0
5.499999999998712 4.39999999999975 0
5.499999999998499 4.299999999999708 0
5.499999999998285 4.199999999999665 0
5.499999999998068 4.099999999999624 0
5.499999999997856 3.999999999999583 0
5.499999999997639 3.899999999999541 0
5.499999999997423 3.7999999999995 0
5.499999999997209 3.699999999999458 0
5.499999999996994 3.599999999999416 0
5.499999999996779 3.499999999999375 0
5.499999999996563 3.399999999999332 0
5.49999999999635 3.29999999999929 0
5.499999999996133 3.199999999999248 0
5.499999999995917 3.099999999999207 0
5.499999999995703 2.999999999999164 0
5.49999999999549 2.899999999999123 0
5.499999999995273 2.799999999999081 0
5.499999999995058 2.699999999999039 0
5.499999999994843 2.599999999998998 0
5.499999999994628 2.499999999998956 0
5.499999999994413 2.399999999998913 0
5.499999999994198 2.299999999998872 0
5.499999999993983 2.199999999998829 0
5.499999999993767 2.099999999998788 0
5.499999999993554 1.999999999998765 0
5.499999999993339 1.89999999999884 0
5.499999999993124 1.79999999999892 0
5.499999999992909 1.699999999999001 0
5.499999999992694 1.599999999999081 0
5.499999999992479 1.499999999999162 0
5.499999999992262 1.399999999999242 0
5.499999999992047 1.299999999999322 0
5.499999999991832 1.199999999999402 0
5.499999999991618 1.099999999999483 0
5.499999999991402 0.9999999999995628 0
5.499999999991187 0.8999999999996431 0
5.499999999990974 0.7999999999997229 0
5.499999999990757 0.6999999999998037 0
5.499999999990544 0.5999999999998662 0
5.499999999990329 0.499999999999888 0
5.499999999990112 0.3999999999999069 0
5.499999999989898 0.2999999999999264 0
5.499999999989684 0.1999999999999543 0
5.499999999989467 0.09999999999997986 0
5.399999999999792 4.899999999999959 0
5.399999999999583 4.799999999999919 0
5.399999999999374 4.699999999999877 0
5.399999999999165 4.599999999999837 0
5.399999999998955 4.499999999999797 0
5.399999999998746 4.399999999999753 0
5.399999999998537 4.299999999999713 0
5.399999999998327 4.199999999999672 0
5.399999999998118 4.099999999999631 0
5.39999999999791 3.99999999999959 0
5.399999999997702 3.89999999999955 0
5.399999999997492 3.799999999999509 0
5.399999999997283 3.699999999999467 0
5.399999999997073 3.599999999999427 0
5.399999999996864 3.499999999999384 0
5.399999999996655 3.399999999999344 0
5.399999999996446 3.299999999999303 0
5.399999999996236 3.199999999999262 0
5.39999999999603 3.099999999999221 0
5.39999999999582 2.999999999999179 0
5.399999999995611 2.899999999999139 0
5.399999999995401 2.799999999999098 0
5.399999999995193 2.699999999999056 0
5.399999999994983 2.599999999999016 0
5.399999999994774 2.499999999998975 0
5.399999999994565 2.399999999998934 0
5.399999999994357 2.299999999998893 0
5.399999999994147 2.19999999999885 0
5.399999999993938 2.099999999998809 0
5.399999999993728 1.999999999998787 0
5.399999999993518 1.899999999998861 0
5.399999999993308 1.79999999999894 0
5.399999999993101 1.699999999999019 0
5.399999999992891 1.599999999999098 0
5.399999999992684 1.499999999999177 0
5.399999999992474 1.399999999999256 0
5.399999999992264 1.299999999999334 0
5.399999999992055 1.199999999999413 0
5.399999999991847 1.099999999999492 0
5.399999999991637 0.9999999999995709 0
5.399999999991427 0.8999999999996495 0
5.39999999999122 0.7999999999997282 0
5.399999999991009 0.6999999999998074 0
5.399999999990801 0.5999999999998686 0
5.39999999999059 0.49999999999989 0
5.39999999999038 0.3999999999999087 0
5.399999999990171 0.2999999999999278 0
5.399999999989964 0.1999999999999551 0
5.399999999989754 0.09999999999998022 0
5.299999999999799 4.899999999999959 0
5.299999999999597 4.799999999999919 0
5.299999999999392 4.699999999999878 0
5.299999999999189 4.599999999999841 0
5.299999999998986 4.499999999999801 0
5.299999999998783 4.399999999999759 0
5.299999999998581 4.299999999999718 0
5.299999999998377 4.199999999999678 0
5.299999999998172 4.099999999999639 0
5.299999999997969 3.999999999999598 0
5.299999999997767 3.899999999999558 0
5.299999999997564 3.799999999999518 0
5.29999999999736 3.699999999999478 0
5.299999999997157 3.599999999999438 0
5.299999999996953 3.499999999999397 0
5.299999999996749 3.399999999999357 0
5.299999999996546 3.299999999999316 0
5.299999999996342 3.199999999999275 0
5.29999999999614 3.099999999999235 0
5.299999999995937 2.999999999999194 0
5.299999999995731 2.899999999999155 0
5.29999999999553 2.799999999999115 0
5.299999999995325 2.699999999999074 0
5.299999999995122 2.599999999999033 0
5.299999999994921 2.499999999998993 0
5.299999999994715 2.399999999998953 0
5.299999999994513 2.299999999998913 0
5.29999999999431 2.199999999998872 0
5.299999999994108 2.099999999998833 0
5.299999999993903 1.99999999999881 0
5.2999999999937 1.899999999998883 0
5.299999999993497 1.79999999999896 0
5.299999999993294 1.699999999999037 0
5.29999999999309 1.599999999999115 0
5.299999999992887 1.499999999999192 0
5.299999999992684 1.399999999999269 0
5.299999999992481 1.299999999999347 0
5.299999999992277 1.199999999999424 0
5.299999999992074 1.099999999999502 0
5.299999999991869 0.9999999999995788 0
5.299999999991667 0.8999999999996559 0
5.299999999991464 0.7999999999997334 0
5.29999999999126 0.6999999999998109 0
5.299999999991058 0.5999999999998711 0
5.299999999990853 0.4999999999998921 0
5.29999999999065 0.3999999999999102 0
5.299999999990447 0.2999999999999291 0
5.299999999990244 0.1999999999999559 0
5.29999999999004 0.09999999999998055 0
5.199999999999806 4.899999999999961 0
5.199999999999608 4.799999999999923 0
5.19999999999941 4.699999999999882 0
5.199999999999215 4.599999999999843 0
5.199999999999016 4.499999999999804 0
5.199999999998819 4.399999999999764 0
5.19999999999862 4.299999999999723 0
5.199999999998423 4.199999999999683 0
5.199999999998226 4.099999999999645 0
5.199999999998029 3.999999999999607 0
5.19999999999783 3.899999999999566 0
5.199999999997633 3.799999999999527 0
5.199999999997434 3.699999999999488 0
5.19999999999724 3.599999999999449 0
5.19999999999704 3.499999999999408 0
5.199999999996844 3.399999999999369 0
5.199999999996646 3.299999999999329 0
5.199999999996449 3.19999999999929 0
5.199999999996249 3.09999999999925 0
5.199999999996054 2.99999999999921 0
5.199999999995855 2.899999999999171 0
5.19999999999566 2.799999999999132 0
5.199999999995461 2.699999999999091 0
5.199999999995264 2.599999999999052 0
5.199999999995066 2.499999999999012 0
5.199999999994867 2.399999999998973 0
5.199999999994671 2.299999999998933 0
5.199999999994473 2.199999999998893 0
5.199999999994276 2.099999999998854 0
5.199999999994079 1.999999999998832 0
5.199999999993882 1.899999999998904 0
5.199999999993685 1.79999999999898 0
5.199999999993485 1.699999999999056 0
5.199999999993288 1.599999999999131 0
5.199999999993091 1.499999999999207 0
5.199999999992895 1.399999999999283 0
5.199999999992697 1.299999999999359 0
5.1999999999925 1.199999999999435 0
5.199999999992302 1.099999999999511 0
5.199999999992103 0.9999999999995867 0
5.199999999991907 0.8999999999996626 0
5.199999999991709 0.7999999999997381 0
5.199999999991512 0.6999999999998143 0
5.199999999991315 0.5999999999998735 0
5.199999999991116 0.4999999999998941 0
5.19999999999092 0.399999999999912 0
5.199999999990721 0.2999999999999304 0
5.199999999990524 0.1999999999999568 0
5.199999999990327 0.09999999999998094 0
5.09999999999981 4.89999999999996 0
5.099999999999618 4.799999999999923 0
5.099999999999428 4.699999999999884 0
5.099999999999234 4.599999999999845 0
5.099999999999044 4.499999999999808 0
5.099999999998852 4.399999999999768 0
5.09999999999866 4.299999999999729 0
5.099999999998468 4.19999999999969 0
5.099999999998277 4.099999999999652 0
5.099999999998087 3.999999999999613 0
5.099999999997895 3.899999999999575 0
5.099999999997701 3.799999999999536 0
5.099999999997511 3.699999999999497 0
5.09999999999732 3.599999999999459 0
5.099999999997127 3.49999999999942 0
5.099999999996935 3.39999999999938 0
5.099999999996745 3.299999999999342 0
5.099999999996552 3.199999999999303 0
5.099999999996362 3.099999999999264 0
5.099999999996168 2.999999999999225 0
5.099999999995976 2.899999999999187 0
5.099999999995786 2.799999999999148 0
5.099999999995596 2.699999999999109 0
5.099999999995402 2.599999999999071 0
5.099999999995212 2.499999999999032 0
5.099999999995021 2.399999999998993 0
5.099999999994829 2.299999999998955 0
5.099999999994637 2.199999999998914 0
5.099999999994445 2.099999999998876 0
5.099999999994253 1.999999999998855 0
5.099999999994061 1.899999999998926 0
5.099999999993869 1.799999999998999 0
5.099999999993679 1.699999999999074 0
5.099999999993488 1.599999999999148 0
5.099999999993296 1.499999999999222 0
5.099999999993104 1.399999999999297 0
5.099999999992912 1.299999999999371 0
5.099999999992722 1.199999999999446 0
5.09999999999253 1.09999999999952 0
5.099999999992338 0.9999999999995945 0
5.099999999992146 0.8999999999996691 0
5.099999999991954 0.799999999999743 0
5.099999999991763 0.6999999999998182 0
5.099999999991571 0.599999999999876 0
5.099999999991379 0.4999999999998962 0
5.099999999991187 0.3999999999999136 0
5.099999999990995 0.2999999999999318 0
5.099999999990804 0.1999999999999576 0
5.099999999990613 0.0999999999999813 0
4.999999999999815 4.899999999999963 0
4.999999999999631 4.799999999999924 0
4.999999999999444 4.699999999999886 0
4.999999999999261 4.599999999999849 0
4.999999999999073 4.499999999999812 0
4.999999999998888 4.399999999999771 0
4.999999999998701 4.299999999999734 0
4.999999999998516 4.199999999999697 0
4.999999999998329 4.099999999999659 0
4.999999999998145 3.999999999999621 0
4.999999999997957 3.899999999999584 0
4.999999999997772 3.799999999999546 0
4.999999999997586 3.699999999999509 0
4.999999999997401 3.59999999999947 0
4.999999999997215 3.499999999999431 0
4.99999999999703 3.399999999999393 0
4.999999999996843 3.299999999999355 0
4.999999999996659 3.199999999999317 0
4.999999999996472 3.09999999999928 0
4.999999999996287 2.999999999999241 0
4.999999999996101 2.899999999999203 0
4.999999999995914 2.799999999999164 0
4.99999999999573 2.699999999999126 0
4.999999999995543 2.599999999999088 0
4.999999999995357 2.499999999999051 0
4.999999999995172 2.399999999999013 0
4.999999999994985 2.299999999998974 0
4.999999999994801 2.199999999998936 0
4.999999999994614 2.099999999998898 0
4.999999999994429 1.999999999998878 0
4.999999999994243 1.899999999998946 0
4.999999999994056 1.799999999999019 0
4.999999999993872 1.699999999999092 0
4.999999999993687 1.599999999999165 0
4.999999999993499 1.499999999999238 0
4.999999999993314 1.399999999999311 0
4.999999999993129 1.299999999999383 0
4.999999999992943 1.199999999999457 0
4.999999999992756 1.09999999999953 0
4.999999999992571 0.9999999999996025 0
4.999999999992387 0.8999999999996755 0
4.9999999999922 0.7999999999997484 0
4.999999999992013 0.6999999999998217 0
4.999999999991829 0.5999999999998784 0
4.99999999999164 0.4999999999998982 0
4.999999999991456 0.3999999999999153 0
4.999999999991271 0.2999999999999331 0
4.999999999991084 0.1999999999999584 0
4.999999999990898 0.09999999999998165 0
4.899999999999821 4.899999999999962 0
4.899999999999642 4.799999999999925 0
4.899999999999463 4.699999999999889 0
4.899999999999282 4.599999999999851 0
4.899999999999102 4.499999999999814 0
4.899999999998922 4.399999999999777 0
4.899999999998743 4.299999999999739 0
4.899999999998563 4.199999999999703 0
4.899999999998382 4.099999999999667 0
4.899999999998202 3.999999999999629 0
4.899999999998022 3.899999999999592 0
4.899999999997843 3.799999999999555 0
4.899999999997662 3.699999999999517 0
4.899999999997483 3.599999999999481 0
4.899999999997302 3.499999999999443 0
4.899999999997123 3.399999999999405 0
4.899999999996943 3.299999999999368 0
4.899999999996762 3.19999999999933 0
4.899999999996582 3.099999999999294 0
4.899999999996403 2.999999999999255 0
4.899999999996223 2.899999999999219 0
4.899999999996043 2.799999999999181 0
4.899999999995861 2.699999999999144 0
4.899999999995683 2.599999999999107 0
4.899999999995503 2.499999999999069 0
4.899999999995324 2.399999999999032 0
4.899999999995143 2.299999999998995 0
4.899999999994964 2.199999999998957 0
4.899999999994783 2.099999999998921 0
4.899999999994604 1.9999999999989 0
4.899999999994424 1.899999999998967 0
4.899999999994245 1.799999999999039 0
4.899999999994064 1.69999999999911 0
4.899999999993884 1.599999999999182 0
4.899999999993705 1.499999999999253 0
4.899999999993523 1.399999999999324 0
4.899999999993343 1.299999999999396 0
4.899999999993164 1.199999999999467 0
4.899999999992983 1.099999999999539 0
4.899999999992803 0.9999999999996105 0
4.899999999992624 0.8999999999996822 0
4.899999999992443 0.7999999999997532 0
4.899999999992265 0.6999999999998252 0
4.899999999992084 0.5999999999998809 0
4.899999999991904 0.4999999999999002 0
4.899999999991724 0.3999999999999171 0
4.899999999991544 0.2999999999999344 0
4.899999999991364 0.1999999999999593 0
4.899999999991185 0.09999999999998199 0
4.799999999999828 4.899999999999963 0
4.799999999999656 4.799999999999928 0
4.799999999999479 4.699999999999891 0
4.799999999999306 4.599999999999855 0
4.799999999999131 4.499999999999819 0
4.799999999998956 4.399999999999782 0
4.799999999998784 4.299999999999745 0
4.799999999998609 4.199999999999708 0
4.799999999998435 4.099999999999674 0
4.799999999998262 3.999999999999636 0
4.799999999998087 3.8999999999996 0
4.799999999997913 3.799999999999564 0
4.799999999997739 3.699999999999528 0
4.799999999997564 3.599999999999491 0
4.799999999997391 3.499999999999455 0
4.799999999997218 3.399999999999418 0
4.799999999997042 3.29999999999938 0
4.799999999996868 3.199999999999344 0
4.799999999996694 3.099999999999308 0
4.79999999999652 2.999999999999271 0
4.799999999996346 2.899999999999235 0
4.799999999996172 2.799999999999198 0
4.799999999995998 2.699999999999162 0
4.799999999995824 2.599999999999126 0
4.79999999999565 2.499999999999089 0
4.799999999995475 2.399999999999052 0
4.7999999999953 2.299999999999016 0
4.799999999995127 2.199999999998979 0
4.799999999994953 2.099999999998943 0
4.799999999994779 1.999999999998923 0
4.799999999994606 1.899999999998989 0
4.799999999994429 1.799999999999058 0
4.799999999994257 1.699999999999128 0
4.799999999994083 1.599999999999198 0
4.799999999993909 1.499999999999268 0
4.799999999993735 1.399999999999338 0
4.799999999993561 1.299999999999408 0
4.799999999993386 1.199999999999478 0
4.799999999993212 1.099999999999548 0
4.799999999993036 0.9999999999996182 0
4.799999999992864 0.8999999999996884 0
4.799999999992688 0.7999999999997583 0
4.799999999992514 0.6999999999998288 0
4.799999999992341 0.5999999999998831 0
4.799999999992166 0.4999999999999021 0
4.799999999991992 0.3999999999999186 0
4.79999999999182 0.2999999999999358 0
4.799999999991644 0.1999999999999601 0
4.799999999991469 0.09999999999998238 0
4.699999999999834 4.899999999999964 0
4.699999999999666 4.79999999999993 0
4.6999999999995 4.699999999999893 0
4.69999999999933 4.599999999999858 0
4.699999999999161 4.499999999999821 0
4.699999999998992 4.399999999999785 0
4.699999999998826 4.29999999999975 0
4.699999999998659 4.199999999999715 0
4.699999999998488 4.099999999999681 0
4.699999999998321 3.999999999999644 0
4.699999999998152 3.899999999999609 0
4.699999999997983 3.799999999999573 0
4.699999999997816 3.699999999999538 0
4.699999999997647 3.599999999999502 0
4.699999999997479 3.499999999999465 0
4.699999999997311 3.39999999999943 0
4.699999999997144 3.299999999999394 0
4.699999999996975 3.199999999999358 0
4.699999999996805 3.099999999999322 0
4.699999999996639 2.999999999999287 0
4.69999999999647 2.899999999999251 0
4.699999999996301 2.799999999999215 0
4.699999999996132 2.699999999999178 0
4.699999999995965 2.599999999999143 0
4.699999999995796 2.499999999999107 0
4.699999999995628 2.399999999999071 0
4.69999999999546 2.299999999999036 0
4.699999999995292 2.199999999999 0
4.699999999995123 2.099999999998964 0
4.699999999994954 1.999999999998945 0
4.699999999994787 1.899999999999009 0
4.69999999999462 1.799999999999078 0
4.69999999999445 1.699999999999147 0
4.699999999994281 1.599999999999215 0
4.699999999994112 1.499999999999283 0
4.699999999993945 1.399999999999352 0
4.699999999993777 1.299999999999421 0
4.699999999993608 1.199999999999489 0
4.699999999993441 1.099999999999558 0
4.699999999993272 0.9999999999996263 0
4.699999999993104 0.899999999999695 0
4.699999999992936 0.7999999999997635 0
4.699999999992767 0.6999999999998323 0
4.6999999999926 0.5999999999998857 0
4.69999999999243 0.4999999999999043 0
4.699999999992262 0.3999999999999204 0
4.699999999992095 0.2999999999999371 0
4.699999999991927 0.1999999999999609 0
4.699999999991758 0.09999999999998274 0
4.599999999999838 4.899999999999967 0
4.599999999999677 4.79999999999993 0
4.599999999999515 4.699999999999896 0
4.599999999999351 4.599999999999862 0
4.59999999999919 4.499999999999825 0
4.599999999999026 4.399999999999789 0
4.599999999998863 4.299999999999756 0
4.599999999998701 4.19999999999972 0
4.599999999998539 4.099999999999687 0
4.599999999998375 3.999999999999652 0
4.599999999998214 3.899999999999617 0
4.599999999998053 3.799999999999582 0
4.599999999997889 3.699999999999548 0
4.599999999997728 3.599999999999512 0
4.599999999997566 3.499999999999478 0
4.599999999997404 3.399999999999442 0
4.599999999997241 3.299999999999407 0
4.599999999997078 3.199999999999372 0
4.599999999996916 3.099999999999336 0
4.599999999996752 2.999999999999301 0
4.599999999996591 2.899999999999267 0
4.599999999996429 2.799999999999232 0
4.599999999996266 2.699999999999196 0
4.599999999996104 2.599999999999161 0
4.599999999995942 2.499999999999126 0
4.599999999995779 2.399999999999092 0
4.599999999995616 2.299999999999057 0
4.599999999995454 2.199999999999021 0
4.599999999995292 2.099999999998986 0
4.599999999995129 1.999999999998967 0
4.599999999994967 1.89999999999903 0
4.599999999994806 1.799999999999097 0
4.599999999994642 1.699999999999164 0
4.599999999994481 1.599999999999232 0
4.599999999994319 1.499999999999299 0
4.599999999994155 1.399999999999366 0
4.599999999993992 1.299999999999433 0
4.59999999999383 1.1999999999995 0
4.599999999993669 1.099999999999567 0
4.599999999993505 0.9999999999996342 0
4.599999999993344 0.8999999999997017 0
4.599999999993182 0.7999999999997685 0
4.599999999993019 0.6999999999998359 0
4.599999999992855 0.599999999999888 0
4.599999999992695 0.4999999999999062 0
4.599999999992532 0.3999999999999221 0
4.599999999992368 0.2999999999999384 0
4.599999999992207 0.1999999999999617 0
4.599999999992045 0.0999999999999831 0
4.499999999999845 4.899999999999967 0
4.499999999999689 4.799999999999933 0
4.499999999999531 4.699999999999896 0
4.499999999999376 4.599999999999865 0
4.499999999999218 4.499999999999829 0
4.499999999999062 4.399999999999794 0
4.499999999998906 4.299999999999761 0
4.49999999999875 4.199999999999726 0
4.499999999998593 4.099999999999693 0
4.499999999998435 3.999999999999658 0
4.49999999999828 3.899999999999625 0
4.499999999998122 3.799999999999591 0
4.499999999997966 3.699999999999557 0
4.49999999999781 3.599999999999523 0
4.499999999997653 3.499999999999488 0
4.499999999997497 3.399999999999455 0
4.499999999997341 3.29999999999942 0
4.499999999997185 3.199999999999386 0
4.499999999997028 3.099999999999351 0
4.499999999996872 2.999999999999317 0
4.499999999996714 2.899999999999283 0
4.499999999996557 2.799999999999248 0
4.499999999996401 2.699999999999214 0
4.499999999996245 2.59999999999918 0
4.499999999996088 2.499999999999146 0
4.499999999995932 2.399999999999111 0
4.499999999995774 2.299999999999077 0
4.499999999995618 2.199999999999043 0
4.499999999995461 2.099999999999008 0
4.499999999995305 1.99999999999899 0
4.499999999995149 1.899999999999052 0
4.499999999994992 1.799999999999117 0
4.499999999994836 1.699999999999183 0
4.49999999999468 1.599999999999248 0
4.499999999994523 1.499999999999314 0
4.499999999994367 1.399999999999379 0
4.499999999994209 1.299999999999446 0
4.499999999994053 1.199999999999511 0
4.499999999993896 1.099999999999577 0
4.49999999999374 0.9999999999996423 0
4.499999999993582 0.8999999999997078 0
4.499999999993426 0.7999999999997733 0
4.499999999993269 0.6999999999998394 0
4.499999999993113 0.5999999999998906 0
4.499999999992957 0.4999999999999084 0
4.4999999999928 0.3999999999999237 0
4.499999999992644 0.2999999999999398 0
4.499999999992488 0.1999999999999626 0
4.499999999992331 0.09999999999998346 0
4.399999999999851 4.899999999999967 0
4.3999999999997 4.799999999999933 0
4.399999999999548 4.6999999999999 0
4.399999999999399 4.599999999999866 0
4.399999999999247 4.499999999999832 0
4.399999999999098 4.3999999999998 0
4.399999999998947 4.299999999999766 0
4.399999999998796 4.199999999999733 0
4.399999999998645 4.0999999999997 0
4.399999999998495 3.999999999999666 0
4.399999999998345 3.899999999999633 0
4.399999999998194 3.799999999999601 0
4.399999999998043 3.699999999999567 0
4.399999999997892 3.599999999999533 0
4.399999999997741 3.4999999999995 0
4.39999999999759 3.399999999999467 0
4.399999999997441 3.299999999999433 0
4.399999999997288 3.199999999999398 0
4.399999999997138 3.099999999999365 0
4.399999999996988 2.999999999999331 0
4.399999999996837 2.899999999999299 0
4.399999999996687 2.799999999999265 0
4.399999999996536 2.699999999999232 0
4.399999999996385 2.599999999999199 0
4.399999999996234 2.499999999999165 0
4.399999999996083 2.399999999999132 0
4.399999999995932 2.299999999999099 0
4.399999999995782 2.199999999999064 0
4.399999999995632 2.099999999999031 0
4.399999999995481 1.999999999999012 0
4.39999999999533 1.899999999999073 0
4.399999999995178 1.799999999999137 0
4.399999999995028 1.699999999999201 0
4.399999999994877 1.599999999999265 0
4.399999999994726 1.499999999999329 0
4.399999999994575 1.399999999999393 0
4.399999999994424 1.299999999999458 0
4.399999999994275 1.199999999999522 0
4.399999999994124 1.099999999999586 0
4.399999999993972 0.9999999999996503 0
4.399999999993821 0.8999999999997147 0
4.399999999993671 0.7999999999997786 0
4.399999999993521 0.6999999999998431 0
4.399999999993368 0.5999999999998928 0
4.39999999999322 0.4999999999999104 0
4.399999999993069 0.3999999999999254 0
4.399999999992918 0.2999999999999411 0
4.399999999992769 0.1999999999999634 0
4.399999999992616 0.09999999999998382 0
4.299999999999856 4.899999999999967 0
4.299999999999711 4.799999999999935 0
4.299999999999565 4.699999999999902 0
4.299999999999421 4.59999999999987 0
4.299999999999277 4.499999999999837 0
4.299999999999133 4.399999999999803 0
4.299999999998986 4.299999999999772 0
4.299999999998842 4.19999999999974 0
4.299999999998698 4.099999999999706 0
4.299999999998552 3.999999999999674 0
4.299999999998408 3.899999999999642 0
4.299999999998263 3.799999999999609 0
4.299999999998119 3.699999999999577 0
4.299999999997973 3.599999999999544 0
4.299999999997827 3.499999999999511 0
4.299999999997682 3.399999999999479 0
4.29999999999754 3.299999999999446 0
4.299999999997395 3.199999999999413 0
4.299999999997248 3.09999999999938 0
4.299999999997104 2.999999999999348 0
4.299999999996959 2.899999999999315 0
4.299999999996814 2.799999999999282 0
4.299999999996669 2.699999999999249 0
4.299999999996523 2.599999999999216 0
4.29999999999638 2.499999999999184 0
4.299999999996234 2.399999999999151 0
4.29999999999609 2.299999999999118 0
4.299999999995944 2.199999999999085 0
4.299999999995801 2.099999999999052 0
4.299999999995656 1.999999999999035 0
4.299999999995511 1.899999999999094 0
4.299999999995365 1.799999999999156 0
4.29999999999522 1.699999999999219 0
4.299999999995076 1.599999999999282 0
4.299999999994932 1.499999999999345 0
4.299999999994786 1.399999999999407 0
4.299999999994641 1.29999999999947 0
4.299999999994498 1.199999999999533 0
4.299999999994351 1.099999999999596 0
4.299999999994207 0.9999999999996583 0
4.299999999994061 0.899999999999721 0
4.299999999993918 0.7999999999997834 0
4.299999999993772 0.6999999999998465 0
4.299999999993628 0.5999999999998953 0
4.299999999993482 0.4999999999999124 0
4.299999999993338 0.3999999999999271 0
4.299999999993193 0.2999999999999424 0
4.299999999993049 0.1999999999999643 0
4.299999999992903 0.09999999999998416 0
4.199999999999863 4.899999999999967 0
4.199999999999725 4.799999999999937 0
4.199999999999585 4.699999999999903 0
4.199999999999445 4.599999999999873 0
4.199999999999307 4.499999999999841 0
4.199999999999166 4.399999999999809 0
4.199999999999029 4.299999999999777 0
4.199999999998889 4.199999999999745 0
4.199999999998751 4.099999999999714 0
4.199999999998612 3.999999999999682 0
4.199999999998472 3.89999999999965 0
4.199999999998333 3.799999999999619 0
4.199999999998195 3.699999999999586 0
4.199999999998054 3.599999999999555 0
4.199999999997917 3.499999999999523 0
4.199999999997777 3.39999999999949 0
4.199999999997639 3.299999999999458 0
4.199999999997499 3.199999999999426 0
4.19999999999736 3.099999999999395 0
4.199999999997221 2.999999999999362 0
4.199999999997081 2.899999999999331 0
4.199999999996942 2.799999999999298 0
4.199999999996804 2.699999999999266 0
4.199999999996665 2.599999999999234 0
4.199999999996527 2.499999999999202 0
4.199999999996388 2.399999999999171 0
4.199999999996248 2.29999999999914 0
4.199999999996109 2.199999999999107 0
4.199999999995971 2.099999999999074 0
4.19999999999583 1.999999999999057 0
4.199999999995692 1.899999999999115 0
4.199999999995553 1.799999999999176 0
4.199999999995415 1.699999999999237 0
4.199999999995274 1.599999999999299 0
4.199999999995136 1.49999999999936 0
4.199999999994997 1.399999999999421 0
4.199999999994859 1.299999999999482 0
4.199999999994718 1.199999999999544 0
4.19999999999458 1.099999999999605 0
4.199999999994441 0.9999999999996662 0
4.199999999994303 0.8999999999997275 0
4.199999999994164 0.7999999999997884 0
4.199999999994025 0.6999999999998501 0
4.199999999993885 0.5999999999998977 0
4.199999999993747 0.4999999999999144 0
4.199999999993606 0.3999999999999287 0
4.199999999993468 0.2999999999999438 0
4.19999999999333 0.1999999999999651 0
4.199999999993191 0.09999999999998455 0
4.09999999999987 4.89999999999997 0
4.099999999999735 4.799999999999939 0
4.099999999999602 4.699999999999907 0
4.099999999999469 4.599999999999876 0
4.099999999999335 4.499999999999846 0
4.099999999999202 4.399999999999814 0
4.099999999999069 4.299999999999782 0
4.099999999998936 4.199999999999751 0
4.099999999998802 4.09999999999972 0
4.099999999998669 3.99999999999969 0
4.099999999998538 3.899999999999658 0
4.099999999998403 3.799999999999627 0
4.099999999998269 3.699999999999596 0
4.099999999998136 3.599999999999566 0
4.099999999998005 3.499999999999534 0
4.09999999999787 3.399999999999502 0
4.099999999997737 3.299999999999471 0
4.099999999997603 3.19999999999944 0
4.099999999997472 3.099999999999409 0
4.099999999997337 2.999999999999377 0
4.099999999997204 2.899999999999347 0
4.09999999999707 2.799999999999315 0
4.099999999996939 2.699999999999283 0
4.099999999996804 2.599999999999254 0
4.099999999996673 2.499999999999222 0
4.099999999996539 2.399999999999191 0
4.099999999996406 2.299999999999159 0
4.099999999996273 2.199999999999128 0
4.09999999999614 2.099999999999097 0
4.099999999996006 1.99999999999908 0
4.099999999995873 1.899999999999136 0
4.09999999999574 1.799999999999196 0
4.099999999995607 1.699999999999255 0
4.099999999995473 1.599999999999315 0
4.09999999999534 1.499999999999375 0
4.099999999995207 1.399999999999435 0
4.099999999995074 1.299999999999494 0
4.099999999994941 1.199999999999554 0
4.099999999994807 1.099999999999614 0
4.099999999994674 0.9999999999996743 0
4.099999999994541 0.8999999999997341 0
4.099999999994408 0.7999999999997935 0
4.099999999994274 0.6999999999998536 0
4.099999999994141 0.5999999999999002 0
4.099999999994008 0.4999999999999166 0
4.099999999993875 0.3999999999999305 0
4.099999999993742 0.2999999999999451 0
4.09999999999361 0.199999999999966 0
4.099999999993475 0.09999999999998488 0
3.999999999999874 4.899999999999969 0
3.999999999999747 4.79999999999994 0
3.99999999999962 4.699999999999909 0
3.999999999999493 4.59999999999988 0
3.999999999999365 4.499999999999848 0
3.999999999999238 4.399999999999817 0
3.99999999999911 4.299999999999788 0
3.999999999998983 4.199999999999758 0
3.999999999998856 4.099999999999727 0
3.999999999998728 3.999999999999697 0
3.999999999998601 3.899999999999667 0
3.999999999998474 3.799999999999637 0
3.999999999998347 3.699999999999607 0
3.999999999998219 3.599999999999576 0
3.999999999998092 3.499999999999545 0
3.999999999997965 3.399999999999515 0
3.999999999997838 3.299999999999486 0
3.99999999999771 3.199999999999454 0
3.999999999997581 3.099999999999423 0
3.999999999997455 2.999999999999393 0
3.999999999997328 2.899999999999363 0
3.9999999999972 2.799999999999332 0
3.999999999997073 2.699999999999301 0
3.999999999996946 2.599999999999271 0
3.999999999996819 2.499999999999241 0
3.999999999996691 2.39999999999921 0
3.999999999996565 2.29999999999918 0
3.999999999996436 2.199999999999149 0
3.999999999996309 2.099999999999119 0
3.999999999996182 1.999999999999102 0
3.999999999996054 1.899999999999157 0
3.999999999995928 1.799999999999215 0
3.9999999999958 1.699999999999274 0
3.999999999995672 1.599999999999332 0
3.999999999995545 1.49999999999939 0
3.999999999995418 1.399999999999448 0
3.99999999999529 1.299999999999507 0
3.999999999995163 1.199999999999565 0
3.999999999995036 1.099999999999624 0
3.999999999994908 0.999999999999682 0
3.999999999994782 0.8999999999997403 0
3.999999999994654 0.7999999999997986 0
3.999999999994526 0.6999999999998572 0
3.9999999999944 0.5999999999999026 0
3.999999999994272 0.4999999999999185 0
3.999999999994145 0.3999999999999322 0
3.999999999994017 0.2999999999999464 0
3.999999999993891 0.1999999999999668 0
3.999999999993763 0.09999999999998527 0
3.89999999999988 4.89999999999997 0
3.89999999999976 4.799999999999939 0
3.899999999999638 4.69999999999991 0
3.899999999999515 4.599999999999882 0
3.899999999999395 4.499999999999854 0
3.899999999999272 4.399999999999823 0
3.899999999999152 4.299999999999793 0
3.89999999999903 4.199999999999765 0
3.899999999998909 4.099999999999734 0
3.899999999998788 3.999999999999704 0
3.899999999998665 3.899999999999675 0
3.899999999998544 3.799999999999646 0
3.899999999998423 3.699999999999616 0
3.899999999998302 3.599999999999587 0
3.89999999999818 3.499999999999557 0
3.899999999998058 3.399999999999527 0
3.899999999997937 3.299999999999498 0
3.899999999997815 3.199999999999467 0
3.899999999997694 3.099999999999438 0
3.899999999997573 2.999999999999408 0
3.89999999999745 2.899999999999379 0
3.89999999999733 2.799999999999349 0
3.899999999997209 2.699999999999319 0
3.899999999997086 2.599999999999289 0
3.899999999996965 2.499999999999259 0
3.899999999996845 2.399999999999229 0
3.899999999996722 2.2999999999992 0
3.8999999999966 2.199999999999171 0
3.899999999996479 2.099999999999141 0
3.899999999996357 1.999999999999125 0
3.899999999996236 1.899999999999178 0
3.899999999996114 1.799999999999235 0
3.899999999995993 1.699999999999292 0
3.899999999995873 1.599999999999349 0
3.89999999999575 1.499999999999406 0
3.899999999995629 1.399999999999463 0
3.899999999995507 1.299999999999519 0
3.899999999995385 1.199999999999577 0
3.899999999995264 1.099999999999633 0
3.899999999995143 0.99999999999969 0
3.899999999995021 0.899999999999747 0
3.8999999999949 0.7999999999998035 0
3.899999999994778 0.6999999999998607 0
3.899999999994658 0.5999999999999051 0
3.899999999994536 0.4999999999999207 0
3.899999999994413 0.3999999999999339 0
3.899999999994292 0.2999999999999478 0
3.899999999994171 0.1999999999999676 0
3.899999999994049 0.0999999999999856 0
3.799999999999886 4.89999999999997 0
3.799999999999769 4.799999999999943 0
3.799999999999653 4.699999999999914 0
3.799999999999538 4.599999999999886 0
3.799999999999423 4.499999999999858 0
3.799999999999307 4.399999999999828 0
3.799999999999191 4.299999999999797 0
3.799999999999076 4.199999999999769 0
3.79999999999896 4.099999999999742 0
3.799999999998845 3.999999999999712 0
3.799999999998729 3.899999999999683 0
3.799999999998613 3.799999999999655 0
3.799999999998499 3.699999999999626 0
3.799999999998382 3.599999999999597 0
3.799999999998266 3.499999999999568 0
3.799999999998151 3.39999999999954 0
3.799999999998037 3.29999999999951 0
3.79999999999792 3.199999999999481 0
3.799999999997803 3.099999999999453 0
3.799999999997688 2.999999999999424 0
3.799999999997573 2.899999999999395 0
3.799999999997457 2.799999999999366 0
3.799999999997342 2.699999999999337 0
3.799999999997226 2.599999999999307 0
3.799999999997111 2.499999999999279 0
3.799999999996995 2.39999999999925 0
3.799999999996881 2.299999999999221 0
3.799999999996763 2.199999999999192 0
3.799999999996647 2.099999999999163 0
3.799999999996531 1.999999999999148 0
3.799999999996416 1.899999999999199 0
3.799999999996301 1.799999999999255 0
3.799999999996186 1.69999999999931 0
3.799999999996071 1.599999999999365 0
3.799999999995955 1.499999999999421 0
3.799999999995839 1.399999999999476 0
3.799999999995724 1.299999999999532 0
3.799999999995608 1.199999999999587 0
3.799999999995492 1.099999999999643 0
3.799999999995377 0.999999999999698 0
3.79999999999526 0.8999999999997533 0
3.799999999995146 0.7999999999998089 0
3.799999999995029 0.6999999999998643 0
3.799999999994915 0.5999999999999075 0
3.799999999994798 0.4999999999999226 0
3.799999999994683 0.3999999999999355 0
3.799999999994567 0.2999999999999491 0
3.799999999994452 0.1999999999999684 0
3.799999999994336 0.09999999999998596 0
3.699999999999894 4.899999999999972 0
3.699999999999784 4.799999999999943 0
3.699999999999673 4.699999999999916 0
3.699999999999562 4.599999999999888 0
3.699999999999454 4.499999999999861 0
3.699999999999345 4.399999999999832 0
3.699999999999235 4.299999999999803 0
3.699999999999124 4.199999999999775 0
3.699999999999015 4.099999999999749 0
3.699999999998905 3.99999999999972 0
3.699999999998795 3.899999999999692 0
3.699999999998686 3.799999999999664 0
3.699999999998575 3.699999999999636 0
3.699999999998466 3.599999999999608 0
3.699999999998356 3.49999999999958 0
3.699999999998246 3.399999999999552 0
3.699999999998136 3.299999999999522 0
3.699999999998026 3.199999999999495 0
3.699999999997917 3.099999999999468 0
3.699999999997807 2.999999999999438 0
3.699999999997697 2.899999999999411 0
3.699999999997587 2.799999999999383 0
3.699999999997477 2.699999999999354 0
3.699999999997366 2.599999999999326 0
3.699999999997258 2.499999999999298 0
3.699999999997148 2.39999999999927 0
3.699999999997039 2.299999999999241 0
3.699999999996928 2.199999999999213 0
3.699999999996819 2.099999999999185 0
3.699999999996709 1.99999999999917 0
3.699999999996599 1.899999999999221 0
3.699999999996488 1.799999999999274 0
3.699999999996379 1.699999999999328 0
3.699999999996268 1.599999999999382 0
3.699999999996159 1.499999999999436 0
3.69999999999605 1.39999999999949 0
3.69999999999594 1.299999999999544 0
3.69999999999583 1.199999999999598 0
3.69999999999572 1.099999999999652 0
3.699999999995609 0.999999999999706 0
3.6999999999955 0.89999999999976 0
3.699999999995391 0.7999999999998137 0
3.699999999995281 0.6999999999998681 0
3.69999999999517 0.5999999999999099 0
3.69999999999506 0.4999999999999246 0
3.699999999994951 0.3999999999999372 0
3.699999999994843 0.2999999999999505 0
3.699999999994732 0.1999999999999693 0
3.699999999994622 0.09999999999998632 0
3.599999999999897 4.899999999999973 0
3.599999999999794 4.799999999999946 0
3.59999999999969 4.699999999999918 0
3.599999999999585 4.599999999999891 0
3.599999999999483 4.499999999999865 0
3.599999999999377 4.399999999999835 0
3.599999999999274 4.299999999999809 0
3.59999999999917 4.199999999999783 0
3.599999999999066 4.099999999999755 0
3.599999999998962 3.999999999999727 0
3.599999999998859 3.8999999999997 0
3.599999999998754 3.799999999999673 0
3.599999999998651 3.699999999999645 0
3.599999999998547 3.599999999999619 0
3.599999999998442 3.499999999999591 0
3.59999999999834 3.399999999999563 0
3.599999999998234 3.299999999999537 0
3.599999999998131 3.199999999999509 0
3.599999999998027 3.099999999999482 0
3.599999999997923 2.999999999999454 0
3.599999999997819 2.899999999999427 0
3.599999999997715 2.799999999999399 0
3.59999999999761 2.699999999999372 0
3.599999999997507 2.599999999999344 0
3.599999999997403 2.499999999999317 0
3.599999999997299 2.39999999999929 0
3.599999999997194 2.299999999999262 0
3.599999999997091 2.199999999999235 0
3.599999999996988 2.099999999999207 0
3.599999999996883 1.999999999999192 0
3.599999999996779 1.899999999999242 0
3.599999999996676 1.799999999999294 0
3.599999999996572 1.699999999999346 0
3.599999999996468 1.5999999999994 0
3.599999999996363 1.499999999999451 0
3.59999999999626 1.399999999999503 0
3.599999999996156 1.299999999999556 0
3.599999999996053 1.199999999999609 0
3.599999999995948 1.099999999999661 0
3.599999999995844 0.9999999999997138 0
3.599999999995739 0.8999999999997665 0
3.599999999995636 0.7999999999998185 0
3.599999999995531 0.6999999999998716 0
3.599999999995429 0.5999999999999124 0
3.599999999995324 0.4999999999999266 0
3.599999999995221 0.3999999999999388 0
3.599999999995116 0.2999999999999519 0
3.599999999995013 0.1999999999999701 0
3.599999999994909 0.09999999999998668 0
3.499999999999903 4.899999999999974 0
3.499999999999804 4.799999999999947 0
3.499999999999706 4.699999999999921 0
3.499999999999607 4.599999999999894 0
3.49999999999951 4.499999999999869 0
3.499999999999412 4.39999999999984 0
3.499999999999314 4.299999999999814 0
3.499999999999215 4.199999999999788 0
3.499999999999117 4.099999999999763 0
3.49999999999902 3.999999999999735 0
3.499999999998921 3.899999999999709 0
3.499999999998823 3.799999999999683 0
3.499999999998725 3.699999999999656 0
3.499999999998627 3.599999999999629 0
3.499999999998529 3.499999999999603 0
3.499999999998432 3.399999999999575 0
3.499999999998333 3.29999999999955 0
3.499999999998235 3.199999999999522 0
3.499999999998136 3.099999999999496 0
3.499999999998038 2.999999999999469 0
3.499999999997941 2.899999999999443 0
3.499999999997843 2.799999999999415 0
3.499999999997745 2.699999999999389 0
3.499999999997647 2.599999999999363 0
3.499999999997548 2.499999999999336 0
3.49999999999745 2.399999999999309 0
3.499999999997353 2.299999999999283 0
3.499999999997255 2.199999999999256 0
3.499999999997156 2.099999999999229 0
3.499999999997059 1.999999999999215 0
3.49999999999696 1.899999999999263 0
3.499999999996862 1.799999999999313 0
3.499999999996765 1.699999999999365 0
3.499999999996665 1.599999999999416 0
3.499999999996569 1.499999999999467 0
3.49999999999647 1.399999999999518 0
3.499999999996372 1.299999999999568 0
3.499999999996274 1.19999999999962 0
3.499999999996175 1.099999999999671 0
3.499999999996078 0.9999999999997218 0
3.49999999999598 0.8999999999997731 0
3.499999999995882 0.7999999999998239 0
3.499999999995784 0.6999999999998752 0
3.499999999995686 0.5999999999999148 0
3.499999999995587 0.4999999999999287 0
3.499999999995489 0.3999999999999406 0
3.499999999995392 0.2999999999999532 0
3.499999999995294 0.199999999999971 0
3.499999999995195 0.09999999999998704 0
3.399999999999909 4.899999999999973 0
3.399999999999817 4.799999999999949 0
3.399999999999725 4.699999999999921 0
3.399999999999634 4.599999999999898 0
3.399999999999541 4.499999999999871 0
3.399999999999449 4.399999999999846 0
3.399999999999356 4.299999999999819 0
3.399999999999264 4.199999999999793 0
3.399999999999173 4.09999999999977 0
3.399999999999079 3.999999999999743 0
3.399999999998987 3.899999999999717 0
3.399999999998895 3.799999999999692 0
3.399999999998802 3.699999999999666 0
3.399999999998711 3.59999999999964 0
3.399999999998618 3.499999999999614 0
3.399999999998526 3.399999999999588 0
3.399999999998434 3.299999999999562 0
3.399999999998341 3.199999999999536 0
3.399999999998249 3.099999999999511 0
3.399999999998157 2.999999999999485 0
3.399999999998064 2.899999999999459 0
3.399999999997973 2.799999999999432 0
3.39999999999788 2.699999999999406 0
3.399999999997788 2.599999999999381 0
3.399999999997696 2.499999999999355 0
3.399999999997603 2.399999999999329 0
3.399999999997511 2.299999999999303 0
3.399999999997419 2.199999999999277 0
3.399999999997327 2.099999999999252 0
3.399999999997235 1.999999999999237 0
3.399999999997143 1.899999999999284 0
3.399999999997051 1.799999999999333 0
3.399999999996958 1.699999999999383 0
3.399999999996865 1.599999999999432 0
3.399999999996773 1.499999999999482 0
3.399999999996681 1.399999999999532 0
3.399999999996589 1.299999999999581 0
3.399999999996496 1.199999999999631 0
3.399999999996404 1.09999999999968 0
3.399999999996312 0.9999999999997298 0
3.39999999999622 0.8999999999997795 0
3.399999999996127 0.7999999999998287 0
3.399999999996035 0.6999999999998788 0
3.399999999995942 0.5999999999999173 0
3.399999999995851 0.4999999999999307 0
3.399999999995758 0.3999999999999422 0
3.399999999995666 0.2999999999999544 0
3.399999999995575 0.1999999999999718 0
3.399999999995483 0.0999999999999874 0
3.299999999999914 4.899999999999973 0
3.299999999999828 4.799999999999951 0
3.299999999999741 4.699999999999925 0
3.299999999999654 4.599999999999901 0
3.299999999999569 4.499999999999876 0
3.299999999999482 4.399999999999849 0
3.299999999999397 4.299999999999825 0
3.29999999999931 4.1999999999998 0
3.299999999999223 4.099999999999777 0
3.299999999999137 3.99999999999975 0
3.29999999999905 3.899999999999726 0
3.299999999998965 3.799999999999701 0
3.299999999998878 3.699999999999675 0
3.299999999998791 3.599999999999651 0
3.299999999998705 3.499999999999625 0
3.299999999998619 3.3999999999996 0
3.299999999998532 3.299999999999576 0
3.299999999998446 3.199999999999549 0
3.29999999999836 3.099999999999524 0
3.299999999998273 2.9999999999995 0
3.299999999998186 2.899999999999475 0
3.299999999998101 2.79999999999945 0
3.299999999998014 2.699999999999423 0
3.299999999997927 2.599999999999399 0
3.299999999997841 2.499999999999375 0
3.299999999997755 2.399999999999348 0
3.299999999997668 2.299999999999324 0
3.299999999997582 2.199999999999298 0
3.299999999997495 2.099999999999273 0
3.29999999999741 1.999999999999259 0
3.299999999997323 1.899999999999305 0
3.299999999997236 1.799999999999353 0
3.29999999999715 1.699999999999401 0
3.299999999997064 1.599999999999449 0
3.299999999996978 1.499999999999498 0
3.299999999996891 1.399999999999545 0
3.299999999996804 1.299999999999593 0
3.299999999996719 1.199999999999641 0
3.299999999996632 1.09999999999969 0
3.299999999996545 0.9999999999997378 0
3.29999999999646 0.8999999999997861 0
3.299999999996373 0.7999999999998335 0
3.299999999996285 0.6999999999998823 0
3.2999999999962 0.5999999999999195 0
3.299999999996113 0.4999999999999328 0
3.299999999996027 0.399999999999944 0
3.299999999995941 0.2999999999999557 0
3.299999999995854 0.1999999999999726 0
3.299999999995768 0.09999999999998777 0
3.199999999999918 4.899999999999977 0
3.199999999999839 4.799999999999951 0
3.199999999999758 4.699999999999926 0
3.199999999999677 4.599999999999905 0
3.199999999999597 4.499999999999878 0
3.199999999999515 4.399999999999853 0
3.199999999999435 4.29999999999983 0
3.199999999999356 4.199999999999807 0
3.199999999999275 4.099999999999782 0
3.199999999999195 3.999999999999758 0
3.199999999999114 3.899999999999734 0
3.199999999999033 3.79999999999971 0
3.199999999998952 3.699999999999686 0
3.199999999998873 3.599999999999662 0
3.199999999998792 3.499999999999637 0
3.199999999998711 3.399999999999612 0
3.199999999998631 3.299999999999588 0
3.19999999999855 3.199999999999564 0
3.199999999998469 3.099999999999539 0
3.199999999998389 2.999999999999514 0
3.199999999998309 2.899999999999491 0
3.199999999998227 2.799999999999466 0
3.199999999998147 2.699999999999442 0
3.199999999998068 2.599999999999417 0
3.199999999997988 2.499999999999393 0
3.199999999997906 2.399999999999368 0
3.199999999997826 2.299999999999345 0
3.199999999997746 2.199999999999319 0
3.199999999997665 2.099999999999295 0
3.199999999997584 1.999999999999282 0
3.199999999997504 1.899999999999326 0
3.199999999997423 1.799999999999373 0
3.199999999997343 1.699999999999419 0
3.199999999997263 1.599999999999466 0
3.199999999997182 1.499999999999513 0
3.199999999997101 1.399999999999559 0
3.199999999997021 1.299999999999605 0
3.19999999999694 1.199999999999652 0
3.19999999999686 1.099999999999699 0
3.199999999996779 0.9999999999997458 0
3.199999999996699 0.8999999999997925 0
3.199999999996618 0.7999999999998391 0
3.199999999996538 0.6999999999998858 0
3.199999999996456 0.599999999999922 0
3.199999999996376 0.4999999999999348 0
3.199999999996296 0.3999999999999456 0
3.199999999996216 0.2999999999999571 0
3.199999999996135 0.1999999999999735 0
3.199999999996054 0.09999999999998811 0
3.099999999999926 4.899999999999977 0
3.099999999999851 4.799999999999953 0
3.099999999999777 4.699999999999927 0
3.099999999999703 4.599999999999906 0
3.099999999999628 4.499999999999882 0
3.099999999999553 4.399999999999858 0
3.099999999999478 4.299999999999835 0
3.099999999999404 4.199999999999813 0
3.099999999999328 4.099999999999789 0
3.099999999999254 3.999999999999766 0
3.09999999999918 3.899999999999743 0
3.099999999999105 3.79999999999972 0
3.099999999999029 3.699999999999696 0
3.099999999998956 3.599999999999672 0
3.099999999998882 3.499999999999648 0
3.099999999998807 3.399999999999625 0
3.099999999998731 3.299999999999601 0
3.099999999998657 3.199999999999577 0
3.099999999998582 3.099999999999554 0
3.099999999998507 2.99999999999953 0
3.099999999998433 2.899999999999507 0
3.099999999998357 2.799999999999482 0
3.099999999998284 2.699999999999459 0
3.099999999998208 2.599999999999436 0
3.099999999998134 2.499999999999412 0
3.099999999998059 2.399999999999388 0
3.099999999997985 2.299999999999365 0
3.09999999999791 2.199999999999341 0
3.099999999997835 2.099999999999318 0
3.09999999999776 1.999999999999305 0
3.099999999997686 1.899999999999347 0
3.099999999997611 1.799999999999392 0
3.099999999997536 1.699999999999438 0
3.099999999997461 1.599999999999483 0
3.099999999997386 1.499999999999528 0
3.099999999997312 1.399999999999573 0
3.099999999997237 1.299999999999618 0
3.099999999997163 1.199999999999664 0
3.099999999997088 1.099999999999709 0
3.099999999997014 0.9999999999997538 0
3.099999999996939 0.899999999999799 0
3.099999999996864 0.7999999999998438 0
3.099999999996789 0.6999999999998896 0
3.099999999996714 0.5999999999999244 0
3.09999999999664 0.4999999999999368 0
3.099999999996565 0.3999999999999472 0
3.099999999996491 0.2999999999999585 0
3.099999999996416 0.1999999999999743 0
3.09999999999634 0.09999999999998849 0
2.999999999999932 4.899999999999977 0
2.999999999999861 4.799999999999955 0
2.999999999999794 4.699999999999932 0
2.999999999999724 4.599999999999908 0
2.999999999999655 4.499999999999888 0
2.999999999999587 4.399999999999864 0
2.999999999999518 4.299999999999841 0
2.999999999999449 4.199999999999818 0
2.99999999999938 4.099999999999797 0
2.999999999999312 3.999999999999774 0
2.999999999999243 3.899999999999751 0
2.999999999999174 3.799999999999728 0
2.999999999999105 3.699999999999705 0
2.999999999999036 3.599999999999683 0
2.999999999998967 3.499999999999659 0
2.999999999998899 3.399999999999638 0
2.999999999998829 3.299999999999614 0
2.999999999998761 3.19999999999959 0
2.999999999998693 3.099999999999568 0
2.999999999998623 2.999999999999545 0
2.999999999998554 2.899999999999523 0
2.999999999998485 2.7999999999995 0
2.999999999998417 2.699999999999477 0
2.999999999998348 2.599999999999454 0
2.999999999998279 2.499999999999431 0
2.99999999999821 2.399999999999409 0
2.999999999998141 2.299999999999385 0
2.999999999998073 2.199999999999362 0
2.999999999998003 2.099999999999339 0
2.999999999997935 1.999999999999327 0
2.999999999997867 1.899999999999368 0
2.999999999997797 1.799999999999412 0
2.999999999997728 1.699999999999456 0
2.99999999999766 1.5999999999995 0
2.99999999999759 1.499999999999543 0
2.999999999997522 1.399999999999587 0
2.999999999997453 1.29999999999963 0
2.999999999997384 1.199999999999674 0
2.999999999997316 1.099999999999718 0
2.999999999997247 0.9999999999997616 0
2.999999999997177 0.8999999999998054 0
2.999999999997109 0.7999999999998486 0
2.999999999997041 0.6999999999998932 0
2.999999999996971 0.599999999999927 0
2.999999999996902 0.4999999999999388 0
2.999999999996833 0.3999999999999491 0
2.999999999996765 0.2999999999999599 0
2.999999999996696 0.1999999999999751 0
2.999999999996627 0.09999999999998885 0
2.899999999999936 4.899999999999977 0
2.899999999999872 4.799999999999955 0
2.899999999999809 4.699999999999935 0
2.899999999999746 4.599999999999912 0
2.899999999999684 4.499999999999891 0
2.899999999999622 4.399999999999867 0
2.899999999999558 4.299999999999846 0
2.899999999999495 4.199999999999824 0
2.899999999999432 4.099999999999802 0
2.899999999999369 3.99999999999978 0
2.899999999999307 3.89999999999976 0
2.899999999999244 3.799999999999737 0
2.89999999999918 3.699999999999716 0
2.899999999999117 3.599999999999694 0
2.899999999999053 3.49999999999967 0
2.899999999998991 3.399999999999649 0
2.899999999998929 3.299999999999627 0
2.899999999998865 3.199999999999605 0
2.899999999998803 3.099999999999583 0
2.899999999998739 2.999999999999561 0
2.899999999998677 2.899999999999539 0
2.899999999998613 2.799999999999516 0
2.89999999999855 2.699999999999493 0
2.899999999998488 2.599999999999472 0
2.899999999998425 2.499999999999449 0
2.899999999998362 2.399999999999428 0
2.899999999998299 2.299999999999406 0
2.899999999998236 2.199999999999384 0
2.899999999998173 2.099999999999362 0
2.899999999998109 1.999999999999349 0
2.899999999998047 1.899999999999389 0
2.899999999997984 1.799999999999431 0
2.899999999997921 1.699999999999474 0
2.899999999997858 1.599999999999516 0
2.899999999997796 1.499999999999558 0
2.899999999997732 1.3999999999996 0
2.89999999999767 1.299999999999643 0
2.899999999997606 1.199999999999685 0
2.899999999997544 1.099999999999727 0
2.899999999997481 0.9999999999997697 0
2.899999999997418 0.8999999999998118 0
2.899999999997354 0.7999999999998539 0
2.899999999997291 0.6999999999998967 0
2.899999999997228 0.5999999999999293 0
2.899999999997165 0.4999999999999409 0
2.899999999997104 0.3999999999999506 0
2.89999999999704 0.2999999999999612 0
2.899999999996977 0.199999999999976 0
2.899999999996914 0.09999999999998922 0
2.799999999999943 4.899999999999978 0
2.799999999999887 4.799999999999958 0
2.799999999999829 4.699999999999935 0
2.799999999999772 4.599999999999916 0
2.799999999999714 4.499999999999895 0
2.799999999999658 4.399999999999872 0
2.799999999999601 4.299999999999851 0
2.799999999999544 4.199999999999831 0
2.799999999999486 4.099999999999809 0
2.799999999999429 3.999999999999788 0
2.799999999999373 3.899999999999768 0
2.799999999999315 3.799999999999747 0
2.799999999999258 3.699999999999725 0
2.7999999999992 3.599999999999704 0
2.799999999999144 3.499999999999681 0
2.799999999999086 3.399999999999661 0
2.799999999999029 3.29999999999964 0
2.799999999998972 3.199999999999618 0
2.799999999998914 3.099999999999598 0
2.799999999998858 2.999999999999575 0
2.799999999998801 2.899999999999554 0
2.799999999998744 2.799999999999534 0
2.799999999998686 2.699999999999512 0
2.799999999998629 2.59999999999949 0
2.799999999998572 2.499999999999469 0
2.799999999998514 2.399999999999448 0
2.799999999998458 2.299999999999426 0
2.799999999998401 2.199999999999405 0
2.799999999998343 2.099999999999383 0
2.799999999998286 1.999999999999372 0
2.799999999998229 1.899999999999411 0
2.799999999998172 1.799999999999451 0
2.799999999998115 1.699999999999492 0
2.799999999998057 1.599999999999532 0
2.799999999998 1.499999999999574 0
2.799999999997943 1.399999999999615 0
2.799999999997886 1.299999999999655 0
2.79999999999783 1.199999999999696 0
2.799999999997772 1.099999999999737 0
2.799999999997714 0.9999999999997775 0
2.799999999997657 0.8999999999998185 0
2.7999999999976 0.7999999999998589 0
2.799999999997543 0.6999999999999003 0
2.799999999997487 0.5999999999999317 0
2.799999999997429 0.499999999999943 0
2.799999999997371 0.3999999999999523 0
2.799999999997314 0.2999999999999624 0
2.799999999997258 0.1999999999999768 0
2.799999999997201 0.09999999999998957 0
2.699999999999948 4.89999999999998 0
2.699999999999897 4.79999999999996 0
2.699999999999846 4.699999999999939 0
2.699999999999795 4.599999999999919 0
2.699999999999744 4.4999999999999 0
2.699999999999692 4.399999999999878 0
2.699999999999641 4.299999999999857 0
2.69999999999959 4.199999999999836 0
2.699999999999538 4.099999999999816 0
2.699999999999486 3.999999999999797 0
2.699999999999434 3.899999999999775 0
2.699999999999385 3.799999999999756 0
2.699999999999333 3.699999999999736 0
2.699999999999281 3.599999999999715 0
2.699999999999229 3.499999999999694 0
2.699999999999178 3.399999999999673 0
2.699999999999128 3.299999999999652 0
2.699999999999076 3.199999999999632 0
2.699999999999025 3.099999999999612 0
2.699999999998974 2.999999999999591 0
2.699999999998922 2.899999999999571 0
2.699999999998871 2.79999999999955 0
2.69999999999882 2.699999999999528 0
2.699999999998769 2.599999999999508 0
2.699999999998717 2.499999999999488 0
2.699999999998667 2.399999999999467 0
2.699999999998616 2.299999999999446 0
2.699999999998564 2.199999999999426 0
2.699999999998512 2.099999999999405 0
2.699999999998461 1.999999999999394 0
2.699999999998409 1.899999999999432 0
2.699999999998358 1.799999999999471 0
2.699999999998308 1.69999999999951 0
2.699999999998257 1.599999999999549 0
2.699999999998204 1.499999999999589 0
2.699999999998153 1.399999999999628 0
2.699999999998103 1.299999999999668 0
2.699999999998052 1.199999999999707 0
2.699999999997999 1.099999999999747 0
2.699999999997949 0.9999999999997855 0
2.699999999997898 0.8999999999998249 0
2.699999999997846 0.799999999999864 0
2.699999999997794 0.6999999999999038 0
2.699999999997743 0.5999999999999341 0
2.699999999997692 0.499999999999945 0
2.699999999997641 0.3999999999999541 0
2.69999999999759 0.2999999999999637 0
2.699999999997539 0.1999999999999776 0
2.699999999997487 0.09999999999998993 0
2.599999999999956 4.899999999999981 0
2.599999999999909 4.799999999999962 0
2.599999999999862 4.69999999999994 0
2.599999999999817 4.599999999999922 0
2.599999999999771 4.499999999999901 0
2.599999999999726 4.399999999999881 0
2.599999999999679 4.299999999999862 0
2.599999999999633 4.199999999999843 0
2.599999999999587 4.099999999999824 0
2.59999999999954 3.999999999999803 0
2.599999999999494 3.899999999999785 0
2.599999999999449 3.799999999999765 0
2.599999999999402 3.699999999999744 0
2.599999999999357 3.599999999999725 0
2.59999999999931 3.499999999999706 0
2.599999999999263 3.399999999999686 0
2.599999999999218 3.299999999999666 0
2.599999999999172 3.199999999999646 0
2.599999999999126 3.099999999999626 0
2.59999999999908 2.999999999999606 0
2.599999999999032 2.899999999999586 0
2.599999999998988 2.799999999999567 0
2.599999999998941 2.699999999999546 0
2.599999999998895 2.599999999999527 0
2.599999999998849 2.499999999999507 0
2.599999999998803 2.399999999999487 0
2.599999999998757 2.299999999999468 0
2.59999999999871 2.199999999999448 0
2.599999999998664 2.099999999999428 0
2.599999999998619 1.999999999999417 0
2.599999999998573 1.899999999999453 0
2.599999999998527 1.79999999999949 0
2.59999999999848 1.699999999999529 0
2.599999999998434 1.599999999999566 0
2.599999999998388 1.499999999999604 0
2.599999999998342 1.399999999999642 0
2.599999999998296 1.29999999999968 0
2.59999999999825 1.199999999999718 0
2.599999999998204 1.099999999999755 0
2.599999999998158 0.9999999999997935 0
2.599999999998112 0.8999999999998314 0
2.599999999998066 0.7999999999998689 0
2.599999999998019 0.6999999999999074 0
2.599999999997974 0.5999999999999366 0
2.599999999997927 0.499999999999947 0
2.599999999997881 0.3999999999999558 0
2.599999999997835 0.2999999999999652 0
2.599999999997789 0.1999999999999785 0
2.599999999997743 0.09999999999999029 0
2.499999999999958 4.899999999999981 0
2.499999999999917 4.799999999999962 0
2.499999999999876 4.699999999999942 0
2.499999999999836 4.599999999999924 0
2.499999999999794 4.499999999999908 0
2.499999999999753 4.399999999999887 0
2.49999999999971 4.299999999999867 0
2.499999999999669 4.19999999999985 0
2.499999999999628 4.09999999999983 0
2.499999999999587 3.999999999999811 0
2.499999999999546 3.899999999999792 0
2.499999999999504 3.799999999999774 0
2.499999999999463 3.699999999999755 0
2.499999999999422 3.599999999999736 0
2.499999999999379 3.499999999999717 0
2.499999999999338 3.399999999999698 0
2.499999999999297 3.299999999999679 0
2.499999999999256 3.19999999999966 0
2.499999999999214 3.09999999999964 0
2.499999999999173 2.999999999999621 0
2.499999999999132 2.899999999999602 0
2.499999999999091 2.799999999999583 0
2.499999999999049 2.699999999999564 0
2.499999999999008 2.599999999999545 0
2.499999999998966 2.499999999999526 0
2.499999999998925 2.399999999999507 0
2.499999999998884 2.299999999999489 0
2.499999999998843 2.199999999999469 0
2.499999999998801 2.09999999999945 0
2.499999999998759 1.99999999999944 0
2.499999999998718 1.899999999999473 0
2.499999999998677 1.79999999999951 0
2.499999999998636 1.699999999999546 0
2.499999999998594 1.599999999999583 0
2.499999999998553 1.499999999999619 0
2.499999999998511 1.399999999999656 0
2.49999999999847 1.299999999999692 0
2.499999999998429 1.199999999999728 0
2.499999999998388 1.099999999999765 0
2.499999999998346 0.9999999999998014 0
2.499999999998304 0.8999999999998379 0
2.499999999998264 0.799999999999874 0
2.499999999998223 0.6999999999999109 0
2.49999999999818 0.599999999999939 0
2.499999999998139 0.499999999999949 0
2.499999999998098 0.3999999999999574 0
2.499999999998057 0.2999999999999665 0
2.499999999998015 0.1999999999999793 0
2.499999999997974 0.09999999999999067 0
2.39999999999996 4.899999999999981 0
2.39999999999992 4.799999999999963 0
2.399999999999883 4.699999999999946 0
2.399999999999844 4.599999999999927 0
2.399999999999805 4.499999999999911 0
2.399999999999765 4.399999999999892 0
2.399999999999728 4.299999999999873 0
2.399999999999687 4.199999999999855 0
2.39999999999965 4.099999999999837 0
2.39999999999961 3.99999999999982 0
2.399999999999572 3.899999999999801 0
2.399999999999533 3.799999999999783 0
2.399999999999495 3.699999999999765 0
2.399999999999455 3.599999999999747 0
2.399999999999418 3.499999999999727 0
2.399999999999377 3.39999999999971 0
2.399999999999339 3.299999999999691 0
2.3999999999993 3.199999999999673 0
2.399999999999262 3.099999999999655 0
2.399999999999223 2.999999999999637 0
2.399999999999183 2.899999999999619 0
2.399999999999145 2.7999999999996 0
2.399999999999106 2.699999999999582 0
2.399999999999067 2.599999999999563 0
2.399999999999028 2.499999999999545 0
2.399999999998989 2.399999999999527 0
2.399999999998951 2.299999999999509 0
2.399999999998912 2.19999999999949 0
2.399999999998873 2.099999999999472 0
2.399999999998835 1.999999999999462 0
2.399999999998796 1.899999999999495 0
2.399999999998757 1.79999999999953 0
2.399999999998717 1.699999999999565 0
2.399999999998679 1.5999999999996 0
2.39999999999864 1.499999999999635 0
2.399999999998602 1.39999999999967 0
2.399999999998563 1.299999999999705 0
2.399999999998524 1.199999999999739 0
2.399999999998485 1.099999999999775 0
2.399999999998446 0.9999999999998095 0
2.399999999998407 0.8999999999998444 0
2.399999999998369 0.7999999999998789 0
2.39999999999833 0.6999999999999145 0
2.399999999998291 0.5999999999999415 0
2.399999999998252 0.4999999999999512 0
2.399999999998213 0.3999999999999591 0
2.399999999998175 0.2999999999999678 0
2.399999999998137 0.1999999999999801 0
2.399999999998097 0.09999999999999098 0
2.299999999999963 4.899999999999982 0
2.299999999999927 4.799999999999965 0
2.299999999999891 4.699999999999948 0
2.299999999999853 4.599999999999929 0
2.299999999999817 4.499999999999914 0
2.29999999999978 4.399999999999896 0
2.299999999999743 4.299999999999878 0
2.299999999999706 4.199999999999861 0
2.299999999999669 4.099999999999844 0
2.299999999999633 3.999999999999827 0
2.299999999999597 3.899999999999809 0
2.299999999999558 3.799999999999792 0
2.299999999999522 3.699999999999775 0
2.299999999999486 3.599999999999758 0
2.299999999999448 3.499999999999739 0
2.299999999999412 3.399999999999722 0
2.299999999999375 3.299999999999704 0
2.299999999999338 3.199999999999687 0
2.299999999999302 3.099999999999671 0
2.299999999999264 2.999999999999651 0
2.299999999999228 2.899999999999634 0
2.299999999999191 2.799999999999617 0
2.299999999999154 2.6999999999996 0
2.299999999999118 2.599999999999582 0
2.299999999999081 2.499999999999565 0
2.299999999999043 2.399999999999547 0
2.299999999999006 2.29999999999953 0
2.29999999999897 2.199999999999511 0
2.299999999998933 2.099999999999493 0
2.299999999998896 1.999999999999484 0
2.299999999998859 1.899999999999516 0
2.299999999998823 1.79999999999955 0
2.299999999998786 1.699999999999583 0
2.299999999998749 1.599999999999616 0
2.299999999998713 1.49999999999965 0
2.299999999998676 1.399999999999683 0
2.299999999998638 1.299999999999717 0
2.299999999998602 1.199999999999751 0
2.299999999998565 1.099999999999784 0
2.299999999998528 0.9999999999998175 0
2.299999999998491 0.8999999999998509 0
2.299999999998454 0.7999999999998842 0
2.299999999998418 0.6999999999999181 0
2.299999999998381 0.5999999999999439 0
2.299999999998344 0.4999999999999531 0
2.299999999998307 0.3999999999999608 0
2.299999999998271 0.2999999999999691 0
2.299999999998233 0.199999999999981 0
2.299999999998197 0.09999999999999139 0
2.199999999999964 4.899999999999984 0
2.199999999999928 4.799999999999967 0
2.199999999999894 4.69999999999995 0
2.199999999999858 4.599999999999933 0
2.199999999999823 4.499999999999918 0
2.199999999999787 4.399999999999899 0
2.199999999999752 4.299999999999883 0
2.199999999999716 4.199999999999868 0
2.199999999999681 4.099999999999851 0
2.199999999999646 3.999999999999834 0
2.199999999999609 3.899999999999818 0
2.199999999999575 3.799999999999801 0
2.199999999999539 3.699999999999786 0
2.199999999999504 3.599999999999768 0
2.199999999999469 3.499999999999751 0
2.199999999999434 3.399999999999735 0
2.199999999999398 3.299999999999718 0
2.199999999999362 3.1999999999997 0
2.199999999999327 3.099999999999683 0
2.199999999999291 2.999999999999667 0
2.199999999999257 2.89999999999965 0
2.19999999999922 2.799999999999633 0
2.199999999999186 2.699999999999616 0
2.19999999999915 2.5999999999996 0
2.199999999999115 2.499999999999583 0
2.199999999999079 2.399999999999567 0
2.199999999999044 2.29999999999955 0
2.199999999999008 2.199999999999532 0
2.199999999998973 2.099999999999516 0
2.199999999998938 1.999999999999507 0
2.199999999998902 1.899999999999537 0
2.199999999998867 1.799999999999569 0
2.199999999998831 1.699999999999601 0
2.199999999998796 1.599999999999633 0
2.19999999999876 1.499999999999665 0
2.199999999998726 1.399999999999697 0
2.19999999999869 1.299999999999729 0
2.199999999998655 1.199999999999761 0
2.199999999998619 1.099999999999793 0
2.199999999998584 0.9999999999998255 0
2.199999999998549 0.8999999999998576 0
2.199999999998513 0.7999999999998891 0
2.199999999998478 0.6999999999999216 0
2.199999999998442 0.5999999999999461 0
2.199999999998407 0.4999999999999553 0
2.199999999998371 0.3999999999999624 0
2.199999999998336 0.2999999999999704 0
2.1999999999983 0.1999999999999818 0
2.199999999998266 0.09999999999999175 0
2.099999999999968 4.899999999999983 0
2.099999999999934 4.799999999999969 0
2.099999999999899 4.699999999999953 0
2.099999999999865 4.599999999999937 0
2.099999999999831 4.499999999999921 0
2.099999999999797 4.399999999999904 0
2.099999999999763 4.299999999999889 0
2.099999999999729 4.199999999999872 0
2.099999999999695 4.099999999999859 0
2.099999999999661 3.999999999999842 0
2.099999999999627 3.899999999999826 0
2.099999999999593 3.799999999999811 0
2.099999999999559 3.699999999999794 0
2.099999999999525 3.599999999999779 0
2.099999999999492 3.499999999999762 0
2.099999999999457 3.399999999999746 0
2.099999999999423 3.29999999999973 0
2.099999999999389 3.199999999999714 0
2.099999999999356 3.099999999999699 0
2.099999999999321 2.999999999999682 0
2.099999999999287 2.899999999999666 0
2.099999999999254 2.79999999999965 0
2.099999999999219 2.699999999999634 0
2.099999999999185 2.599999999999618 0
2.099999999999151 2.499999999999602 0
2.099999999999117 2.399999999999586 0
2.099999999999083 2.299999999999571 0
2.099999999999049 2.199999999999554 0
2.099999999999015 2.099999999999538 0
2.099999999998981 1.999999999999529 0
2.099999999998947 1.899999999999558 0
2.099999999998913 1.799999999999589 0
2.099999999998879 1.699999999999619 0
2.099999999998845 1.59999999999965 0
2.099999999998811 1.49999999999968 0
2.099999999998777 1.399999999999711 0
2.099999999998743 1.299999999999741 0
2.099999999998709 1.199999999999772 0
2.099999999998674 1.099999999999802 0
2.099999999998641 0.9999999999998332 0
2.099999999998607 0.8999999999998638 0
2.099999999998572 0.7999999999998944 0
2.099999999998539 0.6999999999999251 0
2.099999999998505 0.5999999999999488 0
2.099999999998471 0.4999999999999573 0
2.099999999998436 0.3999999999999642 0
2.099999999998403 0.2999999999999718 0
2.099999999998368 0.1999999999999827 0
2.099999999998334 0.0999999999999921 0
1.999999999999967 4.899999999999984 0
1.999999999999935 4.79999999999997 0
1.999999999999902 4.699999999999955 0
1.999999999999869 4.599999999999941 0
1.999999999999837 4.499999999999925 0
1.999999999999804 4.39999999999991 0
1.999999999999772 4.299999999999894 0
1.999999999999739 4.199999999999878 0
1.999999999999707 4.099999999999866 0
1.999999999999674 3.99999999999985 0
1.999999999999642 3.899999999999834 0
1.999999999999609 3.79999999999982 0
1.999999999999576 3.699999999999805 0
1.999999999999544 3.599999999999789 0
1.999999999999512 3.499999999999774 0
1.999999999999479 3.399999999999758 0
1.999999999999446 3.299999999999743 0
1.999999999999414 3.199999999999728 0
1.999999999999381 3.099999999999713 0
1.999999999999349 2.999999999999697 0
1.999999999999316 2.899999999999683 0
1.999999999999283 2.799999999999667 0
1.999999999999251 2.699999999999651 0
1.999999999999218 2.599999999999636 0
1.999999999999185 2.499999999999622 0
1.999999999999152 2.399999999999606 0
1.99999999999912 2.299999999999591 0
1.999999999999087 2.199999999999575 0
1.999999999999055 2.099999999999561 0
1.999999999999023 1.999999999999552 0
1.99999999999899 1.899999999999579 0
1.999999999998958 1.799999999999608 0
1.999999999998925 1.699999999999637 0
1.999999999998892 1.599999999999667 0
1.999999999998859 1.499999999999696 0
1.999999999998827 1.399999999999725 0
1.999999999998794 1.299999999999754 0
1.999999999998761 1.199999999999783 0
1.999999999998729 1.099999999999812 0
1.999999999998697 0.9999999999998411 0
1.999999999998664 0.8999999999998705 0
1.999999999998632 0.7999999999998993 0
1.999999999998599 0.6999999999999286 0
1.999999999998566 0.5999999999999512 0
1.999999999998534 0.4999999999999592 0
1.999999999998501 0.3999999999999658 0
1.999999999998468 0.2999999999999732 0
1.999999999998436 0.1999999999999835 0
1.999999999998403 0.09999999999999241 0
1.899999999999967 4.899999999999986 0
1.899999999999936 4.799999999999971 0
1.899999999999905 4.699999999999956 0
1.899999999999874 4.599999999999945 0
1.899999999999843 4.499999999999928 0
1.899999999999812 4.399999999999913 0
1.899999999999781 4.299999999999899 0
1.899999999999749 4.199999999999885 0
1.899999999999719 4.099999999999873 0
1.899999999999687 3.999999999999857 0
1.899999999999656 3.899999999999844 0
1.899999999999624 3.799999999999829 0
1.899999999999594 3.699999999999815 0
1.899999999999562 3.5999999999998 0
1.899999999999531 3.499999999999784 0
1.8999999999995 3.399999999999771 0
1.899999999999469 3.299999999999756 0
1.899999999999438 3.199999999999741 0
1.899999999999407 3.099999999999728 0
1.899999999999376 2.999999999999712 0
1.899999999999344 2.899999999999698 0
1.899999999999313 2.799999999999684 0
1.899999999999282 2.699999999999668 0
1.899999999999251 2.599999999999655 0
1.89999999999922 2.49999999999964 0
1.899999999999189 2.399999999999626 0
1.899999999999158 2.299999999999612 0
1.899999999999127 2.199999999999596 0
1.899999999999095 2.099999999999582 0
1.899999999999064 1.999999999999574 0
1.899999999999033 1.8999999999996 0
1.899999999999002 1.799999999999627 0
1.89999999999897 1.699999999999656 0
1.899999999998939 1.599999999999683 0
1.899999999998908 1.499999999999711 0
1.899999999998877 1.399999999999739 0
1.899999999998846 1.299999999999766 0
1.899999999998814 1.199999999999794 0
1.899999999998784 1.099999999999822 0
1.899999999998752 0.9999999999998491 0
1.899999999998721 0.8999999999998769 0
1.89999999999869 0.7999999999999042 0
1.899999999998659 0.6999999999999322 0
1.899999999998628 0.5999999999999537 0
1.899999999998597 0.4999999999999613 0
1.899999999998566 0.3999999999999675 0
1.899999999998535 0.2999999999999746 0
1.899999999998503 0.1999999999999843 0
1.899999999998472 0.09999999999999282 0
1.799999999999971 4.899999999999987 0
1.799999999999941 4.799999999999971 0
1.799999999999912 4.699999999999958 0
1.799999999999882 4.599999999999947 0
1.799999999999851 4.499999999999932 0
1.799999999999822 4.399999999999919 0
1.799999999999792 4.299999999999905 0
1.799999999999762 4.199999999999893 0
1.799999999999733 4.099999999999878 0
1.799999999999703 3.999999999999865 0
1.799999999999673 3.899999999999851 0
1.799999999999643 3.799999999999838 0
1.799999999999613 3.699999999999825 0
1.799999999999584 3.59999999999981 0
1.799999999999553 3.499999999999797 0
1.799999999999524 3.399999999999783 0
1.799999999999494 3.299999999999769 0
1.799999999999464 3.199999999999755 0
1.799999999999434 3.099999999999741 0
1.799999999999405 2.999999999999728 0
1.799999999999375 2.899999999999714 0
1.799999999999345 2.799999999999701 0
1.799999999999316 2.699999999999686 0
1.799999999999286 2.599999999999673 0
1.799999999999256 2.499999999999659 0
1.799999999999227 2.399999999999646 0
1.799999999999196 2.299999999999633 0
1.799999999999166 2.199999999999617 0
1.799999999999137 2.099999999999604 0
1.799999999999107 1.999999999999597 0
1.799999999999077 1.899999999999622 0
1.799999999999047 1.799999999999647 0
1.799999999999017 1.699999999999674 0
1.799999999998988 1.5999999999997 0
1.799999999998958 1.499999999999726 0
1.799999999998928 1.399999999999752 0
1.799999999998898 1.299999999999779 0
1.799999999998869 1.199999999999805 0
1.799999999998839 1.099999999999831 0
1.799999999998809 0.9999999999998572 0
1.79999999999878 0.8999999999998833 0
1.799999999998749 0.7999999999999091 0
1.79999999999872 0.6999999999999358 0
1.79999999999869 0.5999999999999559 0
1.79999999999866 0.4999999999999634 0
1.799999999998631 0.3999999999999692 0
1.7999999999986 0.2999999999999757 0
1.799999999998571 0.1999999999999851 0
1.799999999998541 0.09999999999999316 0
1.69999999999997 4.899999999999988 0
1.699999999999943 4.799999999999976 0
1.699999999999914 4.699999999999959 0
1.699999999999886 4.599999999999949 0
1.699999999999858 4.499999999999935 0
1.699999999999829 4.399999999999922 0
1.699999999999801 4.299999999999909 0
1.699999999999772 4.199999999999898 0
1.699999999999744 4.099999999999886 0
1.699999999999716 3.999999999999873 0
1.699999999999688 3.899999999999859 0
1.699999999999659 3.799999999999847 0
1.699999999999631 3.699999999999834 0
1.699999999999602 3.599999999999822 0
1.699999999999574 3.499999999999807 0
1.699999999999546 3.399999999999795 0
1.699999999999517 3.299999999999782 0
1.699999999999489 3.199999999999769 0
1.699999999999461 3.099999999999755 0
1.699999999999433 2.999999999999743 0
1.699999999999404 2.89999999999973 0
1.699999999999376 2.799999999999717 0
1.699999999999347 2.699999999999704 0
1.699999999999319 2.599999999999691 0
1.699999999999291 2.499999999999678 0
1.699999999999262 2.399999999999666 0
1.699999999999234 2.299999999999653 0
1.699999999999205 2.199999999999639 0
1.699999999999177 2.099999999999626 0
1.699999999999149 1.999999999999619 0
1.69999999999912 1.899999999999642 0
1.699999999999092 1.799999999999667 0
1.699999999999064 1.699999999999692 0
1.699999999999035 1.599999999999717 0
1.699999999999007 1.499999999999742 0
1.699999999998978 1.399999999999766 0
1.69999999999895 1.299999999999791 0
1.699999999998922 1.199999999999815 0
1.699999999998894 1.099999999999841 0
1.699999999998865 0.9999999999998652 0
1.699999999998837 0.8999999999998899 0
1.699999999998808 0.7999999999999142 0
1.69999999999878 0.6999999999999393 0
1.699999999998752 0.5999999999999583 0
1.699999999998723 0.4999999999999654 0
1.699999999998695 0.3999999999999708 0
1.699999999998667 0.2999999999999771 0
1.699999999998638 0.199999999999986 0
1.69999999999861 0.09999999999999355 0
1.599999999999971 4.899999999999988 0
1.599999999999944 4.799999999999976 0
1.599999999999917 4.699999999999964 0
1.59999999999989 4.599999999999951 0
1.599999999999864 4.499999999999939 0
1.599999999999836 4.399999999999928 0
1.599999999999809 4.299999999999915 0
1.599999999999782 4.199999999999902 0
1.599999999999755 4.09999999999989 0
1.599999999999728 3.99999999999988 0
1.599999999999702 3.899999999999868 0
1.599999999999675 3.799999999999855 0
1.599999999999647 3.699999999999844 0
1.599999999999621 3.599999999999832 0
1.599999999999594 3.49999999999982 0
1.599999999999567 3.399999999999807 0
1.59999999999954 3.299999999999795 0
1.599999999999513 3.199999999999782 0
1.599999999999486 3.099999999999771 0
1.59999999999946 2.999999999999758 0
1.599999999999433 2.899999999999746 0
1.599999999999405 2.799999999999734 0
1.599999999999379 2.699999999999721 0
1.599999999999352 2.59999999999971 0
1.599999999999325 2.499999999999698 0
1.599999999999298 2.399999999999685 0
1.599999999999271 2.299999999999673 0
1.599999999999244 2.199999999999661 0
1.599999999999217 2.099999999999648 0
1.59999999999919 1.999999999999642 0
1.599999999999163 1.899999999999664 0
1.599999999999136 1.799999999999687 0
1.599999999999109 1.69999999999971 0
1.599999999999082 1.599999999999733 0
1.599999999999056 1.499999999999757 0
1.599999999999028 1.39999999999978 0
1.599999999999002 1.299999999999803 0
1.599999999998975 1.199999999999827 0
1.599999999998948 1.09999999999985 0
1.599999999998921 0.9999999999998731 0
1.599999999998894 0.8999999999998964 0
1.599999999998867 0.7999999999999194 0
1.59999999999884 0.6999999999999431 0
1.599999999998813 0.5999999999999608 0
1.599999999998786 0.4999999999999674 0
1.599999999998759 0.3999999999999726 0
1.599999999998732 0.2999999999999785 0
1.599999999998706 0.1999999999999869 0
1.599999999998678 0.09999999999999387 0
1.499999999999975 4.899999999999988 0
1.499999999999948 4.799999999999978 0
1.499999999999924 4.699999999999966 0
1.499999999999898 4.599999999999954 0
1.499999999999872 4.499999999999943 0
1.499999999999846 4.399999999999931 0
1.499999999999821 4.299999999999921 0
1.499999999999796 4.19999999999991 0
1.49999999999977 4.0999999999999 0
1.499999999999745 3.999999999999887 0
1.499999999999719 3.899999999999877 0
1.499999999999693 3.799999999999865 0
1.499999999999668 3.699999999999854 0
1.499999999999642 3.599999999999842 0
1.499999999999616 3.499999999999831 0
1.499999999999591 3.39999999999982 0
1.499999999999565 3.299999999999809 0
1.49999999999954 3.199999999999796 0
1.499999999999514 3.099999999999785 0
1.499999999999488 2.999999999999774 0
1.499999999999463 2.899999999999762 0
1.499999999999437 2.79999999999975 0
1.499999999999412 2.699999999999739 0
1.499999999999387 2.599999999999727 0
1.499999999999361 2.499999999999717 0
1.499999999999335 2.399999999999705 0
1.49999999999931 2.299999999999693 0
1.499999999999284 2.199999999999681 0
1.499999999999259 2.099999999999671 0
1.499999999999233 1.999999999999664 0
1.499999999999208 1.899999999999685 0
1.499999999999182 1.799999999999707 0
1.499999999999156 1.699999999999728 0
1.499999999999131 1.59999999999975 0
1.499999999999105 1.499999999999772 0
1.49999999999908 1.399999999999794 0
1.499999999999054 1.299999999999816 0
1.499999999999028 1.199999999999838 0
1.499999999999003 1.099999999999859 0
1.499999999998978 0.9999999999998812 0
1.499999999998952 0.8999999999999029 0
1.499999999998926 0.7999999999999242 0
1.499999999998901 0.6999999999999463 0
1.499999999998876 0.5999999999999632 0
1.49999999999885 0.4999999999999695 0
1.499999999998824 0.3999999999999741 0
1.499999999998798 0.2999999999999797 0
1.499999999998773 0.1999999999999876 0
1.499999999998748 0.09999999999999425 0
1.399999999999975 4.89999999999999 0
1.39999999999995 4.799999999999979 0
1.399999999999926 4.699999999999966 0
1.399999999999902 4.599999999999958 0
1.399999999999878 4.499999999999948 0
1.399999999999854 4.399999999999936 0
1.399999999999829 4.299999999999926 0
1.399999999999806 4.199999999999916 0
1.399999999999781 4.099999999999905 0
1.399999999999757 3.999999999999895 0
1.399999999999733 3.899999999999885 0
1.399999999999709 3.799999999999875 0
1.399999999999685 3.699999999999863 0
1.399999999999661 3.599999999999853 0
1.399999999999637 3.499999999999842 0
1.399999999999612 3.399999999999831 0
1.399999999999588 3.299999999999821 0
1.399999999999564 3.19999999999981 0
1.39999999999954 3.0999999999998 0
1.399999999999516 2.999999999999788 0
1.399999999999492 2.899999999999778 0
1.399999999999468 2.799999999999768 0
1.399999999999443 2.699999999999755 0
1.399999999999419 2.599999999999746 0
1.399999999999396 2.499999999999735 0
1.399999999999372 2.399999999999725 0
1.399999999999347 2.299999999999714 0
1.399999999999323 2.199999999999704 0
1.399999999999299 2.099999999999692 0
1.399999999999275 1.999999999999687 0
1.399999999999251 1.899999999999706 0
1.399999999999226 1.799999999999726 0
1.399999999999202 1.699999999999746 0
1.399999999999178 1.599999999999767 0
1.399999999999154 1.499999999999787 0
1.39999999999913 1.399999999999807 0
1.399999999999106 1.299999999999828 0
1.399999999999081 1.199999999999848 0
1.399999999999058 1.099999999999869 0
1.399999999999034 0.9999999999998891 0
1.399999999999009 0.8999999999999095 0
1.399999999998985 0.7999999999999295 0
1.399999999998961 0.69999999999995 0
1.399999999998937 0.5999999999999657 0
1.399999999998913 0.4999999999999714 0
1.399999999998889 0.3999999999999759 0
1.399999999998864 0.2999999999999811 0
1.399999999998841 0.1999999999999885 0
1.399999999998816 0.09999999999999459 0
1.299999999999974 4.899999999999991 0
1.299999999999952 4.799999999999981 0
1.299999999999929 4.699999999999971 0
1.299999999999906 4.599999999999962 0
1.299999999999883 4.499999999999952 0
1.299999999999861 4.399999999999941 0
1.299999999999839 4.299999999999931 0
1.299999999999816 4.19999999999992 0
1.299999999999793 4.099999999999912 0
1.299999999999771 3.999999999999903 0
1.299999999999747 3.899999999999892 0
1.299999999999725 3.799999999999883 0
1.299999999999702 3.699999999999875 0
1.29999999999968 3.599999999999864 0
1.299999999999657 3.499999999999853 0
1.299999999999634 3.399999999999844 0
1.299999999999611 3.299999999999834 0
1.299999999999589 3.199999999999823 0
1.299999999999566 3.099999999999814 0
1.299999999999543 2.999999999999804 0
1.299999999999521 2.899999999999794 0
1.299999999999498 2.799999999999784 0
1.299999999999475 2.699999999999773 0
1.299999999999452 2.599999999999764 0
1.29999999999943 2.499999999999755 0
1.299999999999407 2.399999999999745 0
1.299999999999384 2.299999999999734 0
1.299999999999362 2.199999999999725 0
1.299999999999339 2.099999999999715 0
1.299999999999316 1.999999999999709 0
1.299999999999294 1.899999999999727 0
1.299999999999271 1.799999999999746 0
1.299999999999248 1.699999999999765 0
1.299999999999226 1.599999999999784 0
1.299999999999203 1.499999999999802 0
1.29999999999918 1.399999999999821 0
1.299999999999157 1.29999999999984 0
1.299999999999135 1.199999999999859 0
1.299999999999112 1.099999999999878 0
1.299999999999089 0.999999999999897 0
1.299999999999067 0.8999999999999161 0
1.299999999999044 0.7999999999999344 0
1.299999999999021 0.6999999999999539 0
1.299999999998998 0.5999999999999681 0
1.299999999998976 0.4999999999999735 0
1.299999999998953 0.3999999999999776 0
1.29999999999893 0.2999999999999825 0
1.299999999998908 0.1999999999999893 0
1.299999999998885 0.09999999999999495 0
1.199999999999978 4.899999999999991 0
1.199999999999957 4.799999999999983 0
1.199999999999935 4.699999999999973 0
1.199999999999914 4.599999999999965 0
1.199999999999893 4.499999999999956 0
1.199999999999871 4.399999999999945 0
1.19999999999985 4.299999999999937 0
1.199999999999828 4.199999999999928 0
1.199999999999807 4.099999999999919 0
1.199999999999786 3.99999999999991 0
1.199999999999764 3.899999999999901 0
1.199999999999743 3.799999999999893 0
1.199999999999722 3.699999999999883 0
1.199999999999701 3.599999999999875 0
1.199999999999679 3.499999999999865 0
1.199999999999658 3.399999999999856 0
1.199999999999636 3.299999999999847 0
1.199999999999615 3.199999999999838 0
1.199999999999594 3.099999999999829 0
1.199999999999573 2.999999999999819 0
1.199999999999551 2.89999999999981 0
1.19999999999953 2.799999999999801 0
1.199999999999509 2.699999999999791 0
1.199999999999487 2.599999999999783 0
1.199999999999466 2.499999999999774 0
1.199999999999445 2.399999999999764 0
1.199999999999423 2.299999999999756 0
1.199999999999402 2.199999999999745 0
1.199999999999381 2.099999999999737 0
1.199999999999359 1.999999999999732 0
1.199999999999338 1.899999999999748 0
1.199999999999317 1.799999999999765 0
1.199999999999295 1.699999999999782 0
1.199999999999274 1.5999999999998 0
1.199999999999253 1.499999999999818 0
1.199999999999231 1.399999999999835 0
1.19999999999921 1.299999999999852 0
1.199999999999188 1.19999999999987 0
1.199999999999168 1.099999999999888 0
1.199999999999146 0.999999999999905 0
1.199999999999124 0.8999999999999225 0
1.199999999999103 0.7999999999999393 0
1.199999999999082 0.6999999999999572 0
1.199999999999061 0.5999999999999706 0
1.19999999999904 0.4999999999999756 0
1.199999999999018 0.3999999999999793 0
1.199999999998997 0.2999999999999838 0
1.199999999998975 0.1999999999999902 0
1.199999999998954 0.09999999999999531 0
1.099999999999978 4.899999999999991 0
1.099999999999958 4.799999999999983 0
1.099999999999938 4.699999999999974 0
1.099999999999918 4.599999999999969 0
1.099999999999898 4.49999999999996 0
1.099999999999878 4.399999999999951 0
1.099999999999858 4.299999999999942 0
1.099999999999838 4.199999999999934 0
1.099999999999818 4.099999999999926 0
1.099999999999799 3.999999999999918 0
1.099999999999779 3.89999999999991 0
1.099999999999759 3.799999999999902 0
1.099999999999739 3.699999999999894 0
1.099999999999719 3.599999999999886 0
1.099999999999699 3.499999999999877 0
1.099999999999679 3.399999999999868 0
1.099999999999659 3.29999999999986 0
1.099999999999639 3.199999999999851 0
1.09999999999962 3.099999999999842 0
1.0999999999996 2.999999999999834 0
1.09999999999958 2.899999999999827 0
1.09999999999956 2.799999999999819 0
1.09999999999954 2.699999999999809 0
1.09999999999952 2.599999999999801 0
1.0999999999995 2.499999999999792 0
1.09999999999948 2.399999999999784 0
1.09999999999946 2.299999999999776 0
1.099999999999441 2.199999999999767 0
1.099999999999421 2.099999999999758 0
1.099999999999401 1.999999999999754 0
1.099999999999381 1.899999999999769 0
1.099999999999361 1.799999999999785 0
1.099999999999341 1.699999999999801 0
1.099999999999321 1.599999999999817 0
1.099999999999301 1.499999999999833 0
1.099999999999282 1.399999999999849 0
1.099999999999262 1.299999999999865 0
1.099999999999242 1.199999999999881 0
1.099999999999222 1.099999999999897 0
1.099999999999202 0.9999999999999131 0
1.099999999999182 0.8999999999999287 0
1.099999999999162 0.7999999999999444 0
1.099999999999142 0.6999999999999609 0
1.099999999999122 0.599999999999973 0
1.099999999999102 0.4999999999999776 0
1.099999999999083 0.399999999999981 0
1.099999999999062 0.2999999999999852 0
1.099999999999043 0.199999999999991 0
1.099999999999023 0.0999999999999957 0
0.999999999999982 4.899999999999992 0
0.9999999999999639 4.799999999999986 0
0.999999999999946 4.699999999999978 0
0.9999999999999281 4.599999999999969 0
0.9999999999999098 4.499999999999964 0
0.999999999999892 4.399999999999956 0
0.9999999999998739 4.299999999999947 0
0.9999999999998557 4.199999999999939 0
0.9999999999998377 4.099999999999933 0
0.9999999999998197 3.999999999999926 0
0.9999999999998017 3.899999999999917 0
0.9999999999997837 3.799999999999911 0
0.9999999999997657 3.699999999999904 0
0.9999999999997475 3.599999999999896 0
0.9999999999997295 3.499999999999887 0
0.9999999999997116 3.399999999999881 0
0.9999999999996936 3.299999999999872 0
0.9999999999996756 3.199999999999864 0
0.9999999999996576 3.099999999999858 0
0.9999999999996394 2.99999999999985 0
0.9999999999996216 2.899999999999842 0
0.9999999999996034 2.799999999999834 0
0.9999999999995853 2.699999999999825 0
0.9999999999995675 2.599999999999819 0
0.9999999999995495 2.499999999999812 0
0.9999999999995315 2.399999999999804 0
0.9999999999995133 2.299999999999797 0
0.9999999999994953 2.199999999999787 0
0.9999999999994773 2.099999999999781 0
0.9999999999994593 1.999999999999777 0
0.9999999999994413 1.899999999999791 0
0.9999999999994231 1.799999999999805 0
0.9999999999994053 1.699999999999819 0
0.999999999999387 1.599999999999834 0
0.9999999999993692 1.499999999999848 0
0.9999999999993512 1.399999999999863 0
0.999999999999333 1.299999999999877 0
0.9999999999993152 1.199999999999892 0
0.9999999999992972 1.099999999999906 0
0.999999999999279 0.9999999999999207 0
0.999999999999261 0.8999999999999353 0
0.9999999999992428 0.7999999999999496 0
0.9999999999992251 0.6999999999999643 0
0.999999999999207 0.5999999999999753 0
0.9999999999991889 0.4999999999999797 0
0.9999999999991709 0.3999999999999825 0
0.9999999999991532 0.2999999999999864 0
0.9999999999991349 0.1999999999999919 0
0.9999999999991168 0.09999999999999602 0
0.8999999999999828 4.899999999999993 0
0.899999999999967 4.799999999999986 0
0.8999999999999511 4.69999999999998 0
0.8999999999999353 4.599999999999974 0
0.8999999999999193 4.499999999999967 0
0.8999999999999039 4.399999999999959 0
0.8999999999998879 4.299999999999953 0
0.899999999999872 4.199999999999946 0
0.8999999999998561 4.099999999999941 0
0.8999999999998403 3.999999999999933 0
0.8999999999998245 3.899999999999927 0
0.8999999999998087 3.79999999999992 0
0.8999999999997927 3.699999999999913 0
0.8999999999997768 3.599999999999906 0
0.8999999999997612 3.4999999999999 0
0.8999999999997454 3.399999999999892 0
0.8999999999997295 3.299999999999886 0
0.8999999999997136 3.199999999999878 0
0.8999999999996978 3.099999999999872 0
0.8999999999996819 2.999999999999864 0
0.8999999999996662 2.899999999999858 0
0.8999999999996502 2.799999999999851 0
0.8999999999996344 2.699999999999844 0
0.8999999999996189 2.599999999999838 0
0.8999999999996029 2.49999999999983 0
0.8999999999995871 2.399999999999824 0
0.8999999999995711 2.299999999999816 0
0.8999999999995554 2.19999999999981 0
0.8999999999995398 2.099999999999802 0
0.8999999999995238 1.999999999999799 0
0.8999999999995079 1.899999999999811 0
0.8999999999994921 1.799999999999824 0
0.8999999999994761 1.699999999999837 0
0.8999999999994603 1.59999999999985 0
0.8999999999994449 1.499999999999863 0
0.8999999999994288 1.399999999999876 0
0.8999999999994128 1.29999999999989 0
0.8999999999993971 1.199999999999902 0
0.8999999999993813 1.099999999999916 0
0.8999999999993653 0.9999999999999287 0
0.8999999999993495 0.899999999999942 0
0.8999999999993338 0.7999999999999544 0
0.8999999999993178 0.6999999999999681 0
0.8999999999993022 0.5999999999999779 0
0.8999999999992863 0.4999999999999817 0
0.8999999999992704 0.3999999999999844 0
0.8999999999992546 0.2999999999999878 0
0.8999999999992387 0.1999999999999926 0
0.8999999999992231 0.0999999999999964 0
0.7999999999999874 4.899999999999995 0
0.7999999999999738 4.799999999999987 0
0.7999999999999606 4.699999999999982 0
0.7999999999999473 4.599999999999976 0
0.799999999999934 4.499999999999972 0
0.7999999999999206 4.399999999999963 0
0.7999999999999073 4.299999999999957 0
0.7999999999998939 4.199999999999953 0
0.7999999999998806 4.099999999999948 0
0.7999999999998673 3.99999999999994 0
0.7999999999998537 3.899999999999936 0
0.7999999999998404 3.799999999999929 0
0.7999999999998271 3.699999999999924 0
0.7999999999998137 3.599999999999917 0
0.7999999999998001 3.499999999999911 0
0.7999999999997871 3.399999999999904 0
0.7999999999997738 3.299999999999899 0
0.7999999999997602 3.199999999999892 0
0.7999999999997471 3.099999999999886 0
0.7999999999997336 2.99999999999988 0
0.7999999999997205 2.899999999999874 0
0.7999999999997067 2.799999999999868 0
0.7999999999996934 2.699999999999862 0
0.7999999999996801 2.599999999999856 0
0.7999999999996668 2.49999999999985 0
0.7999999999996534 2.399999999999844 0
0.7999999999996401 2.299999999999837 0
0.7999999999996268 2.19999999999983 0
0.7999999999996132 2.099999999999826 0
0.7999999999995999 1.999999999999822 0
0.7999999999995866 1.899999999999832 0
0.7999999999995735 1.799999999999844 0
0.7999999999995602 1.699999999999855 0
0.7999999999995466 1.599999999999868 0
0.7999999999995333 1.499999999999879 0
0.7999999999995198 1.39999999999989 0
0.7999999999995067 1.299999999999902 0
0.7999999999994931 1.199999999999914 0
0.7999999999994798 1.099999999999925 0
0.7999999999994665 0.9999999999999367 0
0.7999999999994531 0.8999999999999485 0
0.7999999999994398 0.7999999999999595 0
0.7999999999994265 0.6999999999999719 0
0.799999999999413 0.5999999999999803 0
0.7999999999993997 0.4999999999999837 0
0.7999999999993863 0.3999999999999859 0
0.7999999999993729 0.2999999999999892 0
0.7999999999993594 0.1999999999999935 0
0.7999999999993462 0.09999999999999674 0
0.6999999999999884 4.899999999999994 0
0.6999999999999771 4.79999999999999 0
0.6999999999999661 4.699999999999985 0
0.6999999999999551 4.599999999999979 0
0.699999999999944 4.499999999999975 0
0.6999999999999331 4.399999999999968 0
0.6999999999999218 4.299999999999963 0
0.699999999999911 4.199999999999958 0
0.6999999999998998 4.099999999999954 0
0.6999999999998887 3.999999999999948 0
0.6999999999998781 3.899999999999943 0
0.699999999999867 3.799999999999939 0
0.6999999999998558 3.699999999999933 0
0.6999999999998449 3.599999999999928 0
0.6999999999998336 3.499999999999922 0
0.6999999999998225 3.399999999999916 0
0.6999999999998114 3.299999999999911 0
0.6999999999998008 3.199999999999906 0
0.6999999999997897 3.099999999999901 0
0.6999999999997786 2.999999999999894 0
0.6999999999997675 2.89999999999989 0
0.6999999999997564 2.799999999999885 0
0.6999999999997453 2.699999999999878 0
0.6999999999997342 2.599999999999873 0
0.6999999999997235 2.499999999999869 0
0.6999999999997124 2.399999999999864 0
0.6999999999997013 2.299999999999858 0
0.6999999999996902 2.199999999999851 0
0.6999999999996791 2.099999999999847 0
0.699999999999668 1.999999999999844 0
0.6999999999996569 1.899999999999854 0
0.699999999999646 1.799999999999864 0
0.6999999999996349 1.699999999999874 0
0.699999999999624 1.599999999999884 0
0.6999999999996129 1.499999999999894 0
0.6999999999996018 1.399999999999904 0
0.6999999999995907 1.299999999999915 0
0.6999999999995796 1.199999999999924 0
0.6999999999995689 1.099999999999935 0
0.6999999999995578 0.9999999999999447 0
0.6999999999995468 0.8999999999999548 0
0.6999999999995357 0.7999999999999647 0
0.6999999999995246 0.6999999999999753 0
0.6999999999995135 0.5999999999999824 0
0.6999999999995024 0.4999999999999856 0
0.6999999999994915 0.3999999999999876 0
0.6999999999994804 0.2999999999999905 0
0.6999999999994696 0.1999999999999944 0
0.6999999999994584 0.09999999999999715 0
0.5999999999999923 4.899999999999994 0
0.5999999999999834 4.799999999999992 0
0.5999999999999743 4.699999999999987 0
0.5999999999999656 4.599999999999983 0
0.5999999999999563 4.499999999999979 0
0.5999999999999476 4.399999999999974 0
0.5999999999999386 4.299999999999968 0
0.5999999999999296 4.199999999999964 0
0.5999999999999206 4.099999999999961 0
0.5999999999999117 3.999999999999956 0
0.5999999999999026 3.899999999999952 0
0.5999999999998935 3.799999999999947 0
0.5999999999998846 3.699999999999943 0
0.5999999999998755 3.599999999999939 0
0.5999999999998666 3.499999999999934 0
0.5999999999998578 3.399999999999928 0
0.5999999999998487 3.299999999999924 0
0.5999999999998398 3.199999999999919 0
0.5999999999998306 3.099999999999915 0
0.5999999999998218 2.999999999999911 0
0.5999999999998127 2.899999999999906 0
0.5999999999998038 2.799999999999901 0
0.5999999999997947 2.699999999999896 0
0.5999999999997858 2.599999999999893 0
0.5999999999997769 2.499999999999888 0
0.5999999999997678 2.399999999999883 0
0.5999999999997587 2.299999999999879 0
0.5999999999997498 2.199999999999873 0
0.5999999999997407 2.099999999999869 0
0.5999999999997319 1.999999999999867 0
0.599999999999723 1.899999999999875 0
0.5999999999997139 1.799999999999883 0
0.599999999999705 1.699999999999892 0
0.5999999999996959 1.599999999999901 0
0.599999999999687 1.49999999999991 0
0.5999999999996781 1.399999999999918 0
0.599999999999669 1.299999999999927 0
0.5999999999996599 1.199999999999935 0
0.599999999999651 1.099999999999944 0
0.5999999999996422 0.9999999999999528 0
0.599999999999633 0.8999999999999615 0
0.5999999999996242 0.7999999999999694 0
0.599999999999615 0.699999999999979 0
0.5999999999996062 0.5999999999999852 0
0.5999999999995973 0.4999999999999878 0
0.5999999999995881 0.3999999999999894 0
0.5999999999995791 0.2999999999999918 0
0.5999999999995701 0.1999999999999952 0
0.5999999999995613 0.09999999999999749 0
0.4999999999999927 4.899999999999994 0
0.4999999999999855 4.799999999999993 0
0.4999999999999782 4.699999999999989 0
0.4999999999999709 4.599999999999986 0
0.4999999999999635 4.499999999999982 0
0.4999999999999564 4.399999999999977 0
0.4999999999999492 4.299999999999973 0
0.4999999999999418 4.199999999999971 0
0.4999999999999345 4.099999999999969 0
0.4999999999999273 3.999999999999963 0
0.4999999999999199 3.89999999999996 0
0.4999999999999127 3.799999999999957 0
0.4999999999999054 3.699999999999954 0
0.4999999999998981 3.599999999999949 0
0.4999999999998908 3.499999999999944 0
0.4999999999998837 3.399999999999941 0
0.4999999999998763 3.299999999999938 0
0.499999999999869 3.199999999999933 0
0.4999999999998617 3.09999999999993 0
0.4999999999998544 2.999999999999925 0
0.4999999999998472 2.899999999999922 0
0.4999999999998399 2.799999999999919 0
0.4999999999998326 2.699999999999914 0
0.4999999999998254 2.599999999999911 0
0.4999999999998181 2.499999999999907 0
0.4999999999998108 2.399999999999903 0
0.4999999999998035 2.299999999999899 0
0.4999999999997963 2.199999999999894 0
0.4999999999997889 2.099999999999891 0
0.4999999999997817 1.999999999999889 0
0.4999999999997744 1.899999999999896 0
0.4999999999997671 1.799999999999903 0
0.49999999999976 1.69999999999991 0
0.4999999999997527 1.599999999999917 0
0.4999999999997453 1.499999999999925 0
0.4999999999997381 1.399999999999932 0
0.4999999999997308 1.299999999999939 0
0.4999999999997236 1.199999999999946 0
0.4999999999997163 1.099999999999953 0
0.499999999999709 0.9999999999999606 0
0.4999999999997018 0.8999999999999676 0
0.4999999999996943 0.7999999999999746 0
0.4999999999996871 0.6999999999999824 0
0.4999999999996798 0.5999999999999874 0
0.4999999999996724 0.4999999999999899 0
0.4999999999996654 0.399999999999991 0
0.4999999999996581 0.2999999999999932 0
0.4999999999996507 0.199999999999996 0
0.4999999999996435 0.09999999999999784 0
0.3999999999999928 4.899999999999996 0
0.3999999999999871 4.799999999999994 0
0.3999999999999814 4.699999999999992 0
0.3999999999999755 4.599999999999988 0
0.3999999999999698 4.499999999999985 0
0.3999999999999641 4.399999999999981 0
0.3999999999999583 4.299999999999979 0
0.3999999999999524 4.199999999999976 0
0.3999999999999467 4.099999999999977 0
0.3999999999999411 3.999999999999972 0
0.3999999999999353 3.899999999999969 0
0.3999999999999295 3.799999999999966 0
0.3999999999999236 3.699999999999963 0
0.399999999999918 3.59999999999996 0
0.3999999999999123 3.499999999999957 0
0.3999999999999064 3.399999999999954 0
0.3999999999999007 3.299999999999951 0
0.3999999999998949 3.199999999999947 0
0.3999999999998892 3.099999999999944 0
0.3999999999998834 2.999999999999941 0
0.3999999999998777 2.899999999999938 0
0.3999999999998719 2.799999999999935 0
0.3999999999998662 2.699999999999932 0
0.3999999999998605 2.599999999999928 0
0.3999999999998546 2.499999999999925 0
0.3999999999998489 2.399999999999922 0
0.3999999999998431 2.299999999999919 0
0.3999999999998374 2.199999999999915 0
0.3999999999998316 2.099999999999912 0
0.3999999999998258 1.999999999999911 0
0.3999999999998201 1.899999999999917 0
0.3999999999998143 1.799999999999922 0
0.3999999999998085 1.699999999999928 0
0.3999999999998028 1.599999999999934 0
0.399999999999797 1.49999999999994 0
0.3999999999997913 1.399999999999946 0
0.3999999999997856 1.299999999999951 0
0.3999999999997799 1.199999999999957 0
0.3999999999997741 1.099999999999963 0
0.3999999999997683 0.9999999999999687 0
0.3999999999997625 0.8999999999999743 0
0.3999999999997568 0.7999999999999797 0
0.399999999999751 0.699999999999986 0
0.3999999999997452 0.5999999999999901 0
0.3999999999997394 0.4999999999999919 0
0.3999999999997337 0.3999999999999928 0
0.399999999999728 0.2999999999999945 0
0.3999999999997221 0.1999999999999969 0
0.3999999999997164 0.09999999999999819 0
0.2999999999999963 4.899999999999998 0
0.2999999999999919 4.799999999999994 0
0.2999999999999875 4.699999999999994 0
0.2999999999999832 4.599999999999992 0
0.2999999999999787 4.499999999999988 0
0.2999999999999743 4.399999999999988 0
0.29999999999997 4.299999999999984 0
0.2999999999999655 4.199999999999982 0
0.2999999999999612 4.099999999999981 0
0.2999999999999567 3.99999999999998 0
0.2999999999999524 3.899999999999977 0
0.2999999999999479 3.799999999999975 0
0.2999999999999435 3.699999999999973 0
0.2999999999999392 3.599999999999971 0
0.2999999999999348 3.499999999999967 0
0.2999999999999304 3.399999999999966 0
0.2999999999999259 3.299999999999963 0
0.2999999999999216 3.19999999999996 0
0.2999999999999172 3.099999999999959 0
0.2999999999999128 2.999999999999956 0
0.2999999999999083 2.899999999999954 0
0.2999999999999039 2.799999999999951 0
0.2999999999998996 2.699999999999949 0
0.2999999999998952 2.599999999999947 0
0.2999999999998908 2.499999999999945 0
0.2999999999998864 2.399999999999942 0
0.2999999999998819 2.29999999999994 0
0.2999999999998776 2.199999999999937 0
0.2999999999998733 2.099999999999936 0
0.2999999999998688 1.999999999999934 0
0.2999999999998644 1.899999999999938 0
0.29999999999986 1.799999999999942 0
0.2999999999998556 1.699999999999947 0
0.2999999999998513 1.599999999999951 0
0.2999999999998468 1.499999999999955 0
0.2999999999998424 1.399999999999959 0
0.2999999999998381 1.299999999999963 0
0.2999999999998336 1.199999999999968 0
0.2999999999998292 1.099999999999972 0
0.2999999999998249 0.9999999999999767 0
0.2999999999998204 0.8999999999999809 0
0.2999999999998161 0.7999999999999846 0
0.2999999999998116 0.6999999999999895 0
0.2999999999998073 0.5999999999999923 0
0.2999999999998029 0.4999999999999939 0
0.2999999999997984 0.3999999999999944 0
0.299999999999794 0.2999999999999957 0
0.2999999999997897 0.1999999999999977 0
0.2999999999997853 0.0999999999999986 0
0.1999999999999963 4.899999999999998 0
0.1999999999999934 4.799999999999996 0
0.1999999999999904 4.699999999999995 0
0.1999999999999874 4.599999999999993 0
0.1999999999999845 4.499999999999992 0
0.1999999999999815 4.399999999999991 0
0.1999999999999785 4.299999999999989 0
0.1999999999999755 4.199999999999988 0
0.1999999999999726 4.099999999999989 0
0.1999999999999696 3.999999999999986 0
0.1999999999999667 3.899999999999985 0
0.1999999999999637 3.799999999999983 0
0.1999999999999607 3.699999999999982 0
0.1999999999999578 3.599999999999982 0
0.1999999999999549 3.49999999999998 0
0.1999999999999519 3.399999999999978 0
0.1999999999999489 3.299999999999977 0
0.1999999999999459 3.199999999999974 0
0.199999999999943 3.099999999999973 0
0.19999999999994 2.999999999999971 0
0.199999999999937 2.89999999999997 0
0.1999999999999341 2.799999999999969 0
0.1999999999999311 2.699999999999967 0
0.1999999999999281 2.599999999999966 0
0.1999999999999251 2.499999999999964 0
0.1999999999999222 2.399999999999963 0
0.1999999999999192 2.299999999999961 0
0.1999999999999163 2.199999999999958 0
0.1999999999999133 2.099999999999957 0
0.1999999999999104 1.999999999999957 0
0.1999999999999074 1.899999999999959 0
0.1999999999999045 1.799999999999962 0
0.1999999999999015 1.699999999999965 0
0.1999999999998985 1.599999999999968 0
0.1999999999998955 1.499999999999971 0
0.1999999999998926 1.399999999999973 0
0.1999999999998896 1.299999999999976 0
0.1999999999998866 1.199999999999979 0
0.1999999999998837 1.099999999999982 0
0.1999999999998807 0.9999999999999848 0
0.1999999999998778 0.8999999999999873 0
0.1999999999998748 0.7999999999999896 0
0.1999999999998719 0.6999999999999931 0
0.1999999999998688 0.5999999999999948 0
0.1999999999998659 0.4999999999999959 0
0.199999999999863 0.3999999999999961 0
0.19999999999986 0.2999999999999971 0
0.199999999999857 0.1999999999999985 0
0.1999999999998541 0.09999999999999894 0
0.09999999999999985 4.899999999999999 0
0.09999999999999833 4.799999999999999 0
0.09999999999999681 4.699999999999998 0
0.09999999999999526 4.599999999999997 0
0.09999999999999373 4.499999999999996 0
0.09999999999999219 4.399999999999995 0
0.09999999999999062 4.299999999999995 0
0.09999999999998907 4.199999999999995 0
0.09999999999998756 4.099999999999993 0
0.09999999999998602 3.999999999999994 0
0.09999999999998449 3.899999999999994 0
0.09999999999998292 3.799999999999993 0
0.09999999999998138 3.699999999999993 0
0.09999999999997984 3.599999999999992 0
0.09999999999997827 3.49999999999999 0
0.09999999999997675 3.399999999999989 0
0.09999999999997519 3.299999999999989 0
0.09999999999997367 3.199999999999988 0
0.09999999999997211 3.099999999999989 0
0.09999999999997061 2.999999999999987 0
0.09999999999996903 2.899999999999986 0
0.0999999999999675 2.799999999999985 0
0.09999999999996594 2.699999999999984 0
0.0999999999999644 2.599999999999983 0
0.09999999999996287 2.499999999999982 0
0.09999999999996131 2.399999999999982 0
0.09999999999995979 2.299999999999982 0
0.09999999999995823 2.19999999999998 0
0.09999999999995673 2.09999999999998 0
0.09999999999995515 1.999999999999979 0
0.09999999999995363 1.89999999999998 0
0.09999999999995207 1.799999999999981 0
0.09999999999995055 1.699999999999983 0
0.099999999999949 1.599999999999985 0
0.09999999999994746 1.499999999999985 0
0.09999999999994592 1.399999999999987 0
0.09999999999994436 1.299999999999988 0
0.09999999999994282 1.19999999999999 0
0.0999999999999413 1.099999999999991 0
0.09999999999993975 0.9999999999999925 0
0.09999999999993819 0.8999999999999939 0
0.09999999999993668 0.7999999999999947 0
0.09999999999993515 0.6999999999999965 0
0.09999999999993359 0.5999999999999972 0
0.09999999999993203 0.4999999999999979 0
0.09999999999993048 0.3999999999999978 0
0.09999999999992895 0.2999999999999985 0
0.09999999999992744 0.1999999999999993 0
0.09999999999992587 0.0999999999999993 0
$EndNodes
$Elements
9 10504 1 10504
0 1 15 1
1 1 
0 2 15 1
2 2 
0 3 15 1
3 3 
0 4 15 1
4 4 
1 1 1 200
5 1 5 
6 5 6 
7 6 7 
8 7 8 
9 8 9 
10 9 10 
11 10 11 
12 11 12 
13 12 13 
14 13 14 
15 14 15 
16 15 16 
17 16 17 
18 17 18 
19 18 19 
20 19 20 
21 20 21 
22 21 22 
23 22 23 
24 23 24 
25 24 25 
26 25 26 
27 26 27 
28 27 28 
29 28 29 
30 29 30 
31 30 31 
32 31 32 
33 32 33 
34 33 34 
35 34 35 
36 35 36 
37 36 37 
38 37 38 
39 38 39 
40 39 40 
41 40 41 
42 41 42 
43 42 43 
44 43 44 
45 44 45 
46 45 46 
47 46 47 
48 47 48 
49 48 49 
50 49 50 
51 50 51 
52 51 52 
53 52 53 
54 53 54 
55 54 55 
56 55 56 
57 56 57 
58 57 58 
59 58 59 
60 59 60 
61 60 61 
62 61 62 
63 62 63 
64 63 64 
65 64 65 
66 65 66 
67 66 67 
68 67 68 
69 68 69 
70 69 70 
71 70 71 
72 71 72 
73 72 73 
74 73 74 
75 74 75 
76 75 76 
77 76 77 
78 77 78 
79 78 79 
80 79 80 
81 80 81 
82 81 82 
83 82 83 
84 83 84 
85 84 85 
86 85 86 
87 86 87 
88 87 88 
89 88 89 
90 89 90 
91 90 91 
92 91 92 
93 92 93 
94 93 94 
95 94 95 
96 95 96 
97 96 97 
98 97 98 
99 98 99 
100 99 100 
101 100 101 
102 101 102 
103 102 103 
104 103 104 
105 104 105 
106 105 106 
107 106 107 
108 107 108 
109 108 109 
110 109 110 
111 110 111 
112 111 112 
113 112 113 
114 113 114 
115 114 115 
116 115 116 
117 116 117 
118 117 118 
119 118 119 
120 119 120 
121 120 121 
122 121 122 
123 122 123 
124 123 124 
125 124 125 
126 125 126 
127 126 127 
128 127 128 
129 128 129 
130 129 130 
131 130 131 
132 131 132 
133 132 133 
134 133 134 
135 134 135 
136 135 136 
137 136 137 
138 137 138 
139 138 139 
140 139 140 
141 140 141 
142 141 142 
143 142 143 
144 143 144 
145 144 145 
146 145 146 
147 146 147 
148 147 148 
149 148 149 
150 149 150 
151 150 151 
152 151 152 
153 152 153 
154 153 154 
155 154 155 
156 155 156 
157 156 157 
158 157 158 
159 158 159 
160 159 160 
161 160 161 
162 161 162 
163 162 163 
164 163 164 
165 164 165 
166 165 166 
167 166 167 
168 167 168 
169 168 169 
170 169 170 
171 170 171 
172 171 172 
173 172 173 
174 173 174 
175 174 175 
176 175 176 
177 176 177 
178 177 178 
179 178 179 
180 179 180 
181 180 181 
182 181 182 
183 182 183 
184 183 184 
185 184 185 
186 185 186 
187 186 187 
188 187 188 
189 188 189 
190 189 190 
191 190 191 
192 191 192 
193 192 193 
194 193 194 
195 194 195 
196 195 196 
197 196 197 
198 197 198 
199 198 199 
200 199 200 
201 200 201 
202 201 202 
203 202 203 
204 203 2 
1 2 1 50
205 2 204 
206 204 205 
207 205 206 
208 206 207 
209 207 208 
210 208 209 
211 209 210 
212 210 211 
213 211 212 
214 212 213 
215 213 214 
216 214 215 
217 215 216 
218 216 217 
219 217 218 
220 218 219 
221 219 220 
222 220 221 
223 221 222 
224 222 223 
225 223 224 
226 224 225 
227 225 226 
228 226 227 
229 227 228 
230 228 229 
231 229 230 
232 230 231 
233 231 232 
234 232 233 
235 233 234 
236 234 235 
237 235 236 
238 236 237 
239 237 238 
240 238 239 
241 239 240 
242 240 241 
243 241 242 
244 242 243 
245 243 244 
246 244 245 
247 245 246 
248 246 247 
249 247 248 
250 248 249 
251 249 250 
252 250 251 
253 251 252 
254 252 3 
1 3 1 200
255 3 253 
256 253 254 
257 254 255 
258 255 256 
259 256 257 
260 257 258 
261 258 259 
262 259 260 
263 260 261 
264 261 262 
265 262 263 
266 263 264 
267 264 265 
268 265 266 
269 266 267 
270 267 268 
271 268 269 
272 269 270 
273 270 271 
274 271 272 
275 272 273 
276 273 274 
277 274 275 
278 275 276 
279 276 277 
280 277 278 
281 278 279 
282 279 280 
283 280 281 
284 281 282 
285 282 283 
286 283 284 
287 284 285 
288 285 286 
289 286 287 
290 287 288 
291 288 289 
292 289 290 
293 290 291 
294 291 292 
295 292 293 
296 293 294 
297 294 295 
298 295 296 
299 296 297 
300 297 298 
301 298 299 
302 299 300 
303 300 301 
304 301 302 
305 302 303 
306 303 304 
307 304 305 
308 305 306 
309 306 307 
310 307 308 
311 308 309 
312 309 310 
313 310 311 
314 311 312 
315 312 313 
316 313 314 
317 314 315 
318 315 316 
319 316 317 
320 317 318 
321 318 319 
322 319 320 
323 320 321 
324 321 322 
325 322 323 
326 323 324 
327 324 325 
328 325 326 
329 326 327 
330 327 328 
331 328 329 
332 329 330 
333 330 331 
334 331 332 
335 332 333 
336 333 334 
337 334 335 
338 335 336 
339 336 337 
340 337 338 
341 338 339 
342 339 340 
343 340 341 
344 341 342 
345 342 343 
346 343 344 
347 344 345 
348 345 346 
349 346 347 
350 347 348 
351 348 349 
352 349 350 
353 350 351 
354 351 352 
355 352 353 
356 353 354 
357 354 355 
358 355 356 
359 356 357 
360 357 358 
361 358 359 
362 359 360 
363 360 361 
364 361 362 
365 362 363 
366 363 364 
367 364 365 
368 365 366 
369 366 367 
370 367 368 
371 368 369 
372 369 370 
373 370 371 
374 371 372 
375 372 373 
376 373 374 
377 374 375 
378 375 376 
379 376 377 
380 377 378 
381 378 379 
382 379 380 
383 380 381 
384 381 382 
385 382 383 
386 383 384 
387 384 385 
388 385 386 
389 386 387 
390 387 388 
391 388 389 
392 389 390 
393 390 391 
394 391 392 
395 392 393 
396 393 394 
397 394 395 
398 395 396 
399 396 397 
400 397 398 
401 398 399 
402 399 400 
403 400 401 
404 401 402 
405 402 403 
406 403 404 
407 404 405 
408 405 406 
409 406 407 
410 407 408 
411 408 409 
412 409 410 
413 410 411 
414 411 412 
415 412 413 
416 413 414 
417 414 415 
418 415 416 
419 416 417 
420 417 418 
421 418 419 
422 419 420 
423 420 421 
424 421 422 
425 422 423 
426 423 424 
427 424 425 
428 425 426 
429 426 427 
430 427 428 
431 428 429 
432 429 430 
433 430 431 
434 431 432 
435 432 433 
436 433 434 
437 434 435 
438 435 436 
439 436 437 
440 437 438 
441 438 439 
442 439 440 
443 440 441 
444 441 442 
445 442 443 
446 443 444 
447 444 445 
448 445 446 
449 446 447 
450 447 448 
451 448 449 
452 449 450 
453 450 451 
454 451 4 
1 4 1 50
455 4 452 
456 452 453 
457 453 454 
458 454 455 
459 455 456 
460 456 457 
461 457 458 
462 458 459 
463 459 460 
464 460 461 
465 461 462 
466 462 463 
467 463 464 
468 464 465 
469 465 466 
470 466 467 
471 467 468 
472 468 469 
473 469 470 
474 470 471 
475 471 472 
476 472 473 
477 473 474 
478 474 475 
479 475 476 
480 476 477 
481 477 478 
482 478 479 
483 479 480 
484 480 481 
485 481 482 
486 482 483 
487 483 484 
488 484 485 
489 485 486 
490 486 487 
491 487 488 
492 488 489 
493 489 490 
494 490 491 
495 491 492 
496 492 493 
497 493 494 
498 494 495 
499 495 496 
500 496 497 
501 497 498 
502 498 499 
503 499 500 
504 500 1 
2 1 3 10000
505 3 253 501 252 
506 252 501 502 251 
507 251 502 503 250 
508 250 503 504 249 
509 249 504 505 248 
510 248 505 506 247 
511 247 506 507 246 
512 246 507 508 245 
513 245 508 509 244 
514 244 509 510 243 
515 243 510 511 242 
516 242 511 512 241 
517 241 512 513 240 
518 240 513 514 239 
519 239 514 515 238 
520 238 515 516 237 
521 237 516 517 236 
522 236 517 518 235 
523 235 518 519 234 
524 234 519 520 233 
525 233 520 521 232 
526 232 521 522 231 
527 231 522 523 230 
528 230 523 524 229 
529 229 524 525 228 
530 228 525 526 227 
531 227 526 527 226 
532 226 527 528 225 
533 225 528 529 224 
534 224 529 530 223 
535 223 530 531 222 
536 222 531 532 221 
537 221 532 533 220 
538 220 533 534 219 
539 219 534 535 218 
540 218 535 536 217 
541 217 536 537 216 
542 216 537 538 215 
543 215 538 539 214 
544 214 539 540 213 
545 213 540 541 212 
546 212 541 542 211 
547 211 542 543 210 
548 210 543 544 209 
549 209 544 545 208 
550 208 545 546 207 
551 207 546 547 206 
552 206 547 548 205 
553 205 548 549 204 
554 204 549 203 2 
555 253 254 550 501 
556 501 550 551 502 
557 502 551 552 503 
558 503 552 553 504 
559 504 553 554 505 
560 505 554 555 506 
561 506 555 556 507 
562 507 556 557 508 
563 508 557 558 509 
564 509 558 559 510 
565 510 559 560 511 
566 511 560 561 512 
567 512 561 562 513 
568 513 562 563 514 
569 514 563 564 515 
570 515 564 565 516 
571 516 565 566 517 
572 517 566 567 518 
573 518 567 568 519 
574 519 568 569 520 
575 520 569 570 521 
576 521 570 571 522 
577 522 571 572 523 
578 523 572 573 524 
579 524 573 574 525 
580 525 574 575 526 
581 526 575 576 527 
582 527 576 577 528 
583 528 577 578 529 
584 529 578 579 530 
585 530 579 580 531 
586 531 580 581 532 
587 532 581 582 533 
588 533 582 583 534 
589 534 583 584 535 
590 535 584 585 536 
591 536 585 586 537 
592 537 586 587 538 
593 538 587 588 539 
594 539 588 589 540 
595 540 589 590 541 
596 541 590 591 542 
597 542 591 592 543 
598 543 592 593 544 
599 544 593 594 545 
600 545 594 595 546 
601 546 595 596 547 
602 547 596 597 548 
603 548 597 598 549 
604 549 598 202 203 
605 254 255 599 550 
606 550 599 600 551 
607 551 600 601 552 
608 552 601 602 553 
609 553 602 603 554 
610 554 603 604 555 
611 555 604 605 556 
612 556 605 606 557 
613 557 606 607 558 
614 558 607 608 559 
615 559 608 609 560 
616 560 609 610 561 
617 561 610 611 562 
618 562 611 612 563 
619 563 612 613 564 
620 564 613 614 565 
621 565 614 615 566 
622 566 615 616 567 
623 567 616 617 568 
624 568 617 618 569 
625 569 618 619 570 
626 570 619 620 571 
627 571 620 621 572 
628 572 621 622 573 
629 573 622 623 574 
630 574 623 624 575 
631 575 624 625 576 
632 576 625 626 577 
633 577 626 627 578 
634 578 627 628 579 
635 579 628 629 580 
636 580 629 630 581 
637 581 630 631 582 
638 582 631 632 583 
639 583 632 633 584 
640 584 633 634 585 
641 585 634 635 586 
642 586 635 636 587 
643 587 636 637 588 
644 588 637 638 589 
645 589 638 639 590 
646 590 639 640 591 
647 591 640 641 592 
648 592 641 642 593 
649 593 642 643 594 
650 594 643 644 595 
651 595 644 645 596 
652 596 645 646 597 
653 597 646 647 598 
654 598 647 201 202 
655 255 256 648 599 
656 599 648 649 600 
657 600 649 650 601 
658 601 650 651 602 
659 602 651 652 603 
660 603 652 653 604 
661 604 653 654 605 
662 605 654 655 606 
663 606 655 656 607 
664 607 656 657 608 
665 608 657 658 609 
666 609 658 659 610 
667 610 659 660 611 
668 611 660 661 612 
669 612 661 662 613 
670 613 662 663 614 
671 614 663 664 615 
672 615 664 665 616 
673 616 665 666 617 
674 617 666 667 618 
675 618 667 668 619 
676 619 668 669 620 
677 620 669 670 621 
678 621 670 671 622 
679 622 671 672 623 
680 623 672 673 624 
681 624 673 674 625 
682 625 674 675 626 
683 626 675 676 627 
684 627 676 677 628 
685 628 677 678 629 
686 629 678 679 630 
687 630 679 680 631 
688 631 680 681 632 
689 632 681 682 633 
690 633 682 683 634 
691 634 683 684 635 
692 635 684 685 636 
693 636 685 686 637 
694 637 686 687 638 
695 638 687 688 639 
696 639 688 689 640 
697 640 689 690 641 
698 641 690 691 642 
699 642 691 692 643 
700 643 692 693 644 
701 644 693 694 645 
702 645 694 695 646 
703 646 695 696 647 
704 647 696 200 201 
705 256 257 697 648 
706 648 697 698 649 
707 649 698 699 650 
708 650 699 700 651 
709 651 700 701 652 
710 652 701 702 653 
711 653 702 703 654 
712 654 703 704 655 
713 655 704 705 656 
714 656 705 706 657 
715 657 706 707 658 
716 658 707 708 659 
717 659 708 709 660 
718 660 709 710 661 
719 661 710 711 662 
720 662 711 712 663 
721 663 712 713 664 
722 664 713 714 665 
723 665 714 715 666 
724 666 715 716 667 
725 667 716 717 668 
726 668 717 718 669 
727 669 718 719 670 
728 670 719 720 671 
729 671 720 721 672 
730 672 721 722 673 
731 673 722 723 674 
732 674 723 724 675 
733 675 724 725 676 
734 676 725 726 677 
735 677 726 727 678 
736 678 727 728 679 
737 679 728 729 680 
738 680 729 730 681 
739 681 730 731 682 
740 682 731 732 683 
741 683 732 733 684 
742 684 733 734 685 
743 685 734 735 686 
744 686 735 736 687 
745 687 736 737 688 
746 688 737 738 689 
747 689 738 739 690 
748 690 739 740 691 
749 691 740 741 692 
750 692 741 742 693 
751 693 742 743 694 
752 694 743 744 695 
753 695 744 745 696 
754 696 745 199 200 
755 257 258 746 697 
756 697 746 747 698 
757 698 747 748 699 
758 699 748 749 700 
759 700 749 750 701 
760 701 750 751 702 
761 702 751 752 703 
762 703 752 753 704 
763 704 753 754 705 
764 705 754 755 706 
765 706 755 756 707 
766 707 756 757 708 
767 708 757 758 709 
768 709 758 759 710 
769 710 759 760 711 
770 711 760 761 712 
771 712 761 762 713 
772 713 762 763 714 
773 714 763 764 715 
774 715 764 765 716 
775 716 765 766 717 
776 717 766 767 718 
777 718 767 768 719 
778 719 768 769 720 
779 720 769 770 721 
780 721 770 771 722 
781 722 771 772 723 
782 723 772 773 724 
783 724 773 774 725 
784 725 774 775 726 
785 726 775 776 727 
786 727 776 777 728 
787 728 777 778 729 
788 729 778 779 730 
789 730 779 780 731 
790 731 780 781 732 
791 732 781 782 733 
792 733 782 783 734 
793 734 783 784 735 
794 735 784 785 736 
795 736 785 786 737 
796 737 786 787 738 
797 738 787 788 739 
798 739 788 789 740 
799 740 789 790 741 
800 741 790 791 742 
801 742 791 792 743 
802 743 792 793 744 
803 744 793 794 745 
804 745 794 198 199 
805 258 259 795 746 
806 746 795 796 747 
807 747 796 797 748 
808 748 797 798 749 
809 749 798 799 750 
810 750 799 800 751 
811 751 800 801 752 
812 752 801 802 753 
813 753 802 803 754 
814 754 803 804 755 
815 755 804 805 756 
816 756 805 806 757 
817 757 806 807 758 
818 758 807 808 759 
819 759 808 809 760 
820 760 809 810 761 
821 761 810 811 762 
822 762 811 812 763 
823 763 812 813 764 
824 764 813 814 765 
825 765 814 815 766 
826 766 815 816 767 
827 767 816 817 768 
828 768 817 818 769 
829 769 818 819 770 
830 770 819 820 771 
831 771 820 821 772 
832 772 821 822 773 
833 773 822 823 774 
834 774 823 824 775 
835 775 824 825 776 
836 776 825 826 777 
837 777 826 827 778 
838 778 827 828 779 
839 779 828 829 780 
840 780 829 830 781 
841 781 830 831 782 
842 782 831 832 783 
843 783 832 833 784 
844 784 833 834 785 
845 785 834 835 786 
846 786 835 836 787 
847 787 836 837 788 
848 788 837 838 789 
849 789 838 839 790 
850 790 839 840 791 
851 791 840 841 792 
852 792 841 842 793 
853 793 842 843 794 
854 794 843 197 198 
855 259 260 844 795 
856 795 844 845 796 
857 796 845 846 797 
858 797 846 847 798 
859 798 847 848 799 
860 799 848 849 800 
861 800 849 850 801 
862 801 850 851 802 
863 802 851 852 803 
864 803 852 853 804 
865 804 853 854 805 
866 805 854 855 806 
867 806 855 856 807 
868 807 856 857 808 
869 808 857 858 809 
870 809 858 859 810 
871 810 859 860 811 
872 811 860 861 812 
873 812 861 862 813 
874 813 862 863 814 
875 814 863 864 815 
876 815 864 865 816 
877 816 865 866 817 
878 817 866 867 818 
879 818 867 868 819 
880 819 868 869 820 
881 820 869 870 821 
882 821 870 871 822 
883 822 871 872 823 
884 823 872 873 824 
885 824 873 874 825 
886 825 874 875 826 
887 826 875 876 827 
888 827 876 877 828 
889 828 877 878 829 
890 829 878 879 830 
891 830 879 880 831 
892 831 880 881 832 
893 832 881 882 833 
894 833 882 883 834 
895 834 883 884 835 
896 835 884 885 836 
897 836 885 886 837 
898 837 886 887 838 
899 838 887 888 839 
900 839 888 889 840 
901 840 889 890 841 
902 841 890 891 842 
903 842 891 892 843 
904 843 892 196 197 
905 260 261 893 844 
906 844 893 894 845 
907 845 894 895 846 
908 846 895 896 847 
909 847 896 897 848 
910 848 897 898 849 
911 849 898 899 850 
912 850 899 900 851 
913 851 900 901 852 
914 852 901 902 853 
915 853 902 903 854 
916 854 903 904 855 
917 855 904 905 856 
918 856 905 906 857 
919 857 906 907 858 
920 858 907 908 859 
921 859 908 909 860 
922 860 909 910 861 
923 861 910 911 862 
924 862 911 912 863 
925 863 912 913 864 
926 864 913 914 865 
927 865 914 915 866 
928 866 915 916 867 
929 867 916 917 868 
930 868 917 918 869 
931 869 918 919 870 
932 870 919 920 871 
933 871 920 921 872 
934 872 921 922 873 
935 873 922 923 874 
936 874 923 924 875 
937 875 924 925 876 
938 876 925 926 877 
939 877 926 927 878 
940 878 927 928 879 
941 879 928 929 880 
942 880 929 930 881 
943 881 930 931 882 
944 882 931 932 883 
945 883 932 933 884 
946 884 933 934 885 
947 885 934 935 886 
948 886 935 936 887 
949 887 936 937 888 
950 888 937 938 889 
951 889 938 939 890 
952 890 939 940 891 
953 891 940 941 892 
954 892 941 195 196 
955 261 262 942 893 
956 893 942 943 894 
957 894 943 944 895 
958 895 944 945 896 
959 896 945 946 897 
960 897 946 947 898 
961 898 947 948 899 
962 899 948 949 900 
963 900 949 950 901 
964 901 950 951 902 
965 902 951 952 903 
966 903 952 953 904 
967 904 953 954 905 
968 905 954 955 906 
969 906 955 956 907 
970 907 956 957 908 
971 908 957 958 909 
972 909 958 959 910 
973 910 959 960 911 
974 911 960 961 912 
975 912 961 962 913 
976 913 962 963 914 
977 914 963 964 915 
978 915 964 965 916 
979 916 965 966 917 
980 917 966 967 918 
981 918 967 968 919 
982 919 968 969 920 
983 920 969 970 921 
984 921 970 971 922 
985 922 971 972 923 
986 923 972 973 924 
987 924 973 974 925 
988 925 974 975 926 
989 926 975 976 927 
990 927 976 977 928 
991 928 977 978 929 
992 929 978 979 930 
993 930 979 980 931 
994 931 980 981 932 
995 932 981 982 933 
996 933 982 983 934 
997 934 983 984 935 
998 935 984 985 936 
999 936 985 986 937 
1000 937 986 987 938 
1001 938 987 988 939 
1002 939 988 989 940 
1003 940 989 990 941 
1004 941 990 194 195 
1005 262 263 991 942 
1006 942 991 992 943 
1007 943 992 993 944 
1008 944 993 994 945 
1009 945 994 995 946 
1010 946 995 996 947 
1011 947 996 997 948 
1012 948 997 998 949 
1013 949 998 999 950 
1014 950 999 1000 951 
1015 951 1000 1001 952 
1016 952 1001 1002 953 
1017 953 1002 1003 954 
1018 954 1003 1004 955 
1019 955 1004 1005 956 
1020 956 1005 1006 957 
1021 957 1006 1007 958 
1022 958 1007 1008 959 
1023 959 1008 1009 960 
1024 960 1009 1010 961 
1025 961 1010 1011 962 
1026 962 1011 1012 963 
1027 963 1012 1013 964 
1028 964 1013 1014 965 
1029 965 1014 1015 966 
1030 966 1015 1016 967 
1031 967 1016 1017 968 
1032 968 1017 1018 969 
1033 969 1018 1019 970 
1034 970 1019 1020 971 
1035 971 1020 1021 972 
1036 972 1021 1022 973 
1037 973 1022 1023 974 
1038 974 1023 1024 975 
1039 975 1024 1025 976 
1040 976 1025 1026 977 
1041 977 1026 1027 978 
1042 978 1027 1028 979 
1043 979 1028 1029 980 
1044 980 1029 1030 981 
1045 981 1030 1031 982 
1046 982 1031 1032 983 
1047 983 1032 1033 984 
1048 984 1033 1034 985 
1049 985 1034 1035 986 
1050 986 1035 1036 987 
1051 987 1036 1037 988 
1052 988 1037 1038 989 
1053 989 1038 1039 990 
1054 990 1039 193 194 
1055 263 264 1040 991 
1056 991 1040 1041 992 
1057 992 1041 1042 993 
1058 993 1042 1043 994 
1059 994 1043 1044 995 
1060 995 1044 1045 996 
1061 996 1045 1046 997 
1062 997 1046 1047 998 
1063 998 1047 1048 999 
1064 999 1048 1049 1000 
1065 1000 1049 1050 1001 
1066 1001 1050 1051 1002 
1067 1002 1051 1052 1003 
1068 1003 1052 1053 1004 
1069 1004 1053 1054 1005 
1070 1005 1054 1055 1006 
1071 1006 1055 1056 1007 
1072 1007 1056 1057 1008 
1073 1008 1057 1058 1009 
1074 1009 1058 1059 1010 
1075 1010 1059 1060 1011 
1076 1011 1060 1061 1012 
1077 1012 1061 1062 1013 
1078 1013 1062 1063 1014 
1079 1014 1063 1064 1015 
1080 1015 1064 1065 1016 
1081 1016 1065 1066 1017 
1082 1017 1066 1067 1018 
1083 1018 1067 1068 1019 
1084 1019 1068 1069 1020 
1085 1020 1069 1070 1021 
1086 1021 1070 1071 1022 
1087 1022 1071 1072 1023 
1088 1023 1072 1073 1024 
1089 1024 1073 1074 1025 
1090 1025 1074 1075 1026 
1091 1026 1075 1076 1027 
1092 1027 1076 1077 1028 
1093 1028 1077 1078 1029 
1094 1029 1078 1079 1030 
1095 1030 1079 1080 1031 
1096 1031 1080 1081 1032 
1097 1032 1081 1082 1033 
1098 1033 1082 1083 1034 
1099 1034 1083 1084 1035 
1100 1035 1084 1085 1036 
1101 1036 1085 1086 1037 
1102 1037 1086 1087 1038 
1103 1038 1087 1088 1039 
1104 1039 1088 192 193 
1105 264 265 1089 1040 
1106 1040 1089 1090 1041 
1107 1041 1090 1091 1042 
1108 1042 1091 1092 1043 
1109 1043 1092 1093 1044 
1110 1044 1093 1094 1045 
1111 1045 1094 1095 1046 
1112 1046 1095 1096 1047 
1113 1047 1096 1097 1048 
1114 1048 1097 1098 1049 
1115 1049 1098 1099 1050 
1116 1050 1099 1100 1051 
1117 1051 1100 1101 1052 
1118 1052 1101 1102 1053 
1119 1053 1102 1103 1054 
1120 1054 1103 1104 1055 
1121 1055 1104 1105 1056 
1122 1056 1105 1106 1057 
1123 1057 1106 1107 1058 
1124 1058 1107 1108 1059 
1125 1059 1108 1109 1060 
1126 1060 1109 1110 1061 
1127 1061 1110 1111 1062 
1128 1062 1111 1112 1063 
1129 1063 1112 1113 1064 
1130 1064 1113 1114 1065 
1131 1065 1114 1115 1066 
1132 1066 1115 1116 1067 
1133 1067 1116 1117 1068 
1134 1068 1117 1118 1069 
1135 1069 1118 1119 1070 
1136 1070 1119 1120 1071 
1137 1071 1120 1121 1072 
1138 1072 1121 1122 1073 
1139 1073 1122 1123 1074 
1140 1074 1123 1124 1075 
1141 1075 1124 1125 1076 
1142 1076 1125 1126 1077 
1143 1077 1126 1127 1078 
1144 1078 1127 1128 1079 
1145 1079 1128 1129 1080 
1146 1080 1129 1130 1081 
1147 1081 1130 1131 1082 
1148 1082 1131 1132 1083 
1149 1083 1132 1133 1084 
1150 1084 1133 1134 1085 
1151 1085 1134 1135 1086 
1152 1086 1135 1136 1087 
1153 1087 1136 1137 1088 
1154 1088 1137 191 192 
1155 265 266 1138 1089 
1156 1089 1138 1139 1090 
1157 1090 1139 1140 1091 
1158 1091 1140 1141 1092 
1159 1092 1141 1142 1093 
1160 1093 1142 1143 1094 
1161 1094 1143 1144 1095 
1162 1095 1144 1145 1096 
1163 1096 1145 1146 1097 
1164 1097 1146 1147 1098 
1165 1098 1147 1148 1099 
1166 1099 1148 1149 1100 
1167 1100 1149 1150 1101 
1168 1101 1150 1151 1102 
1169 1102 1151 1152 1103 
1170 1103 1152 1153 1104 
1171 1104 1153 1154 1105 
1172 1105 1154 1155 1106 
1173 1106 1155 1156 1107 
1174 1107 1156 1157 1108 
1175 1108 1157 1158 1109 
1176 1109 1158 1159 1110 
1177 1110 1159 1160 1111 
1178 1111 1160 1161 1112 
1179 1112 1161 1162 1113 
1180 1113 1162 1163 1114 
1181 1114 1163 1164 1115 
1182 1115 1164 1165 1116 
1183 1116 1165 1166 1117 
1184 1117 1166 1167 1118 
1185 1118 1167 1168 1119 
1186 1119 1168 1169 1120 
1187 1120 1169 1170 1121 
1188 1121 1170 1171 1122 
1189 1122 1171 1172 1123 
1190 1123 1172 1173 1124 
1191 1124 1173 1174 1125 
1192 1125 1174 1175 1126 
1193 1126 1175 1176 1127 
1194 1127 1176 1177 1128 
1195 1128 1177 1178 1129 
1196 1129 1178 1179 1130 
1197 1130 1179 1180 1131 
1198 1131 1180 1181 1132 
1199 1132 1181 1182 1133 
1200 1133 1182 1183 1134 
1201 1134 1183 1184 1135 
1202 1135 1184 1185 1136 
1203 1136 1185 1186 1137 
1204 1137 1186 190 191 
1205 266 267 1187 1138 
1206 1138 1187 1188 1139 
1207 1139 1188 1189 1140 
1208 1140 1189 1190 1141 
1209 1141 1190 1191 1142 
1210 1142 1191 1192 1143 
1211 1143 1192 1193 1144 
1212 1144 1193 1194 1145 
1213 1145 1194 1195 1146 
1214 1146 1195 1196 1147 
1215 1147 1196 1197 1148 
1216 1148 1197 1198 1149 
1217 1149 1198 1199 1150 
1218 1150 1199 1200 1151 
1219 1151 1200 1201 1152 
1220 1152 1201 1202 1153 
1221 1153 1202 1203 1154 
1222 1154 1203 1204 1155 
1223 1155 1204 1205 1156 
1224 1156 1205 1206 1157 
1225 1157 1206 1207 1158 
1226 1158 1207 1208 1159 
1227 1159 1208 1209 1160 
1228 1160 1209 1210 1161 
1229 1161 1210 1211 1162 
1230 1162 1211 1212 1163 
1231 1163 1212 1213 1164 
1232 1164 1213 1214 1165 
1233 1165 1214 1215 1166 
1234 1166 1215 1216 1167 
1235 1167 1216 1217 1168 
1236 1168 1217 1218 1169 
1237 1169 1218 1219 1170 
1238 1170 1219 1220 1171 
1239 1171 1220 1221 1172 
1240 1172 1221 1222 1173 
1241 1173 1222 1223 1174 
1242 1174 1223 1224 1175 
1243 1175 1224 1225 1176 
1244 1176 1225 1226 1177 
1245 1177 1226 1227 1178 
1246 1178 1227 1228 1179 
1247 1179 1228 1229 1180 
1248 1180 1229 1230 1181 
1249 1181 1230 1231 1182 
1250 1182 1231 1232 1183 
1251 1183 1232 1233 1184 
1252 1184 1233 1234 1185 
1253 1185 1234 1235 1186 
1254 1186 1235 189 190 
1255 267 268 1236 1187 
1256 1187 1236 1237 1188 
1257 1188 1237 1238 1189 
1258 1189 1238 1239 1190 
1259 1190 1239 1240 1191 
1260 1191 1240 1241 1192 
1261 1192 1241 1242 1193 
1262 1193 1242 1243 1194 
1263 1194 1243 1244 1195 
1264 1195 1244 1245 1196 
1265 1196 1245 1246 1197 
1266 1197 1246 1247 1198 
1267 1198 1247 1248 1199 
1268 1199 1248 1249 1200 
1269 1200 1249 1250 1201 
1270 1201 1250 1251 1202 
1271 1202 1251 1252 1203 
1272 1203 1252 1253 1204 
1273 1204 1253 1254 1205 
1274 1205 1254 1255 1206 
1275 1206 1255 1256 1207 
1276 1207 1256 1257 1208 
1277 1208 1257 1258 1209 
1278 1209 1258 1259 1210 
1279 1210 1259 1260 1211 
1280 1211 1260 1261 1212 
1281 1212 1261 1262 1213 
1282 1213 1262 1263 1214 
1283 1214 1263 1264 1215 
1284 1215 1264 1265 1216 
1285 1216 1265 1266 1217 
1286 1217 1266 1267 1218 
1287 1218 1267 1268 1219 
1288 1219 1268 1269 1220 
1289 1220 1269 1270 1221 
1290 1221 1270 1271 1222 
1291 1222 1271 1272 1223 
1292 1223 1272 1273 1224 
1293 1224 1273 1274 1225 
1294 1225 1274 1275 1226 
1295 1226 1275 1276 1227 
1296 1227 1276 1277 1228 
1297 1228 1277 1278 1229 
1298 1229 1278 1279 1230 
1299 1230 1279 1280 1231 
1300 1231 1280 1281 1232 
1301 1232 1281 1282 1233 
1302 1233 1282 1283 1234 
1303 1234 1283 1284 1235 
1304 1235 1284 188 189 
1305 268 269 1285 1236 
1306 1236 1285 1286 1237 
1307 1237 1286 1287 1238 
1308 1238 1287 1288 1239 
1309 1239 1288 1289 1240 
1310 1240 1289 1290 1241 
1311 1241 1290 1291 1242 
1312 1242 1291 1292 1243 
1313 1243 1292 1293 1244 
1314 1244 1293 1294 1245 
1315 1245 1294 1295 1246 
1316 1246 1295 1296 1247 
1317 1247 1296 1297 1248 
1318 1248 1297 1298 1249 
1319 1249 1298 1299 1250 
1320 1250 1299 1300 1251 
1321 1251 1300 1301 1252 
1322 1252 1301 1302 1253 
1323 1253 1302 1303 1254 
1324 1254 1303 1304 1255 
1325 1255 1304 1305 1256 
1326 1256 1305 1306 1257 
1327 1257 1306 1307 1258 
1328 1258 1307 1308 1259 
1329 1259 1308 1309 1260 
1330 1260 1309 1310 1261 
1331 1261 1310 1311 1262 
1332 1262 1311 1312 1263 
1333 1263 1312 1313 1264 
1334 1264 1313 1314 1265 
1335 1265 1314 1315 1266 
1336 1266 1315 1316 1267 
1337 1267 1316 1317 1268 
1338 1268 1317 1318 1269 
1339 1269 1318 1319 1270 
1340 1270 1319 1320 1271 
1341 1271 1320 1321 1272 
1342 1272 1321 1322 1273 
1343 1273 1322 1323 1274 
1344 1274 1323 1324 1275 
1345 1275 1324 1325 1276 
1346 1276 1325 1326 1277 
1347 1277 1326 1327 1278 
1348 1278 1327 1328 1279 
1349 1279 1328 1329 1280 
1350 1280 1329 1330 1281 
1351 1281 1330 1331 1282 
1352 1282 1331 1332 1283 
1353 1283 1332 1333 1284 
1354 1284 1333 187 188 
1355 269 270 1334 1285 
1356 1285 1334 1335 1286 
1357 1286 1335 1336 1287 
1358 1287 1336 1337 1288 
1359 1288 1337 1338 1289 
1360 1289 1338 1339 1290 
1361 1290 1339 1340 1291 
1362 1291 1340 1341 1292 
1363 1292 1341 1342 1293 
1364 1293 1342 1343 1294 
1365 1294 1343 1344 1295 
1366 1295 1344 1345 1296 
1367 1296 1345 1346 1297 
1368 1297 1346 1347 1298 
1369 1298 1347 1348 1299 
1370 1299 1348 1349 1300 
1371 1300 1349 1350 1301 
1372 1301 1350 1351 1302 
1373 1302 1351 1352 1303 
1374 1303 1352 1353 1304 
1375 1304 1353 1354 1305 
1376 1305 1354 1355 1306 
1377 1306 1355 1356 1307 
1378 1307 1356 1357 1308 
1379 1308 1357 1358 1309 
1380 1309 1358 1359 1310 
1381 1310 1359 1360 1311 
1382 1311 1360 1361 1312 
1383 1312 1361 1362 1313 
1384 1313 1362 1363 1314 
1385 1314 1363 1364 1315 
1386 1315 1364 1365 1316 
1387 1316 1365 1366 1317 
1388 1317 1366 1367 1318 
1389 1318 1367 1368 1319 
1390 1319 1368 1369 1320 
1391 1320 1369 1370 1321 
1392 1321 1370 1371 1322 
1393 1322 1371 1372 1323 
1394 1323 1372 1373 1324 
1395 1324 1373 1374 1325 
1396 1325 1374 1375 1326 
1397 1326 1375 1376 1327 
1398 1327 1376 1377 1328 
1399 1328 1377 1378 1329 
1400 1329 1378 1379 1330 
1401 1330 1379 1380 1331 
1402 1331 1380 1381 1332 
1403 1332 1381 1382 1333 
1404 1333 1382 186 187 
1405 270 271 1383 1334 
1406 1334 1383 1384 1335 
1407 1335 1384 1385 1336 
1408 1336 1385 1386 1337 
1409 1337 1386 1387 1338 
1410 1338 1387 1388 1339 
1411 1339 1388 1389 1340 
1412 1340 1389 1390 1341 
1413 1341 1390 1391 1342 
1414 1342 1391 1392 1343 
1415 1343 1392 1393 1344 
1416 1344 1393 1394 1345 
1417 1345 1394 1395 1346 
1418 1346 1395 1396 1347 
1419 1347 1396 1397 1348 
1420 1348 1397 1398 1349 
1421 1349 1398 1399 1350 
1422 1350 1399 1400 1351 
1423 1351 1400 1401 1352 
1424 1352 1401 1402 1353 
1425 1353 1402 1403 1354 
1426 1354 1403 1404 1355 
1427 1355 1404 1405 1356 
1428 1356 1405 1406 1357 
1429 1357 1406 1407 1358 
1430 1358 1407 1408 1359 
1431 1359 1408 1409 1360 
1432 1360 1409 1410 1361 
1433 1361 1410 1411 1362 
1434 1362 1411 1412 1363 
1435 1363 1412 1413 1364 
1436 1364 1413 1414 1365 
1437 1365 1414 1415 1366 
1438 1366 1415 1416 1367 
1439 1367 1416 1417 1368 
1440 1368 1417 1418 1369 
1441 1369 1418 1419 1370 
1442 1370 1419 1420 1371 
1443 1371 1420 1421 1372 
1444 1372 1421 1422 1373 
1445 1373 1422 1423 1374 
1446 1374 1423 1424 1375 
1447 1375 1424 1425 1376 
1448 1376 1425 1426 1377 
1449 1377 1426 1427 1378 
1450 1378 1427 1428 1379 
1451 1379 1428 1429 1380 
1452 1380 1429 1430 1381 
1453 1381 1430 1431 1382 
1454 1382 1431 185 186 
1455 271 272 1432 1383 
1456 1383 1432 1433 1384 
1457 1384 1433 1434 1385 
1458 1385 1434 1435 1386 
1459 1386 1435 1436 1387 
1460 1387 1436 1437 1388 
1461 1388 1437 1438 1389 
1462 1389 1438 1439 1390 
1463 1390 1439 1440 1391 
1464 1391 1440 1441 1392 
1465 1392 1441 1442 1393 
1466 1393 1442 1443 1394 
1467 1394 1443 1444 1395 
1468 1395 1444 1445 1396 
1469 1396 1445 1446 1397 
1470 1397 1446 1447 1398 
1471 1398 1447 1448 1399 
1472 1399 1448 1449 1400 
1473 1400 1449 1450 1401 
1474 1401 1450 1451 1402 
1475 1402 1451 1452 1403 
1476 1403 1452 1453 1404 
1477 1404 1453 1454 1405 
1478 1405 1454 1455 1406 
1479 1406 1455 1456 1407 
1480 1407 1456 1457 1408 
1481 1408 1457 1458 1409 
1482 1409 1458 1459 1410 
1483 1410 1459 1460 1411 
1484 1411 1460 1461 1412 
1485 1412 1461 1462 1413 
1486 1413 1462 1463 1414 
1487 1414 1463 1464 1415 
1488 1415 1464 1465 1416 
1489 1416 1465 1466 1417 
1490 1417 1466 1467 1418 
1491 1418 1467 1468 1419 
1492 1419 1468 1469 1420 
1493 1420 1469 1470 1421 
1494 1421 1470 1471 1422 
1495 1422 1471 1472 1423 
1496 1423 1472 1473 1424 
1497 1424 1473 1474 1425 
1498 1425 1474 1475 1426 
1499 1426 1475 1476 1427 
1500 1427 1476 1477 1428 
1501 1428 1477 1478 1429 
1502 1429 1478 1479 1430 
1503 1430 1479 1480 1431 
1504 1431 1480 184 185 
1505 272 273 1481 1432 
1506 1432 1481 1482 1433 
1507 1433 1482 1483 1434 
1508 1434 1483 1484 1435 
1509 1435 1484 1485 1436 
1510 1436 1485 1486 1437 
1511 1437 1486 1487 1438 
1512 1438 1487 1488 1439 
1513 1439 1488 1489 1440 
1514 1440 1489 1490 1441 
1515 1441 1490 1491 1442 
1516 1442 1491 1492 1443 
1517 1443 1492 1493 1444 
1518 1444 1493 1494 1445 
1519 1445 1494 1495 1446 
1520 1446 1495 1496 1447 
1521 1447 1496 1497 1448 
1522 1448 1497 1498 1449 
1523 1449 1498 1499 1450 
1524 1450 1499 1500 1451 
1525 1451 1500 1501 1452 
1526 1452 1501 1502 1453 
1527 1453 1502 1503 1454 
1528 1454 1503 1504 1455 
1529 1455 1504 1505 1456 
1530 1456 1505 1506 1457 
1531 1457 1506 1507 1458 
1532 1458 1507 1508 1459 
1533 1459 1508 1509 1460 
1534 1460 1509 1510 1461 
1535 1461 1510 1511 1462 
1536 1462 1511 1512 1463 
1537 1463 1512 1513 1464 
1538 1464 1513 1514 1465 
1539 1465 1514 1515 1466 
1540 1466 1515 1516 1467 
1541 1467 1516 1517 1468 
1542 1468 1517 1518 1469 
1543 1469 1518 1519 1470 
1544 1470 1519 1520 1471 
1545 1471 1520 1521 1472 
1546 1472 1521 1522 1473 
1547 1473 1522 1523 1474 
1548 1474 1523 1524 1475 
1549 1475 1524 1525 1476 
1550 1476 1525 1526 1477 
1551 1477 1526 1527 1478 
1552 1478 1527 1528 1479 
1553 1479 1528 1529 1480 
1554 1480 1529 183 184 
1555 273 274 1530 1481 
1556 1481 1530 1531 1482 
1557 1482 1531 1532 1483 
1558 1483 1532 1533 1484 
1559 1484 1533 1534 1485 
1560 1485 1534 1535 1486 
1561 1486 1535 1536 1487 
1562 1487 1536 1537 1488 
1563 1488 1537 1538 1489 
1564 1489 1538 1539 1490 
1565 1490 1539 1540 1491 
1566 1491 1540 1541 1492 
1567 1492 1541 1542 1493 
1568 1493 1542 1543 1494 
1569 1494 1543 1544 1495 
1570 1495 1544 1545 1496 
1571 1496 1545 1546 1497 
1572 1497 1546 1547 1498 
1573 1498 1547 1548 1499 
1574 1499 1548 1549 1500 
1575 1500 1549 1550 1501 
1576 1501 1550 1551 1502 
1577 1502 1551 1552 1503 
1578 1503 1552 1553 1504 
1579 1504 1553 1554 1505 
1580 1505 1554 1555 1506 
1581 1506 1555 1556 1507 
1582 1507 1556 1557 1508 
1583 1508 1557 1558 1509 
1584 1509 1558 1559 1510 
1585 1510 1559 1560 1511 
1586 1511 1560 1561 1512 
1587 1512 1561 1562 1513 
1588 1513 1562 1563 1514 
1589 1514 1563 1564 1515 
1590 1515 1564 1565 1516 
1591 1516 1565 1566 1517 
1592 1517 1566 1567 1518 
1593 1518 1567 1568 1519 
1594 1519 1568 1569 1520 
1595 1520 1569 1570 1521 
1596 1521 1570 1571 1522 
1597 1522 1571 1572 1523 
1598 1523 1572 1573 1524 
1599 1524 1573 1574 1525 
1600 1525 1574 1575 1526 
1601 1526 1575 1576 1527 
1602 1527 1576 1577 1528 
1603 1528 1577 1578 1529 
1604 1529 1578 182 183 
1605 274 275 1579 1530 
1606 1530 1579 1580 1531 
1607 1531 1580 1581 1532 
1608 1532 1581 1582 1533 
1609 1533 1582 1583 1534 
1610 1534 1583 1584 1535 
1611 1535 1584 1585 1536 
1612 1536 1585 1586 1537 
1613 1537 1586 1587 1538 
1614 1538 1587 1588 1539 
1615 1539 1588 1589 1540 
1616 1540 1589 1590 1541 
1617 1541 1590 1591 1542 
1618 1542 1591 1592 1543 
1619 1543 1592 1593 1544 
1620 1544 1593 1594 1545 
1621 1545 1594 1595 1546 
1622 1546 1595 1596 1547 
1623 1547 1596 1597 1548 
1624 1548 1597 1598 1549 
1625 1549 1598 1599 1550 
1626 1550 1599 1600 1551 
1627 1551 1600 1601 1552 
1628 1552 1601 1602 1553 
1629 1553 1602 1603 1554 
1630 1554 1603 1604 1555 
1631 1555 1604 1605 1556 
1632 1556 1605 1606 1557 
1633 1557 1606 1607 1558 
1634 1558 1607 1608 1559 
1635 1559 1608 1609 1560 
1636 1560 1609 1610 1561 
1637 1561 1610 1611 1562 
1638 1562 1611 1612 1563 
1639 1563 1612 1613 1564 
1640 1564 1613 1614 1565 
1641 1565 1614 1615 1566 
1642 1566 1615 1616 1567 
1643 1567 1616 1617 1568 
1644 1568 1617 1618 1569 
1645 1569 1618 1619 1570 
1646 1570 1619 1620 1571 
1647 1571 1620 1621 1572 
1648 1572 1621 1622 1573 
1649 1573 1622 1623 1574 
1650 1574 1623 1624 1575 
1651 1575 1624 1625 1576 
1652 1576 1625 1626 1577 
1653 1577 1626 1627 1578 
1654 1578 1627 181 182 
1655 275 276 1628 1579 
1656 1579 1628 1629 1580 
1657 1580 1629 1630 1581 
1658 1581 1630 1631 1582 
1659 1582 1631 1632 1583 
1660 1583 1632 1633 1584 
1661 1584 1633 1634 1585 
1662 1585 1634 1635 1586 
1663 1586 1635 1636 1587 
1664 1587 1636 1637 1588 
1665 1588 1637 1638 1589 
1666 1589 1638 1639 1590 
1667 1590 1639 1640 1591 
1668 1591 1640 1641 1592 
1669 1592 1641 1642 1593 
1670 1593 1642 1643 1594 
1671 1594 1643 1644 1595 
1672 1595 1644 1645 1596 
1673 1596 1645 1646 1597 
1674 1597 1646 1647 1598 
1675 1598 1647 1648 1599 
1676 1599 1648 1649 1600 
1677 1600 1649 1650 1601 
1678 1601 1650 1651 1602 
1679 1602 1651 1652 1603 
1680 1603 1652 1653 1604 
1681 1604 1653 1654 1605 
1682 1605 1654 1655 1606 
1683 1606 1655 1656 1607 
1684 1607 1656 1657 1608 
1685 1608 1657 1658 1609 
1686 1609 1658 1659 1610 
1687 1610 1659 1660 1611 
1688 1611 1660 1661 1612 
1689 1612 1661 1662 1613 
1690 1613 1662 1663 1614 
1691 1614 1663 1664 1615 
1692 1615 1664 1665 1616 
1693 1616 1665 1666 1617 
1694 1617 1666 1667 1618 
1695 1618 1667 1668 1619 
1696 1619 1668 1669 1620 
1697 1620 1669 1670 1621 
1698 1621 1670 1671 1622 
1699 1622 1671 1672 1623 
1700 1623 1672 1673 1624 
1701 1624 1673 1674 1625 
1702 1625 1674 1675 1626 
1703 1626 1675 1676 1627 
1704 1627 1676 180 181 
1705 276 277 1677 1628 
1706 1628 1677 1678 1629 
1707 1629 1678 1679 1630 
1708 1630 1679 1680 1631 
1709 1631 1680 1681 1632 
1710 1632 1681 1682 1633 
1711 1633 1682 1683 1634 
1712 1634 1683 1684 1635 
1713 1635 1684 1685 1636 
1714 1636 1685 1686 1637 
1715 1637 1686 1687 1638 
1716 1638 1687 1688 1639 
1717 1639 1688 1689 1640 
1718 1640 1689 1690 1641 
1719 1641 1690 1691 1642 
1720 1642 1691 1692 1643 
1721 1643 1692 1693 1644 
1722 1644 1693 1694 1645 
1723 1645 1694 1695 1646 
1724 1646 1695 1696 1647 
1725 1647 1696 1697 1648 
1726 1648 1697 1698 1649 
1727 1649 1698 1699 1650 
1728 1650 1699 1700 1651 
1729 1651 1700 1701 1652 
1730 1652 1701 1702 1653 
1731 1653 1702 1703 1654 
1732 1654 1703 1704 1655 
1733 1655 1704 1705 1656 
1734 1656 1705 1706 1657 
1735 1657 1706 1707 1658 
1736 1658 1707 1708 1659 
1737 1659 1708 1709 1660 
1738 1660 1709 1710 1661 
1739 1661 1710 1711 1662 
1740 1662 1711 1712 1663 
1741 1663 1712 1713 1664 
1742 1664 1713 1714 1665 
1743 1665 1714 1715 1666 
1744 1666 1715 1716 1667 
1745 1667 1716 1717 1668 
1746 1668 1717 1718 1669 
1747 1669 1718 1719 1670 
1748 1670 1719 1720 1671 
1749 1671 1720 1721 1672 
1750 1672 1721 1722 1673 
1751 1673 1722 1723 1674 
1752 1674 1723 1724 1675 
1753 1675 1724 1725 1676 
1754 1676 1725 179 180 
1755 277 278 1726 1677 
1756 1677 1726 1727 1678 
1757 1678 1727 1728 1679 
1758 1679 1728 1729 1680 
1759 1680 1729 1730 1681 
1760 1681 1730 1731 1682 
1761 1682 1731 1732 1683 
1762 1683 1732 1733 1684 
1763 1684 1733 1734 1685 
1764 1685 1734 1735 1686 
1765 1686 1735 1736 1687 
1766 1687 1736 1737 1688 
1767 1688 1737 1738 1689 
1768 1689 1738 1739 1690 
1769 1690 1739 1740 1691 
1770 1691 1740 1741 1692 
1771 1692 1741 1742 1693 
1772 1693 1742 1743 1694 
1773 1694 1743 1744 1695 
1774 1695 1744 1745 1696 
1775 1696 1745 1746 1697 
1776 1697 1746 1747 1698 
1777 1698 1747 1748 1699 
1778 1699 1748 1749 1700 
1779 1700 1749 1750 1701 
1780 1701 1750 1751 1702 
1781 1702 1751 1752 1703 
1782 1703 1752 1753 1704 
1783 1704 1753 1754 1705 
1784 1705 1754 1755 1706 
1785 1706 1755 1756 1707 
1786 1707 1756 1757 1708 
1787 1708 1757 1758 1709 
1788 1709 1758 1759 1710 
1789 1710 1759 1760 1711 
1790 1711 1760 1761 1712 
1791 1712 1761 1762 1713 
1792 1713 1762 1763 1714 
1793 1714 1763 1764 1715 
1794 1715 1764 1765 1716 
1795 1716 1765 1766 1717 
1796 1717 1766 1767 1718 
1797 1718 1767 1768 1719 
1798 1719 1768 1769 1720 
1799 1720 1769 1770 1721 
1800 1721 1770 1771 1722 
1801 1722 1771 1772 1723 
1802 1723 1772 1773 1724 
1803 1724 1773 1774 1725 
1804 1725 1774 178 179 
1805 278 279 1775 1726 
1806 1726 1775 1776 1727 
1807 1727 1776 1777 1728 
1808 1728 1777 1778 1729 
1809 1729 1778 1779 1730 
1810 1730 1779 1780 1731 
1811 1731 1780 1781 1732 
1812 1732 1781 1782 1733 
1813 1733 1782 1783 1734 
1814 1734 1783 1784 1735 
1815 1735 1784 1785 1736 
1816 1736 1785 1786 1737 
1817 1737 1786 1787 1738 
1818 1738 1787 1788 1739 
1819 1739 1788 1789 1740 
1820 1740 1789 1790 1741 
1821 1741 1790 1791 1742 
1822 1742 1791 1792 1743 
1823 1743 1792 1793 1744 
1824 1744 1793 1794 1745 
1825 1745 1794 1795 1746 
1826 1746 1795 1796 1747 
1827 1747 1796 1797 1748 
1828 1748 1797 1798 1749 
1829 1749 1798 1799 1750 
1830 1750 1799 1800 1751 
1831 1751 1800 1801 1752 
1832 1752 1801 1802 1753 
1833 1753 1802 1803 1754 
1834 1754 1803 1804 1755 
1835 1755 1804 1805 1756 
1836 1756 1805 1806 1757 
1837 1757 1806 1807 1758 
1838 1758 1807 1808 1759 
1839 1759 1808 1809 1760 
1840 1760 1809 1810 1761 
1841 1761 1810 1811 1762 
1842 1762 1811 1812 1763 
1843 1763 1812 1813 1764 
1844 1764 1813 1814 1765 
1845 1765 1814 1815 1766 
1846 1766 1815 1816 1767 
1847 1767 1816 1817 1768 
1848 1768 1817 1818 1769 
1849 1769 1818 1819 1770 
1850 1770 1819 1820 1771 
1851 1771 1820 1821 1772 
1852 1772 1821 1822 1773 
1853 1773 1822 1823 1774 
1854 1774 1823 177 178 
1855 279 280 1824 1775 
1856 1775 1824 1825 1776 
1857 1776 1825 1826 1777 
1858 1777 1826 1827 1778 
1859 1778 1827 1828 1779 
1860 1779 1828 1829 1780 
1861 1780 1829 1830 1781 
1862 1781 1830 1831 1782 
1863 1782 1831 1832 1783 
1864 1783 1832 1833 1784 
1865 1784 1833 1834 1785 
1866 1785 1834 1835 1786 
1867 1786 1835 1836 1787 
1868 1787 1836 1837 1788 
1869 1788 1837 1838 1789 
1870 1789 1838 1839 1790 
1871 1790 1839 1840 1791 
1872 1791 1840 1841 1792 
1873 1792 1841 1842 1793 
1874 1793 1842 1843 1794 
1875 1794 1843 1844 1795 
1876 1795 1844 1845 1796 
1877 1796 1845 1846 1797 
1878 1797 1846 1847 1798 
1879 1798 1847 1848 1799 
1880 1799 1848 1849 1800 
1881 1800 1849 1850 1801 
1882 1801 1850 1851 1802 
1883 1802 1851 1852 1803 
1884 1803 1852 1853 1804 
1885 1804 1853 1854 1805 
1886 1805 1854 1855 1806 
1887 1806 1855 1856 1807 
1888 1807 1856 1857 1808 
1889 1808 1857 1858 1809 
1890 1809 1858 1859 1810 
1891 1810 1859 1860 1811 
1892 1811 1860 1861 1812 
1893 1812 1861 1862 1813 
1894 1813 1862 1863 1814 
1895 1814 1863 1864 1815 
1896 1815 1864 1865 1816 
1897 1816 1865 1866 1817 
1898 1817 1866 1867 1818 
1899 1818 1867 1868 1819 
1900 1819 1868 1869 1820 
1901 1820 1869 1870 1821 
1902 1821 1870 1871 1822 
1903 1822 1871 1872 1823 
1904 1823 1872 176 177 
1905 280 281 1873 1824 
1906 1824 1873 1874 1825 
1907 1825 1874 1875 1826 
1908 1826 1875 1876 1827 
1909 1827 1876 1877 1828 
1910 1828 1877 1878 1829 
1911 1829 1878 1879 1830 
1912 1830 1879 1880 1831 
1913 1831 1880 1881 1832 
1914 1832 1881 1882 1833 
1915 1833 1882 1883 1834 
1916 1834 1883 1884 1835 
1917 1835 1884 1885 1836 
1918 1836 1885 1886 1837 
1919 1837 1886 1887 1838 
1920 1838 1887 1888 1839 
1921 1839 1888 1889 1840 
1922 1840 1889 1890 1841 
1923 1841 1890 1891 1842 
1924 1842 1891 1892 1843 
1925 1843 1892 1893 1844 
1926 1844 1893 1894 1845 
1927 1845 1894 1895 1846 
1928 1846 1895 1896 1847 
1929 1847 1896 1897 1848 
1930 1848 1897 1898 1849 
1931 1849 1898 1899 1850 
1932 1850 1899 1900 1851 
1933 1851 1900 1901 1852 
1934 1852 1901 1902 1853 
1935 1853 1902 1903 1854 
1936 1854 1903 1904 1855 
1937 1855 1904 1905 1856 
1938 1856 1905 1906 1857 
1939 1857 1906 1907 1858 
1940 1858 1907 1908 1859 
1941 1859 1908 1909 1860 
1942 1860 1909 1910 1861 
1943 1861 1910 1911 1862 
1944 1862 1911 1912 1863 
1945 1863 1912 1913 1864 
1946 1864 1913 1914 1865 
1947 1865 1914 1915 1866 
1948 1866 1915 1916 1867 
1949 1867 1916 1917 1868 
1950 1868 1917 1918 1869 
1951 1869 1918 1919 1870 
1952 1870 1919 1920 1871 
1953 1871 1920 1921 1872 
1954 1872 1921 175 176 
1955 281 282 1922 1873 
1956 1873 1922 1923 1874 
1957 1874 1923 1924 1875 
1958 1875 1924 1925 1876 
1959 1876 1925 1926 1877 
1960 1877 1926 1927 1878 
1961 1878 1927 1928 1879 
1962 1879 1928 1929 1880 
1963 1880 1929 1930 1881 
1964 1881 1930 1931 1882 
1965 1882 1931 1932 1883 
1966 1883 1932 1933 1884 
1967 1884 1933 1934 1885 
1968 1885 1934 1935 1886 
1969 1886 1935 1936 1887 
1970 1887 1936 1937 1888 
1971 1888 1937 1938 1889 
1972 1889 1938 1939 1890 
1973 1890 1939 1940 1891 
1974 1891 1940 1941 1892 
1975 1892 1941 1942 1893 
1976 1893 1942 1943 1894 
1977 1894 1943 1944 1895 
1978 1895 1944 1945 1896 
1979 1896 1945 1946 1897 
1980 1897 1946 1947 1898 
1981 1898 1947 1948 1899 
1982 1899 1948 1949 1900 
1983 1900 1949 1950 1901 
1984 1901 1950 1951 1902 
1985 1902 1951 1952 1903 
1986 1903 1952 1953 1904 
1987 1904 1953 1954 1905 
1988 1905 1954 1955 1906 
1989 1906 1955 1956 1907 
1990 1907 1956 1957 1908 
1991 1908 1957 1958 1909 
1992 1909 1958 1959 1910 
1993 1910 1959 1960 1911 
1994 1911 1960 1961 1912 
1995 1912 1961 1962 1913 
1996 1913 1962 1963 1914 
1997 1914 1963 1964 1915 
1998 1915 1964 1965 1916 
1999 1916 1965 1966 1917 
2000 1917 1966 1967 1918 
2001 1918 1967 1968 1919 
2002 1919 1968 1969 1920 
2003 1920 1969 1970 1921 
2004 1921 1970 174 175 
2005 282 283 1971 1922 
2006 1922 1971 1972 1923 
2007 1923 1972 1973 1924 
2008 1924 1973 1974 1925 
2009 1925 1974 1975 1926 
2010 1926 1975 1976 1927 
2011 1927 1976 1977 1928 
2012 1928 1977 1978 1929 
2013 1929 1978 1979 1930 
2014 1930 1979 1980 1931 
2015 1931 1980 1981 1932 
2016 1932 1981 1982 1933 
2017 1933 1982 1983 1934 
2018 1934 1983 1984 1935 
2019 1935 1984 1985 1936 
2020 1936 1985 1986 1937 
2021 1937 1986 1987 1938 
2022 1938 1987 1988 1939 
2023 1939 1988 1989 1940 
2024 1940 1989 1990 1941 
2025 1941 1990 1991 1942 
2026 1942 1991 1992 1943 
2027 1943 1992 1993 1944 
2028 1944 1993 1994 1945 
2029 1945 1994 1995 1946 
2030 1946 1995 1996 1947 
2031 1947 1996 1997 1948 
2032 1948 1997 1998 1949 
2033 1949 1998 1999 1950 
2034 1950 1999 2000 1951 
2035 1951 2000 2001 1952 
2036 1952 2001 2002 1953 
2037 1953 2002 2003 1954 
2038 1954 2003 2004 1955 
2039 1955 2004 2005 1956 
2040 1956 2005 2006 1957 
2041 1957 2006 2007 1958 
2042 1958 2007 2008 1959 
2043 1959 2008 2009 1960 
2044 1960 2009 2010 1961 
2045 1961 2010 2011 1962 
2046 1962 2011 2012 1963 
2047 1963 2012 2013 1964 
2048 1964 2013 2014 1965 
2049 1965 2014 2015 1966 
2050 1966 2015 2016 1967 
2051 1967 2016 2017 1968 
2052 1968 2017 2018 1969 
2053 1969 2018 2019 1970 
2054 1970 2019 173 174 
2055 283 284 2020 1971 
2056 1971 2020 2021 1972 
2057 1972 2021 2022 1973 
2058 1973 2022 2023 1974 
2059 1974 2023 2024 1975 
2060 1975 2024 2025 1976 
2061 1976 2025 2026 1977 
2062 1977 2026 2027 1978 
2063 1978 2027 2028 1979 
2064 1979 2028 2029 1980 
2065 1980 2029 2030 1981 
2066 1981 2030 2031 1982 
2067 1982 2031 2032 1983 
2068 1983 2032 2033 1984 
2069 1984 2033 2034 1985 
2070 1985 2034 2035 1986 
2071 1986 2035 2036 1987 
2072 1987 2036 2037 1988 
2073 1988 2037 2038 1989 
2074 1989 2038 2039 1990 
2075 1990 2039 2040 1991 
2076 1991 2040 2041 1992 
2077 1992 2041 2042 1993 
2078 1993 2042 2043 1994 
2079 1994 2043 2044 1995 
2080 1995 2044 2045 1996 
2081 1996 2045 2046 1997 
2082 1997 2046 2047 1998 
2083 1998 2047 2048 1999 
2084 1999 2048 2049 2000 
2085 2000 2049 2050 2001 
2086 2001 2050 2051 2002 
2087 2002 2051 2052 2003 
2088 2003 2052 2053 2004 
2089 2004 2053 2054 2005 
2090 2005 2054 2055 2006 
2091 2006 2055 2056 2007 
2092 2007 2056 2057 2008 
2093 2008 2057 2058 2009 
2094 2009 2058 2059 2010 
2095 2010 2059 2060 2011 
2096 2011 2060 2061 2012 
2097 2012 2061 2062 2013 
2098 2013 2062 2063 2014 
2099 2014 2063 2064 2015 
2100 2015 2064 2065 2016 
2101 2016 2065 2066 2017 
2102 2017 2066 2067 2018 
2103 2018 2067 2068 2019 
2104 2019 2068 172 173 
2105 284 285 2069 2020 
2106 2020 2069 2070 2021 
2107 2021 2070 2071 2022 
2108 2022 2071 2072 2023 
2109 2023 2072 2073 2024 
2110 2024 2073 2074 2025 
2111 2025 2074 2075 2026 
2112 2026 2075 2076 2027 
2113 2027 2076 2077 2028 
2114 2028 2077 2078 2029 
2115 2029 2078 2079 2030 
2116 2030 2079 2080 2031 
2117 2031 2080 2081 2032 
2118 2032 2081 2082 2033 
2119 2033 2082 2083 2034 
2120 2034 2083 2084 2035 
2121 2035 2084 2085 2036 
2122 2036 2085 2086 2037 
2123 2037 2086 2087 2038 
2124 2038 2087 2088 2039 
2125 2039 2088 2089 2040 
2126 2040 2089 2090 2041 
2127 2041 2090 2091 2042 
2128 2042 2091 2092 2043 
2129 2043 2092 2093 2044 
2130 2044 2093 2094 2045 
2131 2045 2094 2095 2046 
2132 2046 2095 2096 2047 
2133 2047 2096 2097 2048 
2134 2048 2097 2098 2049 
2135 2049 2098 2099 2050 
2136 2050 2099 2100 2051 
2137 2051 2100 2101 2052 
2138 2052 2101 2102 2053 
2139 2053 2102 2103 2054 
2140 2054 2103 2104 2055 
2141 2055 2104 2105 2056 
2142 2056 2105 2106 2057 
2143 2057 2106 2107 2058 
2144 2058 2107 2108 2059 
2145 2059 2108 2109 2060 
2146 2060 2109 2110 2061 
2147 2061 2110 2111 2062 
2148 2062 2111 2112 2063 
2149 2063 2112 2113 2064 
2150 2064 2113 2114 2065 
2151 2065 2114 2115 2066 
2152 2066 2115 2116 2067 
2153 2067 2116 2117 2068 
2154 2068 2117 171 172 
2155 285 286 2118 2069 
2156 2069 2118 2119 2070 
2157 2070 2119 2120 2071 
2158 2071 2120 2121 2072 
2159 2072 2121 2122 2073 
2160 2073 2122 2123 2074 
2161 2074 2123 2124 2075 
2162 2075 2124 2125 2076 
2163 2076 2125 2126 2077 
2164 2077 2126 2127 2078 
2165 2078 2127 2128 2079 
2166 2079 2128 2129 2080 
2167 2080 2129 2130 2081 
2168 2081 2130 2131 2082 
2169 2082 2131 2132 2083 
2170 2083 2132 2133 2084 
2171 2084 2133 2134 2085 
2172 2085 2134 2135 2086 
2173 2086 2135 2136 2087 
2174 2087 2136 2137 2088 
2175 2088 2137 2138 2089 
2176 2089 2138 2139 2090 
2177 2090 2139 2140 2091 
2178 2091 2140 2141 2092 
2179 2092 2141 2142 2093 
2180 2093 2142 2143 2094 
2181 2094 2143 2144 2095 
2182 2095 2144 2145 2096 
2183 2096 2145 2146 2097 
2184 2097 2146 2147 2098 
2185 2098 2147 2148 2099 
2186 2099 2148 2149 2100 
2187 2100 2149 2150 2101 
2188 2101 2150 2151 2102 
2189 2102 2151 2152 2103 
2190 2103 2152 2153 2104 
2191 2104 2153 2154 2105 
2192 2105 2154 2155 2106 
2193 2106 2155 2156 2107 
2194 2107 2156 2157 2108 
2195 2108 2157 2158 2109 
2196 2109 2158 2159 2110 
2197 2110 2159 2160 2111 
2198 2111 2160 2161 2112 
2199 2112 2161 2162 2113 
2200 2113 2162 2163 2114 
2201 2114 2163 2164 2115 
2202 2115 2164 2165 2116 
2203 2116 2165 2166 2117 
2204 2117 2166 170 171 
2205 286 287 2167 2118 
2206 2118 2167 2168 2119 
2207 2119 2168 2169 2120 
2208 2120 2169 2170 2121 
2209 2121 2170 2171 2122 
2210 2122 2171 2172 2123 
2211 2123 2172 2173 2124 
2212 2124 2173 2174 2125 
2213 2125 2174 2175 2126 
2214 2126 2175 2176 2127 
2215 2127 2176 2177 2128 
2216 2128 2177 2178 2129 
2217 2129 2178 2179 2130 
2218 2130 2179 2180 2131 
2219 2131 2180 2181 2132 
2220 2132 2181 2182 2133 
2221 2133 2182 2183 2134 
2222 2134 2183 2184 2135 
2223 2135 2184 2185 2136 
2224 2136 2185 2186 2137 
2225 2137 2186 2187 2138 
2226 2138 2187 2188 2139 
2227 2139 2188 2189 2140 
2228 2140 2189 2190 2141 
2229 2141 2190 2191 2142 
2230 2142 2191 2192 2143 
2231 2143 2192 2193 2144 
2232 2144 2193 2194 2145 
2233 2145 2194 2195 2146 
2234 2146 2195 2196 2147 
2235 2147 2196 2197 2148 
2236 2148 2197 2198 2149 
2237 2149 2198 2199 2150 
2238 2150 2199 2200 2151 
2239 2151 2200 2201 2152 
2240 2152 2201 2202 2153 
2241 2153 2202 2203 2154 
2242 2154 2203 2204 2155 
2243 2155 2204 2205 2156 
2244 2156 2205 2206 2157 
2245 2157 2206 2207 2158 
2246 2158 2207 2208 2159 
2247 2159 2208 2209 2160 
2248 2160 2209 2210 2161 
2249 2161 2210 2211 2162 
2250 2162 2211 2212 2163 
2251 2163 2212 2213 2164 
2252 2164 2213 2214 2165 
2253 2165 2214 2215 2166 
2254 2166 2215 169 170 
2255 287 288 2216 2167 
2256 2167 2216 2217 2168 
2257 2168 2217 2218 2169 
2258 2169 2218 2219 2170 
2259 2170 2219 2220 2171 
2260 2171 2220 2221 2172 
2261 2172 2221 2222 2173 
2262 2173 2222 2223 2174 
2263 2174 2223 2224 2175 
2264 2175 2224 2225 2176 
2265 2176 2225 2226 2177 
2266 2177 2226 2227 2178 
2267 2178 2227 2228 2179 
2268 2179 2228 2229 2180 
2269 2180 2229 2230 2181 
2270 2181 2230 2231 2182 
2271 2182 2231 2232 2183 
2272 2183 2232 2233 2184 
2273 2184 2233 2234 2185 
2274 2185 2234 2235 2186 
2275 2186 2235 2236 2187 
2276 2187 2236 2237 2188 
2277 2188 2237 2238 2189 
2278 2189 2238 2239 2190 
2279 2190 2239 2240 2191 
2280 2191 2240 2241 2192 
2281 2192 2241 2242 2193 
2282 2193 2242 2243 2194 
2283 2194 2243 2244 2195 
2284 2195 2244 2245 2196 
2285 2196 2245 2246 2197 
2286 2197 2246 2247 2198 
2287 2198 2247 2248 2199 
2288 2199 2248 2249 2200 
2289 2200 2249 2250 2201 
2290 2201 2250 2251 2202 
2291 2202 2251 2252 2203 
2292 2203 2252 2253 2204 
2293 2204 2253 2254 2205 
2294 2205 2254 2255 2206 
2295 2206 2255 2256 2207 
2296 2207 2256 2257 2208 
2297 2208 2257 2258 2209 
2298 2209 2258 2259 2210 
2299 2210 2259 2260 2211 
2300 2211 2260 2261 2212 
2301 2212 2261 2262 2213 
2302 2213 2262 2263 2214 
2303 2214 2263 2264 2215 
2304 2215 2264 168 169 
2305 288 289 2265 2216 
2306 2216 2265 2266 2217 
2307 2217 2266 2267 2218 
2308 2218 2267 2268 2219 
2309 2219 2268 2269 2220 
2310 2220 2269 2270 2221 
2311 2221 2270 2271 2222 
2312 2222 2271 2272 2223 
2313 2223 2272 2273 2224 
2314 2224 2273 2274 2225 
2315 2225 2274 2275 2226 
2316 2226 2275 2276 2227 
2317 2227 2276 2277 2228 
2318 2228 2277 2278 2229 
2319 2229 2278 2279 2230 
2320 2230 2279 2280 2231 
2321 2231 2280 2281 2232 
2322 2232 2281 2282 2233 
2323 2233 2282 2283 2234 
2324 2234 2283 2284 2235 
2325 2235 2284 2285 2236 
2326 2236 2285 2286 2237 
2327 2237 2286 2287 2238 
2328 2238 2287 2288 2239 
2329 2239 2288 2289 2240 
2330 2240 2289 2290 2241 
2331 2241 2290 2291 2242 
2332 2242 2291 2292 2243 
2333 2243 2292 2293 2244 
2334 2244 2293 2294 2245 
2335 2245 2294 2295 2246 
2336 2246 2295 2296 2247 
2337 2247 2296 2297 2248 
2338 2248 2297 2298 2249 
2339 2249 2298 2299 2250 
2340 2250 2299 2300 2251 
2341 2251 2300 2301 2252 
2342 2252 2301 2302 2253 
2343 2253 2302 2303 2254 
2344 2254 2303 2304 2255 
2345 2255 2304 2305 2256 
2346 2256 2305 2306 2257 
2347 2257 2306 2307 2258 
2348 2258 2307 2308 2259 
2349 2259 2308 2309 2260 
2350 2260 2309 2310 2261 
2351 2261 2310 2311 2262 
2352 2262 2311 2312 2263 
2353 2263 2312 2313 2264 
2354 2264 2313 167 168 
2355 289 290 2314 2265 
2356 2265 2314 2315 2266 
2357 2266 2315 2316 2267 
2358 2267 2316 2317 2268 
2359 2268 2317 2318 2269 
2360 2269 2318 2319 2270 
2361 2270 2319 2320 2271 
2362 2271 2320 2321 2272 
2363 2272 2321 2322 2273 
2364 2273 2322 2323 2274 
2365 2274 2323 2324 2275 
2366 2275 2324 2325 2276 
2367 2276 2325 2326 2277 
2368 2277 2326 2327 2278 
2369 2278 2327 2328 2279 
2370 2279 2328 2329 2280 
2371 2280 2329 2330 2281 
2372 2281 2330 2331 2282 
2373 2282 2331 2332 2283 
2374 2283 2332 2333 2284 
2375 2284 2333 2334 2285 
2376 2285 2334 2335 2286 
2377 2286 2335 2336 2287 
2378 2287 2336 2337 2288 
2379 2288 2337 2338 2289 
2380 2289 2338 2339 2290 
2381 2290 2339 2340 2291 
2382 2291 2340 2341 2292 
2383 2292 2341 2342 2293 
2384 2293 2342 2343 2294 
2385 2294 2343 2344 2295 
2386 2295 2344 2345 2296 
2387 2296 2345 2346 2297 
2388 2297 2346 2347 2298 
2389 2298 2347 2348 2299 
2390 2299 2348 2349 2300 
2391 2300 2349 2350 2301 
2392 2301 2350 2351 2302 
2393 2302 2351 2352 2303 
2394 2303 2352 2353 2304 
2395 2304 2353 2354 2305 
2396 2305 2354 2355 2306 
2397 2306 2355 2356 2307 
2398 2307 2356 2357 2308 
2399 2308 2357 2358 2309 
2400 2309 2358 2359 2310 
2401 2310 2359 2360 2311 
2402 2311 2360 2361 2312 
2403 2312 2361 2362 2313 
2404 2313 2362 166 167 
2405 290 291 2363 2314 
2406 2314 2363 2364 2315 
2407 2315 2364 2365 2316 
2408 2316 2365 2366 2317 
2409 2317 2366 2367 2318 
2410 2318 2367 2368 2319 
2411 2319 2368 2369 2320 
2412 2320 2369 2370 2321 
2413 2321 2370 2371 2322 
2414 2322 2371 2372 2323 
2415 2323 2372 2373 2324 
2416 2324 2373 2374 2325 
2417 2325 2374 2375 2326 
2418 2326 2375 2376 2327 
2419 2327 2376 2377 2328 
2420 2328 2377 2378 2329 
2421 2329 2378 2379 2330 
2422 2330 2379 2380 2331 
2423 2331 2380 2381 2332 
2424 2332 2381 2382 2333 
2425 2333 2382 2383 2334 
2426 2334 2383 2384 2335 
2427 2335 2384 2385 2336 
2428 2336 2385 2386 2337 
2429 2337 2386 2387 2338 
2430 2338 2387 2388 2339 
2431 2339 2388 2389 2340 
2432 2340 2389 2390 2341 
2433 2341 2390 2391 2342 
2434 2342 2391 2392 2343 
2435 2343 2392 2393 2344 
2436 2344 2393 2394 2345 
2437 2345 2394 2395 2346 
2438 2346 2395 2396 2347 
2439 2347 2396 2397 2348 
2440 2348 2397 2398 2349 
2441 2349 2398 2399 2350 
2442 2350 2399 2400 2351 
2443 2351 2400 2401 2352 
2444 2352 2401 2402 2353 
2445 2353 2402 2403 2354 
2446 2354 2403 2404 2355 
2447 2355 2404 2405 2356 
2448 2356 2405 2406 2357 
2449 2357 2406 2407 2358 
2450 2358 2407 2408 2359 
2451 2359 2408 2409 2360 
2452 2360 2409 2410 2361 
2453 2361 2410 2411 2362 
2454 2362 2411 165 166 
2455 291 292 2412 2363 
2456 2363 2412 2413 2364 
2457 2364 2413 2414 2365 
2458 2365 2414 2415 2366 
2459 2366 2415 2416 2367 
2460 2367 2416 2417 2368 
2461 2368 2417 2418 2369 
2462 2369 2418 2419 2370 
2463 2370 2419 2420 2371 
2464 2371 2420 2421 2372 
2465 2372 2421 2422 2373 
2466 2373 2422 2423 2374 
2467 2374 2423 2424 2375 
2468 2375 2424 2425 2376 
2469 2376 2425 2426 2377 
2470 2377 2426 2427 2378 
2471 2378 2427 2428 2379 
2472 2379 2428 2429 2380 
2473 2380 2429 2430 2381 
2474 2381 2430 2431 2382 
2475 2382 2431 2432 2383 
2476 2383 2432 2433 2384 
2477 2384 2433 2434 2385 
2478 2385 2434 2435 2386 
2479 2386 2435 2436 2387 
2480 2387 2436 2437 2388 
2481 2388 2437 2438 2389 
2482 2389 2438 2439 2390 
2483 2390 2439 2440 2391 
2484 2391 2440 2441 2392 
2485 2392 2441 2442 2393 
2486 2393 2442 2443 2394 
2487 2394 2443 2444 2395 
2488 2395 2444 2445 2396 
2489 2396 2445 2446 2397 
2490 2397 2446 2447 2398 
2491 2398 2447 2448 2399 
2492 2399 2448 2449 2400 
2493 2400 2449 2450 2401 
2494 2401 2450 2451 2402 
2495 2402 2451 2452 2403 
2496 2403 2452 2453 2404 
2497 2404 2453 2454 2405 
2498 2405 2454 2455 2406 
2499 2406 2455 2456 2407 
2500 2407 2456 2457 2408 
2501 2408 2457 2458 2409 
2502 2409 2458 2459 2410 
2503 2410 2459 2460 2411 
2504 2411 2460 164 165 
2505 292 293 2461 2412 
2506 2412 2461 2462 2413 
2507 2413 2462 2463 2414 
2508 2414 2463 2464 2415 
2509 2415 2464 2465 2416 
2510 2416 2465 2466 2417 
2511 2417 2466 2467 2418 
2512 2418 2467 2468 2419 
2513 2419 2468 2469 2420 
2514 2420 2469 2470 2421 
2515 2421 2470 2471 2422 
2516 2422 2471 2472 2423 
2517 2423 2472 2473 2424 
2518 2424 2473 2474 2425 
2519 2425 2474 2475 2426 
2520 2426 2475 2476 2427 
2521 2427 2476 2477 2428 
2522 2428 2477 2478 2429 
2523 2429 2478 2479 2430 
2524 2430 2479 2480 2431 
2525 2431 2480 2481 2432 
2526 2432 2481 2482 2433 
2527 2433 2482 2483 2434 
2528 2434 2483 2484 2435 
2529 2435 2484 2485 2436 
2530 2436 2485 2486 2437 
2531 2437 2486 2487 2438 
2532 2438 2487 2488 2439 
2533 2439 2488 2489 2440 
2534 2440 2489 2490 2441 
2535 2441 2490 2491 2442 
2536 2442 2491 2492 2443 
2537 2443 2492 2493 2444 
2538 2444 2493 2494 2445 
2539 2445 2494 2495 2446 
2540 2446 2495 2496 2447 
2541 2447 2496 2497 2448 
2542 2448 2497 2498 2449 
2543 2449 2498 2499 2450 
2544 2450 2499 2500 2451 
2545 2451 2500 2501 2452 
2546 2452 2501 2502 2453 
2547 2453 2502 2503 2454 
2548 2454 2503 2504 2455 
2549 2455 2504 2505 2456 
2550 2456 2505 2506 2457 
2551 2457 2506 2507 2458 
2552 2458 2507 2508 2459 
2553 2459 2508 2509 2460 
2554 2460 2509 163 164 
2555 293 294 2510 2461 
2556 2461 2510 2511 2462 
2557 2462 2511 2512 2463 
2558 2463 2512 2513 2464 
2559 2464 2513 2514 2465 
2560 2465 2514 2515 2466 
2561 2466 2515 2516 2467 
2562 2467 2516 2517 2468 
2563 2468 2517 2518 2469 
2564 2469 2518 2519 2470 
2565 2470 2519 2520 2471 
2566 2471 2520 2521 2472 
2567 2472 2521 2522 2473 
2568 2473 2522 2523 2474 
2569 2474 2523 2524 2475 
2570 2475 2524 2525 2476 
2571 2476 2525 2526 2477 
2572 2477 2526 2527 2478 
2573 2478 2527 2528 2479 
2574 2479 2528 2529 2480 
2575 2480 2529 2530 2481 
2576 2481 2530 2531 2482 
2577 2482 2531 2532 2483 
2578 2483 2532 2533 2484 
2579 2484 2533 2534 2485 
2580 2485 2534 2535 2486 
2581 2486 2535 2536 2487 
2582 2487 2536 2537 2488 
2583 2488 2537 2538 2489 
2584 2489 2538 2539 2490 
2585 2490 2539 2540 2491 
2586 2491 2540 2541 2492 
2587 2492 2541 2542 2493 
2588 2493 2542 2543 2494 
2589 2494 2543 2544 2495 
2590 2495 2544 2545 2496 
2591 2496 2545 2546 2497 
2592 2497 2546 2547 2498 
2593 2498 2547 2548 2499 
2594 2499 2548 2549 2500 
2595 2500 2549 2550 2501 
2596 2501 2550 2551 2502 
2597 2502 2551 2552 2503 
2598 2503 2552 2553 2504 
2599 2504 2553 2554 2505 
2600 2505 2554 2555 2506 
2601 2506 2555 2556 2507 
2602 2507 2556 2557 2508 
2603 2508 2557 2558 2509 
2604 2509 2558 162 163 
2605 294 295 2559 2510 
2606 2510 2559 2560 2511 
2607 2511 2560 2561 2512 
2608 2512 2561 2562 2513 
2609 2513 2562 2563 2514 
2610 2514 2563 2564 2515 
2611 2515 2564 2565 2516 
2612 2516 2565 2566 2517 
2613 2517 2566 2567 2518 
2614 2518 2567 2568 2519 
2615 2519 2568 2569 2520 
2616 2520 2569 2570 2521 
2617 2521 2570 2571 2522 
2618 2522 2571 2572 2523 
2619 2523 2572 2573 2524 
2620 2524 2573 2574 2525 
2621 2525 2574 2575 2526 
2622 2526 2575 2576 2527 
2623 2527 2576 2577 2528 
2624 2528 2577 2578 2529 
2625 2529 2578 2579 2530 
2626 2530 2579 2580 2531 
2627 2531 2580 2581 2532 
2628 2532 2581 2582 2533 
2629 2533 2582 2583 2534 
2630 2534 2583 2584 2535 
2631 2535 2584 2585 2536 
2632 2536 2585 2586 2537 
2633 2537 2586 2587 2538 
2634 2538 2587 2588 2539 
2635 2539 2588 2589 2540 
2636 2540 2589 2590 2541 
2637 2541 2590 2591 2542 
2638 2542 2591 2592 2543 
2639 2543 2592 2593 2544 
2640 2544 2593 2594 2545 
2641 2545 2594 2595 2546 
2642 2546 2595 2596 2547 
2643 2547 2596 2597 2548 
2644 2548 2597 2598 2549 
2645 2549 2598 2599 2550 
2646 2550 2599 2600 2551 
2647 2551 2600 2601 2552 
2648 2552 2601 2602 2553 
2649 2553 2602 2603 2554 
2650 2554 2603 2604 2555 
2651 2555 2604 2605 2556 
2652 2556 2605 2606 2557 
2653 2557 2606 2607 2558 
2654 2558 2607 161 162 
2655 295 296 2608 2559 
2656 2559 2608 2609 2560 
2657 2560 2609 2610 2561 
2658 2561 2610 2611 2562 
2659 2562 2611 2612 2563 
2660 2563 2612 2613 2564 
2661 2564 2613 2614 2565 
2662 2565 2614 2615 2566 
2663 2566 2615 2616 2567 
2664 2567 2616 2617 2568 
2665 2568 2617 2618 2569 
2666 2569 2618 2619 2570 
2667 2570 2619 2620 2571 
2668 2571 2620 2621 2572 
2669 2572 2621 2622 2573 
2670 2573 2622 2623 2574 
2671 2574 2623 2624 2575 
2672 2575 2624 2625 2576 
2673 2576 2625 2626 2577 
2674 2577 2626 2627 2578 
2675 2578 2627 2628 2579 
2676 2579 2628 2629 2580 
2677 2580 2629 2630 2581 
2678 2581 2630 2631 2582 
2679 2582 2631 2632 2583 
2680 2583 2632 2633 2584 
2681 2584 2633 2634 2585 
2682 2585 2634 2635 2586 
2683 2586 2635 2636 2587 
2684 2587 2636 2637 2588 
2685 2588 2637 2638 2589 
2686 2589 2638 2639 2590 
2687 2590 2639 2640 2591 
2688 2591 2640 2641 2592 
2689 2592 2641 2642 2593 
2690 2593 2642 2643 2594 
2691 2594 2643 2644 2595 
2692 2595 2644 2645 2596 
2693 2596 2645 2646 2597 
2694 2597 2646 2647 2598 
2695 2598 2647 2648 2599 
2696 2599 2648 2649 2600 
2697 2600 2649 2650 2601 
2698 2601 2650 2651 2602 
2699 2602 2651 2652 2603 
2700 2603 2652 2653 2604 
2701 2604 2653 2654 2605 
2702 2605 2654 2655 2606 
2703 2606 2655 2656 2607 
2704 2607 2656 160 161 
2705 296 297 2657 2608 
2706 2608 2657 2658 2609 
2707 2609 2658 2659 2610 
2708 2610 2659 2660 2611 
2709 2611 2660 2661 2612 
2710 2612 2661 2662 2613 
2711 2613 2662 2663 2614 
2712 2614 2663 2664 2615 
2713 2615 2664 2665 2616 
2714 2616 2665 2666 2617 
2715 2617 2666 2667 2618 
2716 2618 2667 2668 2619 
2717 2619 2668 2669 2620 
2718 2620 2669 2670 2621 
2719 2621 2670 2671 2622 
2720 2622 2671 2672 2623 
2721 2623 2672 2673 2624 
2722 2624 2673 2674 2625 
2723 2625 2674 2675 2626 
2724 2626 2675 2676 2627 
2725 2627 2676 2677 2628 
2726 2628 2677 2678 2629 
2727 2629 2678 2679 2630 
2728 2630 2679 2680 2631 
2729 2631 2680 2681 2632 
2730 2632 2681 2682 2633 
2731 2633 2682 2683 2634 
2732 2634 2683 2684 2635 
2733 2635 2684 2685 2636 
2734 2636 2685 2686 2637 
2735 2637 2686 2687 2638 
2736 2638 2687 2688 2639 
2737 2639 2688 2689 2640 
2738 2640 2689 2690 2641 
2739 2641 2690 2691 2642 
2740 2642 2691 2692 2643 
2741 2643 2692 2693 2644 
2742 2644 2693 2694 2645 
2743 2645 2694 2695 2646 
2744 2646 2695 2696 2647 
2745 2647 2696 2697 2648 
2746 2648 2697 2698 2649 
2747 2649 2698 2699 2650 
2748 2650 2699 2700 2651 
2749 2651 2700 2701 2652 
2750 2652 2701 2702 2653 
2751 2653 2702 2703 2654 
2752 2654 2703 2704 2655 
2753 2655 2704 2705 2656 
2754 2656 2705 159 160 
2755 297 298 2706 2657 
2756 2657 2706 2707 2658 
2757 2658 2707 2708 2659 
2758 2659 2708 2709 2660 
2759 2660 2709 2710 2661 
2760 2661 2710 2711 2662 
2761 2662 2711 2712 2663 
2762 2663 2712 2713 2664 
2763 2664 2713 2714 2665 
2764 2665 2714 2715 2666 
2765 2666 2715 2716 2667 
2766 2667 2716 2717 2668 
2767 2668 2717 2718 2669 
2768 2669 2718 2719 2670 
2769 2670 2719 2720 2671 
2770 2671 2720 2721 2672 
2771 2672 2721 2722 2673 
2772 2673 2722 2723 2674 
2773 2674 2723 2724 2675 
2774 2675 2724 2725 2676 
2775 2676 2725 2726 2677 
2776 2677 2726 2727 2678 
2777 2678 2727 2728 2679 
2778 2679 2728 2729 2680 
2779 2680 2729 2730 2681 
2780 2681 2730 2731 2682 
2781 2682 2731 2732 2683 
2782 2683 2732 2733 2684 
2783 2684 2733 2734 2685 
2784 2685 2734 2735 2686 
2785 2686 2735 2736 2687 
2786 2687 2736 2737 2688 
2787 2688 2737 2738 2689 
2788 2689 2738 2739 2690 
2789 2690 2739 2740 2691 
2790 2691 2740 2741 2692 
2791 2692 2741 2742 2693 
2792 2693 2742 2743 2694 
2793 2694 2743 2744 2695 
2794 2695 2744 2745 2696 
2795 2696 2745 2746 2697 
2796 2697 2746 2747 2698 
2797 2698 2747 2748 2699 
2798 2699 2748 2749 2700 
2799 2700 2749 2750 2701 
2800 2701 2750 2751 2702 
2801 2702 2751 2752 2703 
2802 2703 2752 2753 2704 
2803 2704 2753 2754 2705 
2804 2705 2754 158 159 
2805 298 299 2755 2706 
2806 2706 2755 2756 2707 
2807 2707 2756 2757 2708 
2808 2708 2757 2758 2709 
2809 2709 2758 2759 2710 
2810 2710 2759 2760 2711 
2811 2711 2760 2761 2712 
2812 2712 2761 2762 2713 
2813 2713 2762 2763 2714 
2814 2714 2763 2764 2715 
2815 2715 2764 2765 2716 
2816 2716 2765 2766 2717 
2817 2717 2766 2767 2718 
2818 2718 2767 2768 2719 
2819 2719 2768 2769 2720 
2820 2720 2769 2770 2721 
2821 2721 2770 2771 2722 
2822 2722 2771 2772 2723 
2823 2723 2772 2773 2724 
2824 2724 2773 2774 2725 
2825 2725 2774 2775 2726 
2826 2726 2775 2776 2727 
2827 2727 2776 2777 2728 
2828 2728 2777 2778 2729 
2829 2729 2778 2779 2730 
2830 2730 2779 2780 2731 
2831 2731 2780 2781 2732 
2832 2732 2781 2782 2733 
2833 2733 2782 2783 2734 
2834 2734 2783 2784 2735 
2835 2735 2784 2785 2736 
2836 2736 2785 2786 2737 
2837 2737 2786 2787 2738 
2838 2738 2787 2788 2739 
2839 2739 2788 2789 2740 
2840 2740 2789 2790 2741 
2841 2741 2790 2791 2742 
2842 2742 2791 2792 2743 
2843 2743 2792 2793 2744 
2844 2744 2793 2794 2745 
2845 2745 2794 2795 2746 
2846 2746 2795 2796 2747 
2847 2747 2796 2797 2748 
2848 2748 2797 2798 2749 
2849 2749 2798 2799 2750 
2850 2750 2799 2800 2751 
2851 2751 2800 2801 2752 
2852 2752 2801 2802 2753 
2853 2753 2802 2803 2754 
2854 2754 2803 157 158 
2855 299 300 2804 2755 
2856 2755 2804 2805 2756 
2857 2756 2805 2806 2757 
2858 2757 2806 2807 2758 
2859 2758 2807 2808 2759 
2860 2759 2808 2809 2760 
2861 2760 2809 2810 2761 
2862 2761 2810 2811 2762 
2863 2762 2811 2812 2763 
2864 2763 2812 2813 2764 
2865 2764 2813 2814 2765 
2866 2765 2814 2815 2766 
2867 2766 2815 2816 2767 
2868 2767 2816 2817 2768 
2869 2768 2817 2818 2769 
2870 2769 2818 2819 2770 
2871 2770 2819 2820 2771 
2872 2771 2820 2821 2772 
2873 2772 2821 2822 2773 
2874 2773 2822 2823 2774 
2875 2774 2823 2824 2775 
2876 2775 2824 2825 2776 
2877 2776 2825 2826 2777 
2878 2777 2826 2827 2778 
2879 2778 2827 2828 2779 
2880 2779 2828 2829 2780 
2881 2780 2829 2830 2781 
2882 2781 2830 2831 2782 
2883 2782 2831 2832 2783 
2884 2783 2832 2833 2784 
2885 2784 2833 2834 2785 
2886 2785 2834 2835 2786 
2887 2786 2835 2836 2787 
2888 2787 2836 2837 2788 
2889 2788 2837 2838 2789 
2890 2789 2838 2839 2790 
2891 2790 2839 2840 2791 
2892 2791 2840 2841 2792 
2893 2792 2841 2842 2793 
2894 2793 2842 2843 2794 
2895 2794 2843 2844 2795 
2896 2795 2844 2845 2796 
2897 2796 2845 2846 2797 
2898 2797 2846 2847 2798 
2899 2798 2847 2848 2799 
2900 2799 2848 2849 2800 
2901 2800 2849 2850 2801 
2902 2801 2850 2851 2802 
2903 2802 2851 2852 2803 
2904 2803 2852 156 157 
2905 300 301 2853 2804 
2906 2804 2853 2854 2805 
2907 2805 2854 2855 2806 
2908 2806 2855 2856 2807 
2909 2807 2856 2857 2808 
2910 2808 2857 2858 2809 
2911 2809 2858 2859 2810 
2912 2810 2859 2860 2811 
2913 2811 2860 2861 2812 
2914 2812 2861 2862 2813 
2915 2813 2862 2863 2814 
2916 2814 2863 2864 2815 
2917 2815 2864 2865 2816 
2918 2816 2865 2866 2817 
2919 2817 2866 2867 2818 
2920 2818 2867 2868 2819 
2921 2819 2868 2869 2820 
2922 2820 2869 2870 2821 
2923 2821 2870 2871 2822 
2924 2822 2871 2872 2823 
2925 2823 2872 2873 2824 
2926 2824 2873 2874 2825 
2927 2825 2874 2875 2826 
2928 2826 2875 2876 2827 
2929 2827 2876 2877 2828 
2930 2828 2877 2878 2829 
2931 2829 2878 2879 2830 
2932 2830 2879 2880 2831 
2933 2831 2880 2881 2832 
2934 2832 2881 2882 2833 
2935 2833 2882 2883 2834 
2936 2834 2883 2884 2835 
2937 2835 2884 2885 2836 
2938 2836 2885 2886 2837 
2939 2837 2886 2887 2838 
2940 2838 2887 2888 2839 
2941 2839 2888 2889 2840 
2942 2840 2889 2890 2841 
2943 2841 2890 2891 2842 
2944 2842 2891 2892 2843 
2945 2843 2892 2893 2844 
2946 2844 2893 2894 2845 
2947 2845 2894 2895 2846 
2948 2846 2895 2896 2847 
2949 2847 2896 2897 2848 
2950 2848 2897 2898 2849 
2951 2849 2898 2899 2850 
2952 2850 2899 2900 2851 
2953 2851 2900 2901 2852 
2954 2852 2901 155 156 
2955 301 302 2902 2853 
2956 2853 2902 2903 2854 
2957 2854 2903 2904 2855 
2958 2855 2904 2905 2856 
2959 2856 2905 2906 2857 
2960 2857 2906 2907 2858 
2961 2858 2907 2908 2859 
2962 2859 2908 2909 2860 
2963 2860 2909 2910 2861 
2964 2861 2910 2911 2862 
2965 2862 2911 2912 2863 
2966 2863 2912 2913 2864 
2967 2864 2913 2914 2865 
2968 2865 2914 2915 2866 
2969 2866 2915 2916 2867 
2970 2867 2916 2917 2868 
2971 2868 2917 2918 2869 
2972 2869 2918 2919 2870 
2973 2870 2919 2920 2871 
2974 2871 2920 2921 2872 
2975 2872 2921 2922 2873 
2976 2873 2922 2923 2874 
2977 2874 2923 2924 2875 
2978 2875 2924 2925 2876 
2979 2876 2925 2926 2877 
2980 2877 2926 2927 2878 
2981 2878 2927 2928 2879 
2982 2879 2928 2929 2880 
2983 2880 2929 2930 2881 
2984 2881 2930 2931 2882 
2985 2882 2931 2932 2883 
2986 2883 2932 2933 2884 
2987 2884 2933 2934 2885 
2988 2885 2934 2935 2886 
2989 2886 2935 2936 2887 
2990 2887 2936 2937 2888 
2991 2888 2937 2938 2889 
2992 2889 2938 2939 2890 
2993 2890 2939 2940 2891 
2994 2891 2940 2941 2892 
2995 2892 2941 2942 2893 
2996 2893 2942 2943 2894 
2997 2894 2943 2944 2895 
2998 2895 2944 2945 2896 
2999 2896 2945 2946 2897 
3000 2897 2946 2947 2898 
3001 2898 2947 2948 2899 
3002 2899 2948 2949 2900 
3003 2900 2949 2950 2901 
3004 2901 2950 154 155 
3005 302 303 2951 2902 
3006 2902 2951 2952 2903 
3007 2903 2952 2953 2904 
3008 2904 2953 2954 2905 
3009 2905 2954 2955 2906 
3010 2906 2955 2956 2907 
3011 2907 2956 2957 2908 
3012 2908 2957 2958 2909 
3013 2909 2958 2959 2910 
3014 2910 2959 2960 2911 
3015 2911 2960 2961 2912 
3016 2912 2961 2962 2913 
3017 2913 2962 2963 2914 
3018 2914 2963 2964 2915 
3019 2915 2964 2965 2916 
3020 2916 2965 2966 2917 
3021 2917 2966 2967 2918 
3022 2918 2967 2968 2919 
3023 2919 2968 2969 2920 
3024 2920 2969 2970 2921 
3025 2921 2970 2971 2922 
3026 2922 2971 2972 2923 
3027 2923 2972 2973 2924 
3028 2924 2973 2974 2925 
3029 2925 2974 2975 2926 
3030 2926 2975 2976 2927 
3031 2927 2976 2977 2928 
3032 2928 2977 2978 2929 
3033 2929 2978 2979 2930 
3034 2930 2979 2980 2931 
3035 2931 2980 2981 2932 
3036 2932 2981 2982 2933 
3037 2933 2982 2983 2934 
3038 2934 2983 2984 2935 
3039 2935 2984 2985 2936 
3040 2936 2985 2986 2937 
3041 2937 2986 2987 2938 
3042 2938 2987 2988 2939 
3043 2939 2988 2989 2940 
3044 2940 2989 2990 2941 
3045 2941 2990 2991 2942 
3046 2942 2991 2992 2943 
3047 2943 2992 2993 2944 
3048 2944 2993 2994 2945 
3049 2945 2994 2995 2946 
3050 2946 2995 2996 2947 
3051 2947 2996 2997 2948 
3052 2948 2997 2998 2949 
3053 2949 2998 2999 2950 
3054 2950 2999 153 154 
3055 303 304 3000 2951 
3056 2951 3000 3001 2952 
3057 2952 3001 3002 2953 
3058 2953 3002 3003 2954 
3059 2954 3003 3004 2955 
3060 2955 3004 3005 2956 
3061 2956 3005 3006 2957 
3062 2957 3006 3007 2958 
3063 2958 3007 3008 2959 
3064 2959 3008 3009 2960 
3065 2960 3009 3010 2961 
3066 2961 3010 3011 2962 
3067 2962 3011 3012 2963 
3068 2963 3012 3013 2964 
3069 2964 3013 3014 2965 
3070 2965 3014 3015 2966 
3071 2966 3015 3016 2967 
3072 2967 3016 3017 2968 
3073 2968 3017 3018 2969 
3074 2969 3018 3019 2970 
3075 2970 3019 3020 2971 
3076 2971 3020 3021 2972 
3077 2972 3021 3022 2973 
3078 2973 3022 3023 2974 
3079 2974 3023 3024 2975 
3080 2975 3024 3025 2976 
3081 2976 3025 3026 2977 
3082 2977 3026 3027 2978 
3083 2978 3027 3028 2979 
3084 2979 3028 3029 2980 
3085 2980 3029 3030 2981 
3086 2981 3030 3031 2982 
3087 2982 3031 3032 2983 
3088 2983 3032 3033 2984 
3089 2984 3033 3034 2985 
3090 2985 3034 3035 2986 
3091 2986 3035 3036 2987 
3092 2987 3036 3037 2988 
3093 2988 3037 3038 2989 
3094 2989 3038 3039 2990 
3095 2990 3039 3040 2991 
3096 2991 3040 3041 2992 
3097 2992 3041 3042 2993 
3098 2993 3042 3043 2994 
3099 2994 3043 3044 2995 
3100 2995 3044 3045 2996 
3101 2996 3045 3046 2997 
3102 2997 3046 3047 2998 
3103 2998 3047 3048 2999 
3104 2999 3048 152 153 
3105 304 305 3049 3000 
3106 3000 3049 3050 3001 
3107 3001 3050 3051 3002 
3108 3002 3051 3052 3003 
3109 3003 3052 3053 3004 
3110 3004 3053 3054 3005 
3111 3005 3054 3055 3006 
3112 3006 3055 3056 3007 
3113 3007 3056 3057 3008 
3114 3008 3057 3058 3009 
3115 3009 3058 3059 3010 
3116 3010 3059 3060 3011 
3117 3011 3060 3061 3012 
3118 3012 3061 3062 3013 
3119 3013 3062 3063 3014 
3120 3014 3063 3064 3015 
3121 3015 3064 3065 3016 
3122 3016 3065 3066 3017 
3123 3017 3066 3067 3018 
3124 3018 3067 3068 3019 
3125 3019 3068 3069 3020 
3126 3020 3069 3070 3021 
3127 3021 3070 3071 3022 
3128 3022 3071 3072 3023 
3129 3023 3072 3073 3024 
3130 3024 3073 3074 3025 
3131 3025 3074 3075 3026 
3132 3026 3075 3076 3027 
3133 3027 3076 3077 3028 
3134 3028 3077 3078 3029 
3135 3029 3078 3079 3030 
3136 3030 3079 3080 3031 
3137 3031 3080 3081 3032 
3138 3032 3081 3082 3033 
3139 3033 3082 3083 3034 
3140 3034 3083 3084 3035 
3141 3035 3084 3085 3036 
3142 3036 3085 3086 3037 
3143 3037 3086 3087 3038 
3144 3038 3087 3088 3039 
3145 3039 3088 3089 3040 
3146 3040 3089 3090 3041 
3147 3041 3090 3091 3042 
3148 3042 3091 3092 3043 
3149 3043 3092 3093 3044 
3150 3044 3093 3094 3045 
3151 3045 3094 3095 3046 
3152 3046 3095 3096 3047 
3153 3047 3096 3097 3048 
3154 3048 3097 151 152 
3155 305 306 3098 3049 
3156 3049 3098 3099 3050 
3157 3050 3099 3100 3051 
3158 3051 3100 3101 3052 
3159 3052 3101 3102 3053 
3160 3053 3102 3103 3054 
3161 3054 3103 3104 3055 
3162 3055 3104 3105 3056 
3163 3056 3105 3106 3057 
3164 3057 3106 3107 3058 
3165 3058 3107 3108 3059 
3166 3059 3108 3109 3060 
3167 3060 3109 3110 3061 
3168 3061 3110 3111 3062 
3169 3062 3111 3112 3063 
3170 3063 3112 3113 3064 
3171 3064 3113 3114 3065 
3172 3065 3114 3115 3066 
3173 3066 3115 3116 3067 
3174 3067 3116 3117 3068 
3175 3068 3117 3118 3069 
3176 3069 3118 3119 3070 
3177 3070 3119 3120 3071 
3178 3071 3120 3121 3072 
3179 3072 3121 3122 3073 
3180 3073 3122 3123 3074 
3181 3074 3123 3124 3075 
3182 3075 3124 3125 3076 
3183 3076 3125 3126 3077 
3184 3077 3126 3127 3078 
3185 3078 3127 3128 3079 
3186 3079 3128 3129 3080 
3187 3080 3129 3130 3081 
3188 3081 3130 3131 3082 
3189 3082 3131 3132 3083 
3190 3083 3132 3133 3084 
3191 3084 3133 3134 3085 
3192 3085 3134 3135 3086 
3193 3086 3135 3136 3087 
3194 3087 3136 3137 3088 
3195 3088 3137 3138 3089 
3196 3089 3138 3139 3090 
3197 3090 3139 3140 3091 
3198 3091 3140 3141 3092 
3199 3092 3141 3142 3093 
3200 3093 3142 3143 3094 
3201 3094 3143 3144 3095 
3202 3095 3144 3145 3096 
3203 3096 3145 3146 3097 
3204 3097 3146 150 151 
3205 306 307 3147 3098 
3206 3098 3147 3148 3099 
3207 3099 3148 3149 3100 
3208 3100 3149 3150 3101 
3209 3101 3150 3151 3102 
3210 3102 3151 3152 3103 
3211 3103 3152 3153 3104 
3212 3104 3153 3154 3105 
3213 3105 3154 3155 3106 
3214 3106 3155 3156 3107 
3215 3107 3156 3157 3108 
3216 3108 3157 3158 3109 
3217 3109 3158 3159 3110 
3218 3110 3159 3160 3111 
3219 3111 3160 3161 3112 
3220 3112 3161 3162 3113 
3221 3113 3162 3163 3114 
3222 3114 3163 3164 3115 
3223 3115 3164 3165 3116 
3224 3116 3165 3166 3117 
3225 3117 3166 3167 3118 
3226 3118 3167 3168 3119 
3227 3119 3168 3169 3120 
3228 3120 3169 3170 3121 
3229 3121 3170 3171 3122 
3230 3122 3171 3172 3123 
3231 3123 3172 3173 3124 
3232 3124 3173 3174 3125 
3233 3125 3174 3175 3126 
3234 3126 3175 3176 3127 
3235 3127 3176 3177 3128 
3236 3128 3177 3178 3129 
3237 3129 3178 3179 3130 
3238 3130 3179 3180 3131 
3239 3131 3180 3181 3132 
3240 3132 3181 3182 3133 
3241 3133 3182 3183 3134 
3242 3134 3183 3184 3135 
3243 3135 3184 3185 3136 
3244 3136 3185 3186 3137 
3245 3137 3186 3187 3138 
3246 3138 3187 3188 3139 
3247 3139 3188 3189 3140 
3248 3140 3189 3190 3141 
3249 3141 3190 3191 3142 
3250 3142 3191 3192 3143 
3251 3143 3192 3193 3144 
3252 3144 3193 3194 3145 
3253 3145 3194 3195 3146 
3254 3146 3195 149 150 
3255 307 308 3196 3147 
3256 3147 3196 3197 3148 
3257 3148 3197 3198 3149 
3258 3149 3198 3199 3150 
3259 3150 3199 3200 3151 
3260 3151 3200 3201 3152 
3261 3152 3201 3202 3153 
3262 3153 3202 3203 3154 
3263 3154 3203 3204 3155 
3264 3155 3204 3205 3156 
3265 3156 3205 3206 3157 
3266 3157 3206 3207 3158 
3267 3158 3207 3208 3159 
3268 3159 3208 3209 3160 
3269 3160 3209 3210 3161 
3270 3161 3210 3211 3162 
3271 3162 3211 3212 3163 
3272 3163 3212 3213 3164 
3273 3164 3213 3214 3165 
3274 3165 3214 3215 3166 
3275 3166 3215 3216 3167 
3276 3167 3216 3217 3168 
3277 3168 3217 3218 3169 
3278 3169 3218 3219 3170 
3279 3170 3219 3220 3171 
3280 3171 3220 3221 3172 
3281 3172 3221 3222 3173 
3282 3173 3222 3223 3174 
3283 3174 3223 3224 3175 
3284 3175 3224 3225 3176 
3285 3176 3225 3226 3177 
3286 3177 3226 3227 3178 
3287 3178 3227 3228 3179 
3288 3179 3228 3229 3180 
3289 3180 3229 3230 3181 
3290 3181 3230 3231 3182 
3291 3182 3231 3232 3183 
3292 3183 3232 3233 3184 
3293 3184 3233 3234 3185 
3294 3185 3234 3235 3186 
3295 3186 3235 3236 3187 
3296 3187 3236 3237 3188 
3297 3188 3237 3238 3189 
3298 3189 3238 3239 3190 
3299 3190 3239 3240 3191 
3300 3191 3240 3241 3192 
3301 3192 3241 3242 3193 
3302 3193 3242 3243 3194 
3303 3194 3243 3244 3195 
3304 3195 3244 148 149 
3305 308 309 3245 3196 
3306 3196 3245 3246 3197 
3307 3197 3246 3247 3198 
3308 3198 3247 3248 3199 
3309 3199 3248 3249 3200 
3310 3200 3249 3250 3201 
3311 3201 3250 3251 3202 
3312 3202 3251 3252 3203 
3313 3203 3252 3253 3204 
3314 3204 3253 3254 3205 
3315 3205 3254 3255 3206 
3316 3206 3255 3256 3207 
3317 3207 3256 3257 3208 
3318 3208 3257 3258 3209 
3319 3209 3258 3259 3210 
3320 3210 3259 3260 3211 
3321 3211 3260 3261 3212 
3322 3212 3261 3262 3213 
3323 3213 3262 3263 3214 
3324 3214 3263 3264 3215 
3325 3215 3264 3265 3216 
3326 3216 3265 3266 3217 
3327 3217 3266 3267 3218 
3328 3218 3267 3268 3219 
3329 3219 3268 3269 3220 
3330 3220 3269 3270 3221 
3331 3221 3270 3271 3222 
3332 3222 3271 3272 3223 
3333 3223 3272 3273 3224 
3334 3224 3273 3274 3225 
3335 3225 3274 3275 3226 
3336 3226 3275 3276 3227 
3337 3227 3276 3277 3228 
3338 3228 3277 3278 3229 
3339 3229 3278 3279 3230 
3340 3230 3279 3280 3231 
3341 3231 3280 3281 3232 
3342 3232 3281 3282 3233 
3343 3233 3282 3283 3234 
3344 3234 3283 3284 3235 
3345 3235 3284 3285 3236 
3346 3236 3285 3286 3237 
3347 3237 3286 3287 3238 
3348 3238 3287 3288 3239 
3349 3239 3288 3289 3240 
3350 3240 3289 3290 3241 
3351 3241 3290 3291 3242 
3352 3242 3291 3292 3243 
3353 3243 3292 3293 3244 
3354 3244 3293 147 148 
3355 309 310 3294 3245 
3356 3245 3294 3295 3246 
3357 3246 3295 3296 3247 
3358 3247 3296 3297 3248 
3359 3248 3297 3298 3249 
3360 3249 3298 3299 3250 
3361 3250 3299 3300 3251 
3362 3251 3300 3301 3252 
3363 3252 3301 3302 3253 
3364 3253 3302 3303 3254 
3365 3254 3303 3304 3255 
3366 3255 3304 3305 3256 
3367 3256 3305 3306 3257 
3368 3257 3306 3307 3258 
3369 3258 3307 3308 3259 
3370 3259 3308 3309 3260 
3371 3260 3309 3310 3261 
3372 3261 3310 3311 3262 
3373 3262 3311 3312 3263 
3374 3263 3312 3313 3264 
3375 3264 3313 3314 3265 
3376 3265 3314 3315 3266 
3377 3266 3315 3316 3267 
3378 3267 3316 3317 3268 
3379 3268 3317 3318 3269 
3380 3269 3318 3319 3270 
3381 3270 3319 3320 3271 
3382 3271 3320 3321 3272 
3383 3272 3321 3322 3273 
3384 3273 3322 3323 3274 
3385 3274 3323 3324 3275 
3386 3275 3324 3325 3276 
3387 3276 3325 3326 3277 
3388 3277 3326 3327 3278 
3389 3278 3327 3328 3279 
3390 3279 3328 3329 3280 
3391 3280 3329 3330 3281 
3392 3281 3330 3331 3282 
3393 3282 3331 3332 3283 
3394 3283 3332 3333 3284 
3395 3284 3333 3334 3285 
3396 3285 3334 3335 3286 
3397 3286 3335 3336 3287 
3398 3287 3336 3337 3288 
3399 3288 3337 3338 3289 
3400 3289 3338 3339 3290 
3401 3290 3339 3340 3291 
3402 3291 3340 3341 3292 
3403 3292 3341 3342 3293 
3404 3293 3342 146 147 
3405 310 311 3343 3294 
3406 3294 3343 3344 3295 
3407 3295 3344 3345 3296 
3408 3296 3345 3346 3297 
3409 3297 3346 3347 3298 
3410 3298 3347 3348 3299 
3411 3299 3348 3349 3300 
3412 3300 3349 3350 3301 
3413 3301 3350 3351 3302 
3414 3302 3351 3352 3303 
3415 3303 3352 3353 3304 
3416 3304 3353 3354 3305 
3417 3305 3354 3355 3306 
3418 3306 3355 3356 3307 
3419 3307 3356 3357 3308 
3420 3308 3357 3358 3309 
3421 3309 3358 3359 3310 
3422 3310 3359 3360 3311 
3423 3311 3360 3361 3312 
3424 3312 3361 3362 3313 
3425 3313 3362 3363 3314 
3426 3314 3363 3364 3315 
3427 3315 3364 3365 3316 
3428 3316 3365 3366 3317 
3429 3317 3366 3367 3318 
3430 3318 3367 3368 3319 
3431 3319 3368 3369 3320 
3432 3320 3369 3370 3321 
3433 3321 3370 3371 3322 
3434 3322 3371 3372 3323 
3435 3323 3372 3373 3324 
3436 3324 3373 3374 3325 
3437 3325 3374 3375 3326 
3438 3326 3375 3376 3327 
3439 3327 3376 3377 3328 
3440 3328 3377 3378 3329 
3441 3329 3378 3379 3330 
3442 3330 3379 3380 3331 
3443 3331 3380 3381 3332 
3444 3332 3381 3382 3333 
3445 3333 3382 3383 3334 
3446 3334 3383 3384 3335 
3447 3335 3384 3385 3336 
3448 3336 3385 3386 3337 
3449 3337 3386 3387 3338 
3450 3338 3387 3388 3339 
3451 3339 3388 3389 3340 
3452 3340 3389 3390 3341 
3453 3341 3390 3391 3342 
3454 3342 3391 145 146 
3455 311 312 3392 3343 
3456 3343 3392 3393 3344 
3457 3344 3393 3394 3345 
3458 3345 3394 3395 3346 
3459 3346 3395 3396 3347 
3460 3347 3396 3397 3348 
3461 3348 3397 3398 3349 
3462 3349 3398 3399 3350 
3463 3350 3399 3400 3351 
3464 3351 3400 3401 3352 
3465 3352 3401 3402 3353 
3466 3353 3402 3403 3354 
3467 3354 3403 3404 3355 
3468 3355 3404 3405 3356 
3469 3356 3405 3406 3357 
3470 3357 3406 3407 3358 
3471 3358 3407 3408 3359 
3472 3359 3408 3409 3360 
3473 3360 3409 3410 3361 
3474 3361 3410 3411 3362 
3475 3362 3411 3412 3363 
3476 3363 3412 3413 3364 
3477 3364 3413 3414 3365 
3478 3365 3414 3415 3366 
3479 3366 3415 3416 3367 
3480 3367 3416 3417 3368 
3481 3368 3417 3418 3369 
3482 3369 3418 3419 3370 
3483 3370 3419 3420 3371 
3484 3371 3420 3421 3372 
3485 3372 3421 3422 3373 
3486 3373 3422 3423 3374 
3487 3374 3423 3424 3375 
3488 3375 3424 3425 3376 
3489 3376 3425 3426 3377 
3490 3377 3426 3427 3378 
3491 3378 3427 3428 3379 
3492 3379 3428 3429 3380 
3493 3380 3429 3430 3381 
3494 3381 3430 3431 3382 
3495 3382 3431 3432 3383 
3496 3383 3432 3433 3384 
3497 3384 3433 3434 3385 
3498 3385 3434 3435 3386 
3499 3386 3435 3436 3387 
3500 3387 3436 3437 3388 
3501 3388 3437 3438 3389 
3502 3389 3438 3439 3390 
3503 3390 3439 3440 3391 
3504 3391 3440 144 145 
3505 312 313 3441 3392 
3506 3392 3441 3442 3393 
3507 3393 3442 3443 3394 
3508 3394 3443 3444 3395 
3509 3395 3444 3445 3396 
3510 3396 3445 3446 3397 
3511 3397 3446 3447 3398 
3512 3398 3447 3448 3399 
3513 3399 3448 3449 3400 
3514 3400 3449 3450 3401 
3515 3401 3450 3451 3402 
3516 3402 3451 3452 3403 
3517 3403 3452 3453 3404 
3518 3404 3453 3454 3405 
3519 3405 3454 3455 3406 
3520 3406 3455 3456 3407 
3521 3407 3456 3457 3408 
3522 3408 3457 3458 3409 
3523 3409 3458 3459 3410 
3524 3410 3459 3460 3411 
3525 3411 3460 3461 3412 
3526 3412 3461 3462 3413 
3527 3413 3462 3463 3414 
3528 3414 3463 3464 3415 
3529 3415 3464 3465 3416 
3530 3416 3465 3466 3417 
3531 3417 3466 3467 3418 
3532 3418 3467 3468 3419 
3533 3419 3468 3469 3420 
3534 3420 3469 3470 3421 
3535 3421 3470 3471 3422 
3536 3422 3471 3472 3423 
3537 3423 3472 3473 3424 
3538 3424 3473 3474 3425 
3539 3425 3474 3475 3426 
3540 3426 3475 3476 3427 
3541 3427 3476 3477 3428 
3542 3428 3477 3478 3429 
3543 3429 3478 3479 3430 
3544 3430 3479 3480 3431 
3545 3431 3480 3481 3432 
3546 3432 3481 3482 3433 
3547 3433 3482 3483 3434 
3548 3434 3483 3484 3435 
3549 3435 3484 3485 3436 
3550 3436 3485 3486 3437 
3551 3437 3486 3487 3438 
3552 3438 3487 3488 3439 
3553 3439 3488 3489 3440 
3554 3440 3489 143 144 
3555 313 314 3490 3441 
3556 3441 3490 3491 3442 
3557 3442 3491 3492 3443 
3558 3443 3492 3493 3444 
3559 3444 3493 3494 3445 
3560 3445 3494 3495 3446 
3561 3446 3495 3496 3447 
3562 3447 3496 3497 3448 
3563 3448 3497 3498 3449 
3564 3449 3498 3499 3450 
3565 3450 3499 3500 3451 
3566 3451 3500 3501 3452 
3567 3452 3501 3502 3453 
3568 3453 3502 3503 3454 
3569 3454 3503 3504 3455 
3570 3455 3504 3505 3456 
3571 3456 3505 3506 3457 
3572 3457 3506 3507 3458 
3573 3458 3507 3508 3459 
3574 3459 3508 3509 3460 
3575 3460 3509 3510 3461 
3576 3461 3510 3511 3462 
3577 3462 3511 3512 3463 
3578 3463 3512 3513 3464 
3579 3464 3513 3514 3465 
3580 3465 3514 3515 3466 
3581 3466 3515 3516 3467 
3582 3467 3516 3517 3468 
3583 3468 3517 3518 3469 
3584 3469 3518 3519 3470 
3585 3470 3519 3520 3471 
3586 3471 3520 3521 3472 
3587 3472 3521 3522 3473 
3588 3473 3522 3523 3474 
3589 3474 3523 3524 3475 
3590 3475 3524 3525 3476 
3591 3476 3525 3526 3477 
3592 3477 3526 3527 3478 
3593 3478 3527 3528 3479 
3594 3479 3528 3529 3480 
3595 3480 3529 3530 3481 
3596 3481 3530 3531 3482 
3597 3482 3531 3532 3483 
3598 3483 3532 3533 3484 
3599 3484 3533 3534 3485 
3600 3485 3534 3535 3486 
3601 3486 3535 3536 3487 
3602 3487 3536 3537 3488 
3603 3488 3537 3538 3489 
3604 3489 3538 142 143 
3605 314 315 3539 3490 
3606 3490 3539 3540 3491 
3607 3491 3540 3541 3492 
3608 3492 3541 3542 3493 
3609 3493 3542 3543 3494 
3610 3494 3543 3544 3495 
3611 3495 3544 3545 3496 
3612 3496 3545 3546 3497 
3613 3497 3546 3547 3498 
3614 3498 3547 3548 3499 
3615 3499 3548 3549 3500 
3616 3500 3549 3550 3501 
3617 3501 3550 3551 3502 
3618 3502 3551 3552 3503 
3619 3503 3552 3553 3504 
3620 3504 3553 3554 3505 
3621 3505 3554 3555 3506 
3622 3506 3555 3556 3507 
3623 3507 3556 3557 3508 
3624 3508 3557 3558 3509 
3625 3509 3558 3559 3510 
3626 3510 3559 3560 3511 
3627 3511 3560 3561 3512 
3628 3512 3561 3562 3513 
3629 3513 3562 3563 3514 
3630 3514 3563 3564 3515 
3631 3515 3564 3565 3516 
3632 3516 3565 3566 3517 
3633 3517 3566 3567 3518 
3634 3518 3567 3568 3519 
3635 3519 3568 3569 3520 
3636 3520 3569 3570 3521 
3637 3521 3570 3571 3522 
3638 3522 3571 3572 3523 
3639 3523 3572 3573 3524 
3640 3524 3573 3574 3525 
3641 3525 3574 3575 3526 
3642 3526 3575 3576 3527 
3643 3527 3576 3577 3528 
3644 3528 3577 3578 3529 
3645 3529 3578 3579 3530 
3646 3530 3579 3580 3531 
3647 3531 3580 3581 3532 
3648 3532 3581 3582 3533 
3649 3533 3582 3583 3534 
3650 3534 3583 3584 3535 
3651 3535 3584 3585 3536 
3652 3536 3585 3586 3537 
3653 3537 3586 3587 3538 
3654 3538 3587 141 142 
3655 315 316 3588 3539 
3656 3539 3588 3589 3540 
3657 3540 3589 3590 3541 
3658 3541 3590 3591 3542 
3659 3542 3591 3592 3543 
3660 3543 3592 3593 3544 
3661 3544 3593 3594 3545 
3662 3545 3594 3595 3546 
3663 3546 3595 3596 3547 
3664 3547 3596 3597 3548 
3665 3548 3597 3598 3549 
3666 3549 3598 3599 3550 
3667 3550 3599 3600 3551 
3668 3551 3600 3601 3552 
3669 3552 3601 3602 3553 
3670 3553 3602 3603 3554 
3671 3554 3603 3604 3555 
3672 3555 3604 3605 3556 
3673 3556 3605 3606 3557 
3674 3557 3606 3607 3558 
3675 3558 3607 3608 3559 
3676 3559 3608 3609 3560 
3677 3560 3609 3610 3561 
3678 3561 3610 3611 3562 
3679 3562 3611 3612 3563 
3680 3563 3612 3613 3564 
3681 3564 3613 3614 3565 
3682 3565 3614 3615 3566 
3683 3566 3615 3616 3567 
3684 3567 3616 3617 3568 
3685 3568 3617 3618 3569 
3686 3569 3618 3619 3570 
3687 3570 3619 3620 3571 
3688 3571 3620 3621 3572 
3689 3572 3621 3622 3573 
3690 3573 3622 3623 3574 
3691 3574 3623 3624 3575 
3692 3575 3624 3625 3576 
3693 3576 3625 3626 3577 
3694 3577 3626 3627 3578 
3695 3578 3627 3628 3579 
3696 3579 3628 3629 3580 
3697 3580 3629 3630 3581 
3698 3581 3630 3631 3582 
3699 3582 3631 3632 3583 
3700 3583 3632 3633 3584 
3701 3584 3633 3634 3585 
3702 3585 3634 3635 3586 
3703 3586 3635 3636 3587 
3704 3587 3636 140 141 
3705 316 317 3637 3588 
3706 3588 3637 3638 3589 
3707 3589 3638 3639 3590 
3708 3590 3639 3640 3591 
3709 3591 3640 3641 3592 
3710 3592 3641 3642 3593 
3711 3593 3642 3643 3594 
3712 3594 3643 3644 3595 
3713 3595 3644 3645 3596 
3714 3596 3645 3646 3597 
3715 3597 3646 3647 3598 
3716 3598 3647 3648 3599 
3717 3599 3648 3649 3600 
3718 3600 3649 3650 3601 
3719 3601 3650 3651 3602 
3720 3602 3651 3652 3603 
3721 3603 3652 3653 3604 
3722 3604 3653 3654 3605 
3723 3605 3654 3655 3606 
3724 3606 3655 3656 3607 
3725 3607 3656 3657 3608 
3726 3608 3657 3658 3609 
3727 3609 3658 3659 3610 
3728 3610 3659 3660 3611 
3729 3611 3660 3661 3612 
3730 3612 3661 3662 3613 
3731 3613 3662 3663 3614 
3732 3614 3663 3664 3615 
3733 3615 3664 3665 3616 
3734 3616 3665 3666 3617 
3735 3617 3666 3667 3618 
3736 3618 3667 3668 3619 
3737 3619 3668 3669 3620 
3738 3620 3669 3670 3621 
3739 3621 3670 3671 3622 
3740 3622 3671 3672 3623 
3741 3623 3672 3673 3624 
3742 3624 3673 3674 3625 
3743 3625 3674 3675 3626 
3744 3626 3675 3676 3627 
3745 3627 3676 3677 3628 
3746 3628 3677 3678 3629 
3747 3629 3678 3679 3630 
3748 3630 3679 3680 3631 
3749 3631 3680 3681 3632 
3750 3632 3681 3682 3633 
3751 3633 3682 3683 3634 
3752 3634 3683 3684 3635 
3753 3635 3684 3685 3636 
3754 3636 3685 139 140 
3755 317 318 3686 3637 
3756 3637 3686 3687 3638 
3757 3638 3687 3688 3639 
3758 3639 3688 3689 3640 
3759 3640 3689 3690 3641 
3760 3641 3690 3691 3642 
3761 3642 3691 3692 3643 
3762 3643 3692 3693 3644 
3763 3644 3693 3694 3645 
3764 3645 3694 3695 3646 
3765 3646 3695 3696 3647 
3766 3647 3696 3697 3648 
3767 3648 3697 3698 3649 
3768 3649 3698 3699 3650 
3769 3650 3699 3700 3651 
3770 3651 3700 3701 3652 
3771 3652 3701 3702 3653 
3772 3653 3702 3703 3654 
3773 3654 3703 3704 3655 
3774 3655 3704 3705 3656 
3775 3656 3705 3706 3657 
3776 3657 3706 3707 3658 
3777 3658 3707 3708 3659 
3778 3659 3708 3709 3660 
3779 3660 3709 3710 3661 
3780 3661 3710 3711 3662 
3781 3662 3711 3712 3663 
3782 3663 3712 3713 3664 
3783 3664 3713 3714 3665 
3784 3665 3714 3715 3666 
3785 3666 3715 3716 3667 
3786 3667 3716 3717 3668 
3787 3668 3717 3718 3669 
3788 3669 3718 3719 3670 
3789 3670 3719 3720 3671 
3790 3671 3720 3721 3672 
3791 3672 3721 3722 3673 
3792 3673 3722 3723 3674 
3793 3674 3723 3724 3675 
3794 3675 3724 3725 3676 
3795 3676 3725 3726 3677 
3796 3677 3726 3727 3678 
3797 3678 3727 3728 3679 
3798 3679 3728 3729 3680 
3799 3680 3729 3730 3681 
3800 3681 3730 3731 3682 
3801 3682 3731 3732 3683 
3802 3683 3732 3733 3684 
3803 3684 3733 3734 3685 
3804 3685 3734 138 139 
3805 318 319 3735 3686 
3806 3686 3735 3736 3687 
3807 3687 3736 3737 3688 
3808 3688 3737 3738 3689 
3809 3689 3738 3739 3690 
3810 3690 3739 3740 3691 
3811 3691 3740 3741 3692 
3812 3692 3741 3742 3693 
3813 3693 3742 3743 3694 
3814 3694 3743 3744 3695 
3815 3695 3744 3745 3696 
3816 3696 3745 3746 3697 
3817 3697 3746 3747 3698 
3818 3698 3747 3748 3699 
3819 3699 3748 3749 3700 
3820 3700 3749 3750 3701 
3821 3701 3750 3751 3702 
3822 3702 3751 3752 3703 
3823 3703 3752 3753 3704 
3824 3704 3753 3754 3705 
3825 3705 3754 3755 3706 
3826 3706 3755 3756 3707 
3827 3707 3756 3757 3708 
3828 3708 3757 3758 3709 
3829 3709 3758 3759 3710 
3830 3710 3759 3760 3711 
3831 3711 3760 3761 3712 
3832 3712 3761 3762 3713 
3833 3713 3762 3763 3714 
3834 3714 3763 3764 3715 
3835 3715 3764 3765 3716 
3836 3716 3765 3766 3717 
3837 3717 3766 3767 3718 
3838 3718 3767 3768 3719 
3839 3719 3768 3769 3720 
3840 3720 3769 3770 3721 
3841 3721 3770 3771 3722 
3842 3722 3771 3772 3723 
3843 3723 3772 3773 3724 
3844 3724 3773 3774 3725 
3845 3725 3774 3775 3726 
3846 3726 3775 3776 3727 
3847 3727 3776 3777 3728 
3848 3728 3777 3778 3729 
3849 3729 3778 3779 3730 
3850 3730 3779 3780 3731 
3851 3731 3780 3781 3732 
3852 3732 3781 3782 3733 
3853 3733 3782 3783 3734 
3854 3734 3783 137 138 
3855 319 320 3784 3735 
3856 3735 3784 3785 3736 
3857 3736 3785 3786 3737 
3858 3737 3786 3787 3738 
3859 3738 3787 3788 3739 
3860 3739 3788 3789 3740 
3861 3740 3789 3790 3741 
3862 3741 3790 3791 3742 
3863 3742 3791 3792 3743 
3864 3743 3792 3793 3744 
3865 3744 3793 3794 3745 
3866 3745 3794 3795 3746 
3867 3746 3795 3796 3747 
3868 3747 3796 3797 3748 
3869 3748 3797 3798 3749 
3870 3749 3798 3799 3750 
3871 3750 3799 3800 3751 
3872 3751 3800 3801 3752 
3873 3752 3801 3802 3753 
3874 3753 3802 3803 3754 
3875 3754 3803 3804 3755 
3876 3755 3804 3805 3756 
3877 3756 3805 3806 3757 
3878 3757 3806 3807 3758 
3879 3758 3807 3808 3759 
3880 3759 3808 3809 3760 
3881 3760 3809 3810 3761 
3882 3761 3810 3811 3762 
3883 3762 3811 3812 3763 
3884 3763 3812 3813 3764 
3885 3764 3813 3814 3765 
3886 3765 3814 3815 3766 
3887 3766 3815 3816 3767 
3888 3767 3816 3817 3768 
3889 3768 3817 3818 3769 
3890 3769 3818 3819 3770 
3891 3770 3819 3820 3771 
3892 3771 3820 3821 3772 
3893 3772 3821 3822 3773 
3894 3773 3822 3823 3774 
3895 3774 3823 3824 3775 
3896 3775 3824 3825 3776 
3897 3776 3825 3826 3777 
3898 3777 3826 3827 3778 
3899 3778 3827 3828 3779 
3900 3779 3828 3829 3780 
3901 3780 3829 3830 3781 
3902 3781 3830 3831 3782 
3903 3782 3831 3832 3783 
3904 3783 3832 136 137 
3905 320 321 3833 3784 
3906 3784 3833 3834 3785 
3907 3785 3834 3835 3786 
3908 3786 3835 3836 3787 
3909 3787 3836 3837 3788 
3910 3788 3837 3838 3789 
3911 3789 3838 3839 3790 
3912 3790 3839 3840 3791 
3913 3791 3840 3841 3792 
3914 3792 3841 3842 3793 
3915 3793 3842 3843 3794 
3916 3794 3843 3844 3795 
3917 3795 3844 3845 3796 
3918 3796 3845 3846 3797 
3919 3797 3846 3847 3798 
3920 3798 3847 3848 3799 
3921 3799 3848 3849 3800 
3922 3800 3849 3850 3801 
3923 3801 3850 3851 3802 
3924 3802 3851 3852 3803 
3925 3803 3852 3853 3804 
3926 3804 3853 3854 3805 
3927 3805 3854 3855 3806 
3928 3806 3855 3856 3807 
3929 3807 3856 3857 3808 
3930 3808 3857 3858 3809 
3931 3809 3858 3859 3810 
3932 3810 3859 3860 3811 
3933 3811 3860 3861 3812 
3934 3812 3861 3862 3813 
3935 3813 3862 3863 3814 
3936 3814 3863 3864 3815 
3937 3815 3864 3865 3816 
3938 3816 3865 3866 3817 
3939 3817 3866 3867 3818 
3940 3818 3867 3868 3819 
3941 3819 3868 3869 3820 
3942 3820 3869 3870 3821 
3943 3821 3870 3871 3822 
3944 3822 3871 3872 3823 
3945 3823 3872 3873 3824 
3946 3824 3873 3874 3825 
3947 3825 3874 3875 3826 
3948 3826 3875 3876 3827 
3949 3827 3876 3877 3828 
3950 3828 3877 3878 3829 
3951 3829 3878 3879 3830 
3952 3830 3879 3880 3831 
3953 3831 3880 3881 3832 
3954 3832 3881 135 136 
3955 321 322 3882 3833 
3956 3833 3882 3883 3834 
3957 3834 3883 3884 3835 
3958 3835 3884 3885 3836 
3959 3836 3885 3886 3837 
3960 3837 3886 3887 3838 
3961 3838 3887 3888 3839 
3962 3839 3888 3889 3840 
3963 3840 3889 3890 3841 
3964 3841 3890 3891 3842 
3965 3842 3891 3892 3843 
3966 3843 3892 3893 3844 
3967 3844 3893 3894 3845 
3968 3845 3894 3895 3846 
3969 3846 3895 3896 3847 
3970 3847 3896 3897 3848 
3971 3848 3897 3898 3849 
3972 3849 3898 3899 3850 
3973 3850 3899 3900 3851 
3974 3851 3900 3901 3852 
3975 3852 3901 3902 3853 
3976 3853 3902 3903 3854 
3977 3854 3903 3904 3855 
3978 3855 3904 3905 3856 
3979 3856 3905 3906 3857 
3980 3857 3906 3907 3858 
3981 3858 3907 3908 3859 
3982 3859 3908 3909 3860 
3983 3860 3909 3910 3861 
3984 3861 3910 3911 3862 
3985 3862 3911 3912 3863 
3986 3863 3912 3913 3864 
3987 3864 3913 3914 3865 
3988 3865 3914 3915 3866 
3989 3866 3915 3916 3867 
3990 3867 3916 3917 3868 
3991 3868 3917 3918 3869 
3992 3869 3918 3919 3870 
3993 3870 3919 3920 3871 
3994 3871 3920 3921 3872 
3995 3872 3921 3922 3873 
3996 3873 3922 3923 3874 
3997 3874 3923 3924 3875 
3998 3875 3924 3925 3876 
3999 3876 3925 3926 3877 
4000 3877 3926 3927 3878 
4001 3878 3927 3928 3879 
4002 3879 3928 3929 3880 
4003 3880 3929 3930 3881 
4004 3881 3930 134 135 
4005 322 323 3931 3882 
4006 3882 3931 3932 3883 
4007 3883 3932 3933 3884 
4008 3884 3933 3934 3885 
4009 3885 3934 3935 3886 
4010 3886 3935 3936 3887 
4011 3887 3936 3937 3888 
4012 3888 3937 3938 3889 
4013 3889 3938 3939 3890 
4014 3890 3939 3940 3891 
4015 3891 3940 3941 3892 
4016 3892 3941 3942 3893 
4017 3893 3942 3943 3894 
4018 3894 3943 3944 3895 
4019 3895 3944 3945 3896 
4020 3896 3945 3946 3897 
4021 3897 3946 3947 3898 
4022 3898 3947 3948 3899 
4023 3899 3948 3949 3900 
4024 3900 3949 3950 3901 
4025 3901 3950 3951 3902 
4026 3902 3951 3952 3903 
4027 3903 3952 3953 3904 
4028 3904 3953 3954 3905 
4029 3905 3954 3955 3906 
4030 3906 3955 3956 3907 
4031 3907 3956 3957 3908 
4032 3908 3957 3958 3909 
4033 3909 3958 3959 3910 
4034 3910 3959 3960 3911 
4035 3911 3960 3961 3912 
4036 3912 3961 3962 3913 
4037 3913 3962 3963 3914 
4038 3914 3963 3964 3915 
4039 3915 3964 3965 3916 
4040 3916 3965 3966 3917 
4041 3917 3966 3967 3918 
4042 3918 3967 3968 3919 
4043 3919 3968 3969 3920 
4044 3920 3969 3970 3921 
4045 3921 3970 3971 3922 
4046 3922 3971 3972 3923 
4047 3923 3972 3973 3924 
4048 3924 3973 3974 3925 
4049 3925 3974 3975 3926 
4050 3926 3975 3976 3927 
4051 3927 3976 3977 3928 
4052 3928 3977 3978 3929 
4053 3929 3978 3979 3930 
4054 3930 3979 133 134 
4055 323 324 3980 3931 
4056 3931 3980 3981 3932 
4057 3932 3981 3982 3933 
4058 3933 3982 3983 3934 
4059 3934 3983 3984 3935 
4060 3935 3984 3985 3936 
4061 3936 3985 3986 3937 
4062 3937 3986 3987 3938 
4063 3938 3987 3988 3939 
4064 3939 3988 3989 3940 
4065 3940 3989 3990 3941 
4066 3941 3990 3991 3942 
4067 3942 3991 3992 3943 
4068 3943 3992 3993 3944 
4069 3944 3993 3994 3945 
4070 3945 3994 3995 3946 
4071 3946 3995 3996 3947 
4072 3947 3996 3997 3948 
4073 3948 3997 3998 3949 
4074 3949 3998 3999 3950 
4075 3950 3999 4000 3951 
4076 3951 4000 4001 3952 
4077 3952 4001 4002 3953 
4078 3953 4002 4003 3954 
4079 3954 4003 4004 3955 
4080 3955 4004 4005 3956 
4081 3956 4005 4006 3957 
4082 3957 4006 4007 3958 
4083 3958 4007 4008 3959 
4084 3959 4008 4009 3960 
4085 3960 4009 4010 3961 
4086 3961 4010 4011 3962 
4087 3962 4011 4012 3963 
4088 3963 4012 4013 3964 
4089 3964 4013 4014 3965 
4090 3965 4014 4015 3966 
4091 3966 4015 4016 3967 
4092 3967 4016 4017 3968 
4093 3968 4017 4018 3969 
4094 3969 4018 4019 3970 
4095 3970 4019 4020 3971 
4096 3971 4020 4021 3972 
4097 3972 4021 4022 3973 
4098 3973 4022 4023 3974 
4099 3974 4023 4024 3975 
4100 3975 4024 4025 3976 
4101 3976 4025 4026 3977 
4102 3977 4026 4027 3978 
4103 3978 4027 4028 3979 
4104 3979 4028 132 133 
4105 324 325 4029 3980 
4106 3980 4029 4030 3981 
4107 3981 4030 4031 3982 
4108 3982 4031 4032 3983 
4109 3983 4032 4033 3984 
4110 3984 4033 4034 3985 
4111 3985 4034 4035 3986 
4112 3986 4035 4036 3987 
4113 3987 4036 4037 3988 
4114 3988 4037 4038 3989 
4115 3989 4038 4039 3990 
4116 3990 4039 4040 3991 
4117 3991 4040 4041 3992 
4118 3992 4041 4042 3993 
4119 3993 4042 4043 3994 
4120 3994 4043 4044 3995 
4121 3995 4044 4045 3996 
4122 3996 4045 4046 3997 
4123 3997 4046 4047 3998 
4124 3998 4047 4048 3999 
4125 3999 4048 4049 4000 
4126 4000 4049 4050 4001 
4127 4001 4050 4051 4002 
4128 4002 4051 4052 4003 
4129 4003 4052 4053 4004 
4130 4004 4053 4054 4005 
4131 4005 4054 4055 4006 
4132 4006 4055 4056 4007 
4133 4007 4056 4057 4008 
4134 4008 4057 4058 4009 
4135 4009 4058 4059 4010 
4136 4010 4059 4060 4011 
4137 4011 4060 4061 4012 
4138 4012 4061 4062 4013 
4139 4013 4062 4063 4014 
4140 4014 4063 4064 4015 
4141 4015 4064 4065 4016 
4142 4016 4065 4066 4017 
4143 4017 4066 4067 4018 
4144 4018 4067 4068 4019 
4145 4019 4068 4069 4020 
4146 4020 4069 4070 4021 
4147 4021 4070 4071 4022 
4148 4022 4071 4072 4023 
4149 4023 4072 4073 4024 
4150 4024 4073 4074 4025 
4151 4025 4074 4075 4026 
4152 4026 4075 4076 4027 
4153 4027 4076 4077 4028 
4154 4028 4077 131 132 
4155 325 326 4078 4029 
4156 4029 4078 4079 4030 
4157 4030 4079 4080 4031 
4158 4031 4080 4081 4032 
4159 4032 4081 4082 4033 
4160 4033 4082 4083 4034 
4161 4034 4083 4084 4035 
4162 4035 4084 4085 4036 
4163 4036 4085 4086 4037 
4164 4037 4086 4087 4038 
4165 4038 4087 4088 4039 
4166 4039 4088 4089 4040 
4167 4040 4089 4090 4041 
4168 4041 4090 4091 4042 
4169 4042 4091 4092 4043 
4170 4043 4092 4093 4044 
4171 4044 4093 4094 4045 
4172 4045 4094 4095 4046 
4173 4046 4095 4096 4047 
4174 4047 4096 4097 4048 
4175 4048 4097 4098 4049 
4176 4049 4098 4099 4050 
4177 4050 4099 4100 4051 
4178 4051 4100 4101 4052 
4179 4052 4101 4102 4053 
4180 4053 4102 4103 4054 
4181 4054 4103 4104 4055 
4182 4055 4104 4105 4056 
4183 4056 4105 4106 4057 
4184 4057 4106 4107 4058 
4185 4058 4107 4108 4059 
4186 4059 4108 4109 4060 
4187 4060 4109 4110 4061 
4188 4061 4110 4111 4062 
4189 4062 4111 4112 4063 
4190 4063 4112 4113 4064 
4191 4064 4113 4114 4065 
4192 4065 4114 4115 4066 
4193 4066 4115 4116 4067 
4194 4067 4116 4117 4068 
4195 4068 4117 4118 4069 
4196 4069 4118 4119 4070 
4197 4070 4119 4120 4071 
4198 4071 4120 4121 4072 
4199 4072 4121 4122 4073 
4200 4073 4122 4123 4074 
4201 4074 4123 4124 4075 
4202 4075 4124 4125 4076 
4203 4076 4125 4126 4077 
4204 4077 4126 130 131 
4205 326 327 4127 4078 
4206 4078 4127 4128 4079 
4207 4079 4128 4129 4080 
4208 4080 4129 4130 4081 
4209 4081 4130 4131 4082 
4210 4082 4131 4132 4083 
4211 4083 4132 4133 4084 
4212 4084 4133 4134 4085 
4213 4085 4134 4135 4086 
4214 4086 4135 4136 4087 
4215 4087 4136 4137 4088 
4216 4088 4137 4138 4089 
4217 4089 4138 4139 4090 
4218 4090 4139 4140 4091 
4219 4091 4140 4141 4092 
4220 4092 4141 4142 4093 
4221 4093 4142 4143 4094 
4222 4094 4143 4144 4095 
4223 4095 4144 4145 4096 
4224 4096 4145 4146 4097 
4225 4097 4146 4147 4098 
4226 4098 4147 4148 4099 
4227 4099 4148 4149 4100 
4228 4100 4149 4150 4101 
4229 4101 4150 4151 4102 
4230 4102 4151 4152 4103 
4231 4103 4152 4153 4104 
4232 4104 4153 4154 4105 
4233 4105 4154 4155 4106 
4234 4106 4155 4156 4107 
4235 4107 4156 4157 4108 
4236 4108 4157 4158 4109 
4237 4109 4158 4159 4110 
4238 4110 4159 4160 4111 
4239 4111 4160 4161 4112 
4240 4112 4161 4162 4113 
4241 4113 4162 4163 4114 
4242 4114 4163 4164 4115 
4243 4115 4164 4165 4116 
4244 4116 4165 4166 4117 
4245 4117 4166 4167 4118 
4246 4118 4167 4168 4119 
4247 4119 4168 4169 4120 
4248 4120 4169 4170 4121 
4249 4121 4170 4171 4122 
4250 4122 4171 4172 4123 
4251 4123 4172 4173 4124 
4252 4124 4173 4174 4125 
4253 4125 4174 4175 4126 
4254 4126 4175 129 130 
4255 327 328 4176 4127 
4256 4127 4176 4177 4128 
4257 4128 4177 4178 4129 
4258 4129 4178 4179 4130 
4259 4130 4179 4180 4131 
4260 4131 4180 4181 4132 
4261 4132 4181 4182 4133 
4262 4133 4182 4183 4134 
4263 4134 4183 4184 4135 
4264 4135 4184 4185 4136 
4265 4136 4185 4186 4137 
4266 4137 4186 4187 4138 
4267 4138 4187 4188 4139 
4268 4139 4188 4189 4140 
4269 4140 4189 4190 4141 
4270 4141 4190 4191 4142 
4271 4142 4191 4192 4143 
4272 4143 4192 4193 4144 
4273 4144 4193 4194 4145 
4274 4145 4194 4195 4146 
4275 4146 4195 4196 4147 
4276 4147 4196 4197 4148 
4277 4148 4197 4198 4149 
4278 4149 4198 4199 4150 
4279 4150 4199 4200 4151 
4280 4151 4200 4201 4152 
4281 4152 4201 4202 4153 
4282 4153 4202 4203 4154 
4283 4154 4203 4204 4155 
4284 4155 4204 4205 4156 
4285 4156 4205 4206 4157 
4286 4157 4206 4207 4158 
4287 4158 4207 4208 4159 
4288 4159 4208 4209 4160 
4289 4160 4209 4210 4161 
4290 4161 4210 4211 4162 
4291 4162 4211 4212 4163 
4292 4163 4212 4213 4164 
4293 4164 4213 4214 4165 
4294 4165 4214 4215 4166 
4295 4166 4215 4216 4167 
4296 4167 4216 4217 4168 
4297 4168 4217 4218 4169 
4298 4169 4218 4219 4170 
4299 4170 4219 4220 4171 
4300 4171 4220 4221 4172 
4301 4172 4221 4222 4173 
4302 4173 4222 4223 4174 
4303 4174 4223 4224 4175 
4304 4175 4224 128 129 
4305 328 329 4225 4176 
4306 4176 4225 4226 4177 
4307 4177 4226 4227 4178 
4308 4178 4227 4228 4179 
4309 4179 4228 4229 4180 
4310 4180 4229 4230 4181 
4311 4181 4230 4231 4182 
4312 4182 4231 4232 4183 
4313 4183 4232 4233 4184 
4314 4184 4233 4234 4185 
4315 4185 4234 4235 4186 
4316 4186 4235 4236 4187 
4317 4187 4236 4237 4188 
4318 4188 4237 4238 4189 
4319 4189 4238 4239 4190 
4320 4190 4239 4240 4191 
4321 4191 4240 4241 4192 
4322 4192 4241 4242 4193 
4323 4193 4242 4243 4194 
4324 4194 4243 4244 4195 
4325 4195 4244 4245 4196 
4326 4196 4245 4246 4197 
4327 4197 4246 4247 4198 
4328 4198 4247 4248 4199 
4329 4199 4248 4249 4200 
4330 4200 4249 4250 4201 
4331 4201 4250 4251 4202 
4332 4202 4251 4252 4203 
4333 4203 4252 4253 4204 
4334 4204 4253 4254 4205 
4335 4205 4254 4255 4206 
4336 4206 4255 4256 4207 
4337 4207 4256 4257 4208 
4338 4208 4257 4258 4209 
4339 4209 4258 4259 4210 
4340 4210 4259 4260 4211 
4341 4211 4260 4261 4212 
4342 4212 4261 4262 4213 
4343 4213 4262 4263 4214 
4344 4214 4263 4264 4215 
4345 4215 4264 4265 4216 
4346 4216 4265 4266 4217 
4347 4217 4266 4267 4218 
4348 4218 4267 4268 4219 
4349 4219 4268 4269 4220 
4350 4220 4269 4270 4221 
4351 4221 4270 4271 4222 
4352 4222 4271 4272 4223 
4353 4223 4272 4273 4224 
4354 4224 4273 127 128 
4355 329 330 4274 4225 
4356 4225 4274 4275 4226 
4357 4226 4275 4276 4227 
4358 4227 4276 4277 4228 
4359 4228 4277 4278 4229 
4360 4229 4278 4279 4230 
4361 4230 4279 4280 4231 
4362 4231 4280 4281 4232 
4363 4232 4281 4282 4233 
4364 4233 4282 4283 4234 
4365 4234 4283 4284 4235 
4366 4235 4284 4285 4236 
4367 4236 4285 4286 4237 
4368 4237 4286 4287 4238 
4369 4238 4287 4288 4239 
4370 4239 4288 4289 4240 
4371 4240 4289 4290 4241 
4372 4241 4290 4291 4242 
4373 4242 4291 4292 4243 
4374 4243 4292 4293 4244 
4375 4244 4293 4294 4245 
4376 4245 4294 4295 4246 
4377 4246 4295 4296 4247 
4378 4247 4296 4297 4248 
4379 4248 4297 4298 4249 
4380 4249 4298 4299 4250 
4381 4250 4299 4300 4251 
4382 4251 4300 4301 4252 
4383 4252 4301 4302 4253 
4384 4253 4302 4303 4254 
4385 4254 4303 4304 4255 
4386 4255 4304 4305 4256 
4387 4256 4305 4306 4257 
4388 4257 4306 4307 4258 
4389 4258 4307 4308 4259 
4390 4259 4308 4309 4260 
4391 4260 4309 4310 4261 
4392 4261 4310 4311 4262 
4393 4262 4311 4312 4263 
4394 4263 4312 4313 4264 
4395 4264 4313 4314 4265 
4396 4265 4314 4315 4266 
4397 4266 4315 4316 4267 
4398 4267 4316 4317 4268 
4399 4268 4317 4318 4269 
4400 4269 4318 4319 4270 
4401 4270 4319 4320 4271 
4402 4271 4320 4321 4272 
4403 4272 4321 4322 4273 
4404 4273 4322 126 127 
4405 330 331 4323 4274 
4406 4274 4323 4324 4275 
4407 4275 4324 4325 4276 
4408 4276 4325 4326 4277 
4409 4277 4326 4327 4278 
4410 4278 4327 4328 4279 
4411 4279 4328 4329 4280 
4412 4280 4329 4330 4281 
4413 4281 4330 4331 4282 
4414 4282 4331 4332 4283 
4415 4283 4332 4333 4284 
4416 4284 4333 4334 4285 
4417 4285 4334 4335 4286 
4418 4286 4335 4336 4287 
4419 4287 4336 4337 4288 
4420 4288 4337 4338 4289 
4421 4289 4338 4339 4290 
4422 4290 4339 4340 4291 
4423 4291 4340 4341 4292 
4424 4292 4341 4342 4293 
4425 4293 4342 4343 4294 
4426 4294 4343 4344 4295 
4427 4295 4344 4345 4296 
4428 4296 4345 4346 4297 
4429 4297 4346 4347 4298 
4430 4298 4347 4348 4299 
4431 4299 4348 4349 4300 
4432 4300 4349 4350 4301 
4433 4301 4350 4351 4302 
4434 4302 4351 4352 4303 
4435 4303 4352 4353 4304 
4436 4304 4353 4354 4305 
4437 4305 4354 4355 4306 
4438 4306 4355 4356 4307 
4439 4307 4356 4357 4308 
4440 4308 4357 4358 4309 
4441 4309 4358 4359 4310 
4442 4310 4359 4360 4311 
4443 4311 4360 4361 4312 
4444 4312 4361 4362 4313 
4445 4313 4362 4363 4314 
4446 4314 4363 4364 4315 
4447 4315 4364 4365 4316 
4448 4316 4365 4366 4317 
4449 4317 4366 4367 4318 
4450 4318 4367 4368 4319 
4451 4319 4368 4369 4320 
4452 4320 4369 4370 4321 
4453 4321 4370 4371 4322 
4454 4322 4371 125 126 
4455 331 332 4372 4323 
4456 4323 4372 4373 4324 
4457 4324 4373 4374 4325 
4458 4325 4374 4375 4326 
4459 4326 4375 4376 4327 
4460 4327 4376 4377 4328 
4461 4328 4377 4378 4329 
4462 4329 4378 4379 4330 
4463 4330 4379 4380 4331 
4464 4331 4380 4381 4332 
4465 4332 4381 4382 4333 
4466 4333 4382 4383 4334 
4467 4334 4383 4384 4335 
4468 4335 4384 4385 4336 
4469 4336 4385 4386 4337 
4470 4337 4386 4387 4338 
4471 4338 4387 4388 4339 
4472 4339 4388 4389 4340 
4473 4340 4389 4390 4341 
4474 4341 4390 4391 4342 
4475 4342 4391 4392 4343 
4476 4343 4392 4393 4344 
4477 4344 4393 4394 4345 
4478 4345 4394 4395 4346 
4479 4346 4395 4396 4347 
4480 4347 4396 4397 4348 
4481 4348 4397 4398 4349 
4482 4349 4398 4399 4350 
4483 4350 4399 4400 4351 
4484 4351 4400 4401 4352 
4485 4352 4401 4402 4353 
4486 4353 4402 4403 4354 
4487 4354 4403 4404 4355 
4488 4355 4404 4405 4356 
4489 4356 4405 4406 4357 
4490 4357 4406 4407 4358 
4491 4358 4407 4408 4359 
4492 4359 4408 4409 4360 
4493 4360 4409 4410 4361 
4494 4361 4410 4411 4362 
4495 4362 4411 4412 4363 
4496 4363 4412 4413 4364 
4497 4364 4413 4414 4365 
4498 4365 4414 4415 4366 
4499 4366 4415 4416 4367 
4500 4367 4416 4417 4368 
4501 4368 4417 4418 4369 
4502 4369 4418 4419 4370 
4503 4370 4419 4420 4371 
4504 4371 4420 124 125 
4505 332 333 4421 4372 
4506 4372 4421 4422 4373 
4507 4373 4422 4423 4374 
4508 4374 4423 4424 4375 
4509 4375 4424 4425 4376 
4510 4376 4425 4426 4377 
4511 4377 4426 4427 4378 
4512 4378 4427 4428 4379 
4513 4379 4428 4429 4380 
4514 4380 4429 4430 4381 
4515 4381 4430 4431 4382 
4516 4382 4431 4432 4383 
4517 4383 4432 4433 4384 
4518 4384 4433 4434 4385 
4519 4385 4434 4435 4386 
4520 4386 4435 4436 4387 
4521 4387 4436 4437 4388 
4522 4388 4437 4438 4389 
4523 4389 4438 4439 4390 
4524 4390 4439 4440 4391 
4525 4391 4440 4441 4392 
4526 4392 4441 4442 4393 
4527 4393 4442 4443 4394 
4528 4394 4443 4444 4395 
4529 4395 4444 4445 4396 
4530 4396 4445 4446 4397 
4531 4397 4446 4447 4398 
4532 4398 4447 4448 4399 
4533 4399 4448 4449 4400 
4534 4400 4449 4450 4401 
4535 4401 4450 4451 4402 
4536 4402 4451 4452 4403 
4537 4403 4452 4453 4404 
4538 4404 4453 4454 4405 
4539 4405 4454 4455 4406 
4540 4406 4455 4456 4407 
4541 4407 4456 4457 4408 
4542 4408 4457 4458 4409 
4543 4409 4458 4459 4410 
4544 4410 4459 4460 4411 
4545 4411 4460 4461 4412 
4546 4412 4461 4462 4413 
4547 4413 4462 4463 4414 
4548 4414 4463 4464 4415 
4549 4415 4464 4465 4416 
4550 4416 4465 4466 4417 
4551 4417 4466 4467 4418 
4552 4418 4467 4468 4419 
4553 4419 4468 4469 4420 
4554 4420 4469 123 124 
4555 333 334 4470 4421 
4556 4421 4470 4471 4422 
4557 4422 4471 4472 4423 
4558 4423 4472 4473 4424 
4559 4424 4473 4474 4425 
4560 4425 4474 4475 4426 
4561 4426 4475 4476 4427 
4562 4427 4476 4477 4428 
4563 4428 4477 4478 4429 
4564 4429 4478 4479 4430 
4565 4430 4479 4480 4431 
4566 4431 4480 4481 4432 
4567 4432 4481 4482 4433 
4568 4433 4482 4483 4434 
4569 4434 4483 4484 4435 
4570 4435 4484 4485 4436 
4571 4436 4485 4486 4437 
4572 4437 4486 4487 4438 
4573 4438 4487 4488 4439 
4574 4439 4488 4489 4440 
4575 4440 4489 4490 4441 
4576 4441 4490 4491 4442 
4577 4442 4491 4492 4443 
4578 4443 4492 4493 4444 
4579 4444 4493 4494 4445 
4580 4445 4494 4495 4446 
4581 4446 4495 4496 4447 
4582 4447 4496 4497 4448 
4583 4448 4497 4498 4449 
4584 4449 4498 4499 4450 
4585 4450 4499 4500 4451 
4586 4451 4500 4501 4452 
4587 4452 4501 4502 4453 
4588 4453 4502 4503 4454 
4589 4454 4503 4504 4455 
4590 4455 4504 4505 4456 
4591 4456 4505 4506 4457 
4592 4457 4506 4507 4458 
4593 4458 4507 4508 4459 
4594 4459 4508 4509 4460 
4595 4460 4509 4510 4461 
4596 4461 4510 4511 4462 
4597 4462 4511 4512 4463 
4598 4463 4512 4513 4464 
4599 4464 4513 4514 4465 
4600 4465 4514 4515 4466 
4601 4466 4515 4516 4467 
4602 4467 4516 4517 4468 
4603 4468 4517 4518 4469 
4604 4469 4518 122 123 
4605 334 335 4519 4470 
4606 4470 4519 4520 4471 
4607 4471 4520 4521 4472 
4608 4472 4521 4522 4473 
4609 4473 4522 4523 4474 
4610 4474 4523 4524 4475 
4611 4475 4524 4525 4476 
4612 4476 4525 4526 4477 
4613 4477 4526 4527 4478 
4614 4478 4527 4528 4479 
4615 4479 4528 4529 4480 
4616 4480 4529 4530 4481 
4617 4481 4530 4531 4482 
4618 4482 4531 4532 4483 
4619 4483 4532 4533 4484 
4620 4484 4533 4534 4485 
4621 4485 4534 4535 4486 
4622 4486 4535 4536 4487 
4623 4487 4536 4537 4488 
4624 4488 4537 4538 4489 
4625 4489 4538 4539 4490 
4626 4490 4539 4540 4491 
4627 4491 4540 4541 4492 
4628 4492 4541 4542 4493 
4629 4493 4542 4543 4494 
4630 4494 4543 4544 4495 
4631 4495 4544 4545 4496 
4632 4496 4545 4546 4497 
4633 4497 4546 4547 4498 
4634 4498 4547 4548 4499 
4635 4499 4548 4549 4500 
4636 4500 4549 4550 4501 
4637 4501 4550 4551 4502 
4638 4502 4551 4552 4503 
4639 4503 4552 4553 4504 
4640 4504 4553 4554 4505 
4641 4505 4554 4555 4506 
4642 4506 4555 4556 4507 
4643 4507 4556 4557 4508 
4644 4508 4557 4558 4509 
4645 4509 4558 4559 4510 
4646 4510 4559 4560 4511 
4647 4511 4560 4561 4512 
4648 4512 4561 4562 4513 
4649 4513 4562 4563 4514 
4650 4514 4563 4564 4515 
4651 4515 4564 4565 4516 
4652 4516 4565 4566 4517 
4653 4517 4566 4567 4518 
4654 4518 4567 121 122 
4655 335 336 4568 4519 
4656 4519 4568 4569 4520 
4657 4520 4569 4570 4521 
4658 4521 4570 4571 4522 
4659 4522 4571 4572 4523 
4660 4523 4572 4573 4524 
4661 4524 4573 4574 4525 
4662 4525 4574 4575 4526 
4663 4526 4575 4576 4527 
4664 4527 4576 4577 4528 
4665 4528 4577 4578 4529 
4666 4529 4578 4579 4530 
4667 4530 4579 4580 4531 
4668 4531 4580 4581 4532 
4669 4532 4581 4582 4533 
4670 4533 4582 4583 4534 
4671 4534 4583 4584 4535 
4672 4535 4584 4585 4536 
4673 4536 4585 4586 4537 
4674 4537 4586 4587 4538 
4675 4538 4587 4588 4539 
4676 4539 4588 4589 4540 
4677 4540 4589 4590 4541 
4678 4541 4590 4591 4542 
4679 4542 4591 4592 4543 
4680 4543 4592 4593 4544 
4681 4544 4593 4594 4545 
4682 4545 4594 4595 4546 
4683 4546 4595 4596 4547 
4684 4547 4596 4597 4548 
4685 4548 4597 4598 4549 
4686 4549 4598 4599 4550 
4687 4550 4599 4600 4551 
4688 4551 4600 4601 4552 
4689 4552 4601 4602 4553 
4690 4553 4602 4603 4554 
4691 4554 4603 4604 4555 
4692 4555 4604 4605 4556 
4693 4556 4605 4606 4557 
4694 4557 4606 4607 4558 
4695 4558 4607 4608 4559 
4696 4559 4608 4609 4560 
4697 4560 4609 4610 4561 
4698 4561 4610 4611 4562 
4699 4562 4611 4612 4563 
4700 4563 4612 4613 4564 
4701 4564 4613 4614 4565 
4702 4565 4614 4615 4566 
4703 4566 4615 4616 4567 
4704 4567 4616 120 121 
4705 336 337 4617 4568 
4706 4568 4617 4618 4569 
4707 4569 4618 4619 4570 
4708 4570 4619 4620 4571 
4709 4571 4620 4621 4572 
4710 4572 4621 4622 4573 
4711 4573 4622 4623 4574 
4712 4574 4623 4624 4575 
4713 4575 4624 4625 4576 
4714 4576 4625 4626 4577 
4715 4577 4626 4627 4578 
4716 4578 4627 4628 4579 
4717 4579 4628 4629 4580 
4718 4580 4629 4630 4581 
4719 4581 4630 4631 4582 
4720 4582 4631 4632 4583 
4721 4583 4632 4633 4584 
4722 4584 4633 4634 4585 
4723 4585 4634 4635 4586 
4724 4586 4635 4636 4587 
4725 4587 4636 4637 4588 
4726 4588 4637 4638 4589 
4727 4589 4638 4639 4590 
4728 4590 4639 4640 4591 
4729 4591 4640 4641 4592 
4730 4592 4641 4642 4593 
4731 4593 4642 4643 4594 
4732 4594 4643 4644 4595 
4733 4595 4644 4645 4596 
4734 4596 4645 4646 4597 
4735 4597 4646 4647 4598 
4736 4598 4647 4648 4599 
4737 4599 4648 4649 4600 
4738 4600 4649 4650 4601 
4739 4601 4650 4651 4602 
4740 4602 4651 4652 4603 
4741 4603 4652 4653 4604 
4742 4604 4653 4654 4605 
4743 4605 4654 4655 4606 
4744 4606 4655 4656 4607 
4745 4607 4656 4657 4608 
4746 4608 4657 4658 4609 
4747 4609 4658 4659 4610 
4748 4610 4659 4660 4611 
4749 4611 4660 4661 4612 
4750 4612 4661 4662 4613 
4751 4613 4662 4663 4614 
4752 4614 4663 4664 4615 
4753 4615 4664 4665 4616 
4754 4616 4665 119 120 
4755 337 338 4666 4617 
4756 4617 4666 4667 4618 
4757 4618 4667 4668 4619 
4758 4619 4668 4669 4620 
4759 4620 4669 4670 4621 
4760 4621 4670 4671 4622 
4761 4622 4671 4672 4623 
4762 4623 4672 4673 4624 
4763 4624 4673 4674 4625 
4764 4625 4674 4675 4626 
4765 4626 4675 4676 4627 
4766 4627 4676 4677 4628 
4767 4628 4677 4678 4629 
4768 4629 4678 4679 4630 
4769 4630 4679 4680 4631 
4770 4631 4680 4681 4632 
4771 4632 4681 4682 4633 
4772 4633 4682 4683 4634 
4773 4634 4683 4684 4635 
4774 4635 4684 4685 4636 
4775 4636 4685 4686 4637 
4776 4637 4686 4687 4638 
4777 4638 4687 4688 4639 
4778 4639 4688 4689 4640 
4779 4640 4689 4690 4641 
4780 4641 4690 4691 4642 
4781 4642 4691 4692 4643 
4782 4643 4692 4693 4644 
4783 4644 4693 4694 4645 
4784 4645 4694 4695 4646 
4785 4646 4695 4696 4647 
4786 4647 4696 4697 4648 
4787 4648 4697 4698 4649 
4788 4649 4698 4699 4650 
4789 4650 4699 4700 4651 
4790 4651 4700 4701 4652 
4791 4652 4701 4702 4653 
4792 4653 4702 4703 4654 
4793 4654 4703 4704 4655 
4794 4655 4704 4705 4656 
4795 4656 4705 4706 4657 
4796 4657 4706 4707 4658 
4797 4658 4707 4708 4659 
4798 4659 4708 4709 4660 
4799 4660 4709 4710 4661 
4800 4661 4710 4711 4662 
4801 4662 4711 4712 4663 
4802 4663 4712 4713 4664 
4803 4664 4713 4714 4665 
4804 4665 4714 118 119 
4805 338 339 4715 4666 
4806 4666 4715 4716 4667 
4807 4667 4716 4717 4668 
4808 4668 4717 4718 4669 
4809 4669 4718 4719 4670 
4810 4670 4719 4720 4671 
4811 4671 4720 4721 4672 
4812 4672 4721 4722 4673 
4813 4673 4722 4723 4674 
4814 4674 4723 4724 4675 
4815 4675 4724 4725 4676 
4816 4676 4725 4726 4677 
4817 4677 4726 4727 4678 
4818 4678 4727 4728 4679 
4819 4679 4728 4729 4680 
4820 4680 4729 4730 4681 
4821 4681 4730 4731 4682 
4822 4682 4731 4732 4683 
4823 4683 4732 4733 4684 
4824 4684 4733 4734 4685 
4825 4685 4734 4735 4686 
4826 4686 4735 4736 4687 
4827 4687 4736 4737 4688 
4828 4688 4737 4738 4689 
4829 4689 4738 4739 4690 
4830 4690 4739 4740 4691 
4831 4691 4740 4741 4692 
4832 4692 4741 4742 4693 
4833 4693 4742 4743 4694 
4834 4694 4743 4744 4695 
4835 4695 4744 4745 4696 
4836 4696 4745 4746 4697 
4837 4697 4746 4747 4698 
4838 4698 4747 4748 4699 
4839 4699 4748 4749 4700 
4840 4700 4749 4750 4701 
4841 4701 4750 4751 4702 
4842 4702 4751 4752 4703 
4843 4703 4752 4753 4704 
4844 4704 4753 4754 4705 
4845 4705 4754 4755 4706 
4846 4706 4755 4756 4707 
4847 4707 4756 4757 4708 
4848 4708 4757 4758 4709 
4849 4709 4758 4759 4710 
4850 4710 4759 4760 4711 
4851 4711 4760 4761 4712 
4852 4712 4761 4762 4713 
4853 4713 4762 4763 4714 
4854 4714 4763 117 118 
4855 339 340 4764 4715 
4856 4715 4764 4765 4716 
4857 4716 4765 4766 4717 
4858 4717 4766 4767 4718 
4859 4718 4767 4768 4719 
4860 4719 4768 4769 4720 
4861 4720 4769 4770 4721 
4862 4721 4770 4771 4722 
4863 4722 4771 4772 4723 
4864 4723 4772 4773 4724 
4865 4724 4773 4774 4725 
4866 4725 4774 4775 4726 
4867 4726 4775 4776 4727 
4868 4727 4776 4777 4728 
4869 4728 4777 4778 4729 
4870 4729 4778 4779 4730 
4871 4730 4779 4780 4731 
4872 4731 4780 4781 4732 
4873 4732 4781 4782 4733 
4874 4733 4782 4783 4734 
4875 4734 4783 4784 4735 
4876 4735 4784 4785 4736 
4877 4736 4785 4786 4737 
4878 4737 4786 4787 4738 
4879 4738 4787 4788 4739 
4880 4739 4788 4789 4740 
4881 4740 4789 4790 4741 
4882 4741 4790 4791 4742 
4883 4742 4791 4792 4743 
4884 4743 4792 4793 4744 
4885 4744 4793 4794 4745 
4886 4745 4794 4795 4746 
4887 4746 4795 4796 4747 
4888 4747 4796 4797 4748 
4889 4748 4797 4798 4749 
4890 4749 4798 4799 4750 
4891 4750 4799 4800 4751 
4892 4751 4800 4801 4752 
4893 4752 4801 4802 4753 
4894 4753 4802 4803 4754 
4895 4754 4803 4804 4755 
4896 4755 4804 4805 4756 
4897 4756 4805 4806 4757 
4898 4757 4806 4807 4758 
4899 4758 4807 4808 4759 
4900 4759 4808 4809 4760 
4901 4760 4809 4810 4761 
4902 4761 4810 4811 4762 
4903 4762 4811 4812 4763 
4904 4763 4812 116 117 
4905 340 341 4813 4764 
4906 4764 4813 4814 4765 
4907 4765 4814 4815 4766 
4908 4766 4815 4816 4767 
4909 4767 4816 4817 4768 
4910 4768 4817 4818 4769 
4911 4769 4818 4819 4770 
4912 4770 4819 4820 4771 
4913 4771 4820 4821 4772 
4914 4772 4821 4822 4773 
4915 4773 4822 4823 4774 
4916 4774 4823 4824 4775 
4917 4775 4824 4825 4776 
4918 4776 4825 4826 4777 
4919 4777 4826 4827 4778 
4920 4778 4827 4828 4779 
4921 4779 4828 4829 4780 
4922 4780 4829 4830 4781 
4923 4781 4830 4831 4782 
4924 4782 4831 4832 4783 
4925 4783 4832 4833 4784 
4926 4784 4833 4834 4785 
4927 4785 4834 4835 4786 
4928 4786 4835 4836 4787 
4929 4787 4836 4837 4788 
4930 4788 4837 4838 4789 
4931 4789 4838 4839 4790 
4932 4790 4839 4840 4791 
4933 4791 4840 4841 4792 
4934 4792 4841 4842 4793 
4935 4793 4842 4843 4794 
4936 4794 4843 4844 4795 
4937 4795 4844 4845 4796 
4938 4796 4845 4846 4797 
4939 4797 4846 4847 4798 
4940 4798 4847 4848 4799 
4941 4799 4848 4849 4800 
4942 4800 4849 4850 4801 
4943 4801 4850 4851 4802 
4944 4802 4851 4852 4803 
4945 4803 4852 4853 4804 
4946 4804 4853 4854 4805 
4947 4805 4854 4855 4806 
4948 4806 4855 4856 4807 
4949 4807 4856 4857 4808 
4950 4808 4857 4858 4809 
4951 4809 4858 4859 4810 
4952 4810 4859 4860 4811 
4953 4811 4860 4861 4812 
4954 4812 4861 115 116 
4955 341 342 4862 4813 
4956 4813 4862 4863 4814 
4957 4814 4863 4864 4815 
4958 4815 4864 4865 4816 
4959 4816 4865 4866 4817 
4960 4817 4866 4867 4818 
4961 4818 4867 4868 4819 
4962 4819 4868 4869 4820 
4963 4820 4869 4870 4821 
4964 4821 4870 4871 4822 
4965 4822 4871 4872 4823 
4966 4823 4872 4873 4824 
4967 4824 4873 4874 4825 
4968 4825 4874 4875 4826 
4969 4826 4875 4876 4827 
4970 4827 4876 4877 4828 
4971 4828 4877 4878 4829 
4972 4829 4878 4879 4830 
4973 4830 4879 4880 4831 
4974 4831 4880 4881 4832 
4975 4832 4881 4882 4833 
4976 4833 4882 4883 4834 
4977 4834 4883 4884 4835 
4978 4835 4884 4885 4836 
4979 4836 4885 4886 4837 
4980 4837 4886 4887 4838 
4981 4838 4887 4888 4839 
4982 4839 4888 4889 4840 
4983 4840 4889 4890 4841 
4984 4841 4890 4891 4842 
4985 4842 4891 4892 4843 
4986 4843 4892 4893 4844 
4987 4844 4893 4894 4845 
4988 4845 4894 4895 4846 
4989 4846 4895 4896 4847 
4990 4847 4896 4897 4848 
4991 4848 4897 4898 4849 
4992 4849 4898 4899 4850 
4993 4850 4899 4900 4851 
4994 4851 4900 4901 4852 
4995 4852 4901 4902 4853 
4996 4853 4902 4903 4854 
4997 4854 4903 4904 4855 
4998 4855 4904 4905 4856 
4999 4856 4905 4906 4857 
5000 4857 4906 4907 4858 
5001 4858 4907 4908 4859 
5002 4859 4908 4909 4860 
5003 4860 4909 4910 4861 
5004 4861 4910 114 115 
5005 342 343 4911 4862 
5006 4862 4911 4912 4863 
5007 4863 4912 4913 4864 
5008 4864 4913 4914 4865 
5009 4865 4914 4915 4866 
5010 4866 4915 4916 4867 
5011 4867 4916 4917 4868 
5012 4868 4917 4918 4869 
5013 4869 4918 4919 4870 
5014 4870 4919 4920 4871 
5015 4871 4920 4921 4872 
5016 4872 4921 4922 4873 
5017 4873 4922 4923 4874 
5018 4874 4923 4924 4875 
5019 4875 4924 4925 4876 
5020 4876 4925 4926 4877 
5021 4877 4926 4927 4878 
5022 4878 4927 4928 4879 
5023 4879 4928 4929 4880 
5024 4880 4929 4930 4881 
5025 4881 4930 4931 4882 
5026 4882 4931 4932 4883 
5027 4883 4932 4933 4884 
5028 4884 4933 4934 4885 
5029 4885 4934 4935 4886 
5030 4886 4935 4936 4887 
5031 4887 4936 4937 4888 
5032 4888 4937 4938 4889 
5033 4889 4938 4939 4890 
5034 4890 4939 4940 4891 
5035 4891 4940 4941 4892 
5036 4892 4941 4942 4893 
5037 4893 4942 4943 4894 
5038 4894 4943 4944 4895 
5039 4895 4944 4945 4896 
5040 4896 4945 4946 4897 
5041 4897 4946 4947 4898 
5042 4898 4947 4948 4899 
5043 4899 4948 4949 4900 
5044 4900 4949 4950 4901 
5045 4901 4950 4951 4902 
5046 4902 4951 4952 4903 
5047 4903 4952 4953 4904 
5048 4904 4953 4954 4905 
5049 4905 4954 4955 4906 
5050 4906 4955 4956 4907 
5051 4907 4956 4957 4908 
5052 4908 4957 4958 4909 
5053 4909 4958 4959 4910 
5054 4910 4959 113 114 
5055 343 344 4960 4911 
5056 4911 4960 4961 4912 
5057 4912 4961 4962 4913 
5058 4913 4962 4963 4914 
5059 4914 4963 4964 4915 
5060 4915 4964 4965 4916 
5061 4916 4965 4966 4917 
5062 4917 4966 4967 4918 
5063 4918 4967 4968 4919 
5064 4919 4968 4969 4920 
5065 4920 4969 4970 4921 
5066 4921 4970 4971 4922 
5067 4922 4971 4972 4923 
5068 4923 4972 4973 4924 
5069 4924 4973 4974 4925 
5070 4925 4974 4975 4926 
5071 4926 4975 4976 4927 
5072 4927 4976 4977 4928 
5073 4928 4977 4978 4929 
5074 4929 4978 4979 4930 
5075 4930 4979 4980 4931 
5076 4931 4980 4981 4932 
5077 4932 4981 4982 4933 
5078 4933 4982 4983 4934 
5079 4934 4983 4984 4935 
5080 4935 4984 4985 4936 
5081 4936 4985 4986 4937 
5082 4937 4986 4987 4938 
5083 4938 4987 4988 4939 
5084 4939 4988 4989 4940 
5085 4940 4989 4990 4941 
5086 4941 4990 4991 4942 
5087 4942 4991 4992 4943 
5088 4943 4992 4993 4944 
5089 4944 4993 4994 4945 
5090 4945 4994 4995 4946 
5091 4946 4995 4996 4947 
5092 4947 4996 4997 4948 
5093 4948 4997 4998 4949 
5094 4949 4998 4999 4950 
5095 4950 4999 5000 4951 
5096 4951 5000 5001 4952 
5097 4952 5001 5002 4953 
5098 4953 5002 5003 4954 
5099 4954 5003 5004 4955 
5100 4955 5004 5005 4956 
5101 4956 5005 5006 4957 
5102 4957 5006 5007 4958 
5103 4958 5007 5008 4959 
5104 4959 5008 112 113 
5105 344 345 5009 4960 
5106 4960 5009 5010 4961 
5107 4961 5010 5011 4962 
5108 4962 5011 5012 4963 
5109 4963 5012 5013 4964 
5110 4964 5013 5014 4965 
5111 4965 5014 5015 4966 
5112 4966 5015 5016 4967 
5113 4967 5016 5017 4968 
5114 4968 5017 5018 4969 
5115 4969 5018 5019 4970 
5116 4970 5019 5020 4971 
5117 4971 5020 5021 4972 
5118 4972 5021 5022 4973 
5119 4973 5022 5023 4974 
5120 4974 5023 5024 4975 
5121 4975 5024 5025 4976 
5122 4976 5025 5026 4977 
5123 4977 5026 5027 4978 
5124 4978 5027 5028 4979 
5125 4979 5028 5029 4980 
5126 4980 5029 5030 4981 
5127 4981 5030 5031 4982 
5128 4982 5031 5032 4983 
5129 4983 5032 5033 4984 
5130 4984 5033 5034 4985 
5131 4985 5034 5035 4986 
5132 4986 5035 5036 4987 
5133 4987 5036 5037 4988 
5134 4988 5037 5038 4989 
5135 4989 5038 5039 4990 
5136 4990 5039 5040 4991 
5137 4991 5040 5041 4992 
5138 4992 5041 5042 4993 
5139 4993 5042 5043 4994 
5140 4994 5043 5044 4995 
5141 4995 5044 5045 4996 
5142 4996 5045 5046 4997 
5143 4997 5046 5047 4998 
5144 4998 5047 5048 4999 
5145 4999 5048 5049 5000 
5146 5000 5049 5050 5001 
5147 5001 5050 5051 5002 
5148 5002 5051 5052 5003 
5149 5003 5052 5053 5004 
5150 5004 5053 5054 5005 
5151 5005 5054 5055 5006 
5152 5006 5055 5056 5007 
5153 5007 5056 5057 5008 
5154 5008 5057 111 112 
5155 345 346 5058 5009 
5156 5009 5058 5059 5010 
5157 5010 5059 5060 5011 
5158 5011 5060 5061 5012 
5159 5012 5061 5062 5013 
5160 5013 5062 5063 5014 
5161 5014 5063 5064 5015 
5162 5015 5064 5065 5016 
5163 5016 5065 5066 5017 
5164 5017 5066 5067 5018 
5165 5018 5067 5068 5019 
5166 5019 5068 5069 5020 
5167 5020 5069 5070 5021 
5168 5021 5070 5071 5022 
5169 5022 5071 5072 5023 
5170 5023 5072 5073 5024 
5171 5024 5073 5074 5025 
5172 5025 5074 5075 5026 
5173 5026 5075 5076 5027 
5174 5027 5076 5077 5028 
5175 5028 5077 5078 5029 
5176 5029 5078 5079 5030 
5177 5030 5079 5080 5031 
5178 5031 5080 5081 5032 
5179 5032 5081 5082 5033 
5180 5033 5082 5083 5034 
5181 5034 5083 5084 5035 
5182 5035 5084 5085 5036 
5183 5036 5085 5086 5037 
5184 5037 5086 5087 5038 
5185 5038 5087 5088 5039 
5186 5039 5088 5089 5040 
5187 5040 5089 5090 5041 
5188 5041 5090 5091 5042 
5189 5042 5091 5092 5043 
5190 5043 5092 5093 5044 
5191 5044 5093 5094 5045 
5192 5045 5094 5095 5046 
5193 5046 5095 5096 5047 
5194 5047 5096 5097 5048 
5195 5048 5097 5098 5049 
5196 5049 5098 5099 5050 
5197 5050 5099 5100 5051 
5198 5051 5100 5101 5052 
5199 5052 5101 5102 5053 
5200 5053 5102 5103 5054 
5201 5054 5103 5104 5055 
5202 5055 5104 5105 5056 
5203 5056 5105 5106 5057 
5204 5057 5106 110 111 
5205 346 347 5107 5058 
5206 5058 5107 5108 5059 
5207 5059 5108 5109 5060 
5208 5060 5109 5110 5061 
5209 5061 5110 5111 5062 
5210 5062 5111 5112 5063 
5211 5063 5112 5113 5064 
5212 5064 5113 5114 5065 
5213 5065 5114 5115 5066 
5214 5066 5115 5116 5067 
5215 5067 5116 5117 5068 
5216 5068 5117 5118 5069 
5217 5069 5118 5119 5070 
5218 5070 5119 5120 5071 
5219 5071 5120 5121 5072 
5220 5072 5121 5122 5073 
5221 5073 5122 5123 5074 
5222 5074 5123 5124 5075 
5223 5075 5124 5125 5076 
5224 5076 5125 5126 5077 
5225 5077 5126 5127 5078 
5226 5078 5127 5128 5079 
5227 5079 5128 5129 5080 
5228 5080 5129 5130 5081 
5229 5081 5130 5131 5082 
5230 5082 5131 5132 5083 
5231 5083 5132 5133 5084 
5232 5084 5133 5134 5085 
5233 5085 5134 5135 5086 
5234 5086 5135 5136 5087 
5235 5087 5136 5137 5088 
5236 5088 5137 5138 5089 
5237 5089 5138 5139 5090 
5238 5090 5139 5140 5091 
5239 5091 5140 5141 5092 
5240 5092 5141 5142 5093 
5241 5093 5142 5143 5094 
5242 5094 5143 5144 5095 
5243 5095 5144 5145 5096 
5244 5096 5145 5146 5097 
5245 5097 5146 5147 5098 
5246 5098 5147 5148 5099 
5247 5099 5148 5149 5100 
5248 5100 5149 5150 5101 
5249 5101 5150 5151 5102 
5250 5102 5151 5152 5103 
5251 5103 5152 5153 5104 
5252 5104 5153 5154 5105 
5253 5105 5154 5155 5106 
5254 5106 5155 109 110 
5255 347 348 5156 5107 
5256 5107 5156 5157 5108 
5257 5108 5157 5158 5109 
5258 5109 5158 5159 5110 
5259 5110 5159 5160 5111 
5260 5111 5160 5161 5112 
5261 5112 5161 5162 5113 
5262 5113 5162 5163 5114 
5263 5114 5163 5164 5115 
5264 5115 5164 5165 5116 
5265 5116 5165 5166 5117 
5266 5117 5166 5167 5118 
5267 5118 5167 5168 5119 
5268 5119 5168 5169 5120 
5269 5120 5169 5170 5121 
5270 5121 5170 5171 5122 
5271 5122 5171 5172 5123 
5272 5123 5172 5173 5124 
5273 5124 5173 5174 5125 
5274 5125 5174 5175 5126 
5275 5126 5175 5176 5127 
5276 5127 5176 5177 5128 
5277 5128 5177 5178 5129 
5278 5129 5178 5179 5130 
5279 5130 5179 5180 5131 
5280 5131 5180 5181 5132 
5281 5132 5181 5182 5133 
5282 5133 5182 5183 5134 
5283 5134 5183 5184 5135 
5284 5135 5184 5185 5136 
5285 5136 5185 5186 5137 
5286 5137 5186 5187 5138 
5287 5138 5187 5188 5139 
5288 5139 5188 5189 5140 
5289 5140 5189 5190 5141 
5290 5141 5190 5191 5142 
5291 5142 5191 5192 5143 
5292 5143 5192 5193 5144 
5293 5144 5193 5194 5145 
5294 5145 5194 5195 5146 
5295 5146 5195 5196 5147 
5296 5147 5196 5197 5148 
5297 5148 5197 5198 5149 
5298 5149 5198 5199 5150 
5299 5150 5199 5200 5151 
5300 5151 5200 5201 5152 
5301 5152 5201 5202 5153 
5302 5153 5202 5203 5154 
5303 5154 5203 5204 5155 
5304 5155 5204 108 109 
5305 348 349 5205 5156 
5306 5156 5205 5206 5157 
5307 5157 5206 5207 5158 
5308 5158 5207 5208 5159 
5309 5159 5208 5209 5160 
5310 5160 5209 5210 5161 
5311 5161 5210 5211 5162 
5312 5162 5211 5212 5163 
5313 5163 5212 5213 5164 
5314 5164 5213 5214 5165 
5315 5165 5214 5215 5166 
5316 5166 5215 5216 5167 
5317 5167 5216 5217 5168 
5318 5168 5217 5218 5169 
5319 5169 5218 5219 5170 
5320 5170 5219 5220 5171 
5321 5171 5220 5221 5172 
5322 5172 5221 5222 5173 
5323 5173 5222 5223 5174 
5324 5174 5223 5224 5175 
5325 5175 5224 5225 5176 
5326 5176 5225 5226 5177 
5327 5177 5226 5227 5178 
5328 5178 5227 5228 5179 
5329 5179 5228 5229 5180 
5330 5180 5229 5230 5181 
5331 5181 5230 5231 5182 
5332 5182 5231 5232 5183 
5333 5183 5232 5233 5184 
5334 5184 5233 5234 5185 
5335 5185 5234 5235 5186 
5336 5186 5235 5236 5187 
5337 5187 5236 5237 5188 
5338 5188 5237 5238 5189 
5339 5189 5238 5239 5190 
5340 5190 5239 5240 5191 
5341 5191 5240 5241 5192 
5342 5192 5241 5242 5193 
5343 5193 5242 5243 5194 
5344 5194 5243 5244 5195 
5345 5195 5244 5245 5196 
5346 5196 5245 5246 5197 
5347 5197 5246 5247 5198 
5348 5198 5247 5248 5199 
5349 5199 5248 5249 5200 
5350 5200 5249 5250 5201 
5351 5201 5250 5251 5202 
5352 5202 5251 5252 5203 
5353 5203 5252 5253 5204 
5354 5204 5253 107 108 
5355 349 350 5254 5205 
5356 5205 5254 5255 5206 
5357 5206 5255 5256 5207 
5358 5207 5256 5257 5208 
5359 5208 5257 5258 5209 
5360 5209 5258 5259 5210 
5361 5210 5259 5260 5211 
5362 5211 5260 5261 5212 
5363 5212 5261 5262 5213 
5364 5213 5262 5263 5214 
5365 5214 5263 5264 5215 
5366 5215 5264 5265 5216 
5367 5216 5265 5266 5217 
5368 5217 5266 5267 5218 
5369 5218 5267 5268 5219 
5370 5219 5268 5269 5220 
5371 5220 5269 5270 5221 
5372 5221 5270 5271 5222 
5373 5222 5271 5272 5223 
5374 5223 5272 5273 5224 
5375 5224 5273 5274 5225 
5376 5225 5274 5275 5226 
5377 5226 5275 5276 5227 
5378 5227 5276 5277 5228 
5379 5228 5277 5278 5229 
5380 5229 5278 5279 5230 
5381 5230 5279 5280 5231 
5382 5231 5280 5281 5232 
5383 5232 5281 5282 5233 
5384 5233 5282 5283 5234 
5385 5234 5283 5284 5235 
5386 5235 5284 5285 5236 
5387 5236 5285 5286 5237 
5388 5237 5286 5287 5238 
5389 5238 5287 5288 5239 
5390 5239 5288 5289 5240 
5391 5240 5289 5290 5241 
5392 5241 5290 5291 5242 
5393 5242 5291 5292 5243 
5394 5243 5292 5293 5244 
5395 5244 5293 5294 5245 
5396 5245 5294 5295 5246 
5397 5246 5295 5296 5247 
5398 5247 5296 5297 5248 
5399 5248 5297 5298 5249 
5400 5249 5298 5299 5250 
5401 5250 5299 5300 5251 
5402 5251 5300 5301 5252 
5403 5252 5301 5302 5253 
5404 5253 5302 106 107 
5405 350 351 5303 5254 
5406 5254 5303 5304 5255 
5407 5255 5304 5305 5256 
5408 5256 5305 5306 5257 
5409 5257 5306 5307 5258 
5410 5258 5307 5308 5259 
5411 5259 5308 5309 5260 
5412 5260 5309 5310 5261 
5413 5261 5310 5311 5262 
5414 5262 5311 5312 5263 
5415 5263 5312 5313 5264 
5416 5264 5313 5314 5265 
5417 5265 5314 5315 5266 
5418 5266 5315 5316 5267 
5419 5267 5316 5317 5268 
5420 5268 5317 5318 5269 
5421 5269 5318 5319 5270 
5422 5270 5319 5320 5271 
5423 5271 5320 5321 5272 
5424 5272 5321 5322 5273 
5425 5273 5322 5323 5274 
5426 5274 5323 5324 5275 
5427 5275 5324 5325 5276 
5428 5276 5325 5326 5277 
5429 5277 5326 5327 5278 
5430 5278 5327 5328 5279 
5431 5279 5328 5329 5280 
5432 5280 5329 5330 5281 
5433 5281 5330 5331 5282 
5434 5282 5331 5332 5283 
5435 5283 5332 5333 5284 
5436 5284 5333 5334 5285 
5437 5285 5334 5335 5286 
5438 5286 5335 5336 5287 
5439 5287 5336 5337 5288 
5440 5288 5337 5338 5289 
5441 5289 5338 5339 5290 
5442 5290 5339 5340 5291 
5443 5291 5340 5341 5292 
5444 5292 5341 5342 5293 
5445 5293 5342 5343 5294 
5446 5294 5343 5344 5295 
5447 5295 5344 5345 5296 
5448 5296 5345 5346 5297 
5449 5297 5346 5347 5298 
5450 5298 5347 5348 5299 
5451 5299 5348 5349 5300 
5452 5300 5349 5350 5301 
5453 5301 5350 5351 5302 
5454 5302 5351 105 106 
5455 351 352 5352 5303 
5456 5303 5352 5353 5304 
5457 5304 5353 5354 5305 
5458 5305 5354 5355 5306 
5459 5306 5355 5356 5307 
5460 5307 5356 5357 5308 
5461 5308 5357 5358 5309 
5462 5309 5358 5359 5310 
5463 5310 5359 5360 5311 
5464 5311 5360 5361 5312 
5465 5312 5361 5362 5313 
5466 5313 5362 5363 5314 
5467 5314 5363 5364 5315 
5468 5315 5364 5365 5316 
5469 5316 5365 5366 5317 
5470 5317 5366 5367 5318 
5471 5318 5367 5368 5319 
5472 5319 5368 5369 5320 
5473 5320 5369 5370 5321 
5474 5321 5370 5371 5322 
5475 5322 5371 5372 5323 
5476 5323 5372 5373 5324 
5477 5324 5373 5374 5325 
5478 5325 5374 5375 5326 
5479 5326 5375 5376 5327 
5480 5327 5376 5377 5328 
5481 5328 5377 5378 5329 
5482 5329 5378 5379 5330 
5483 5330 5379 5380 5331 
5484 5331 5380 5381 5332 
5485 5332 5381 5382 5333 
5486 5333 5382 5383 5334 
5487 5334 5383 5384 5335 
5488 5335 5384 5385 5336 
5489 5336 5385 5386 5337 
5490 5337 5386 5387 5338 
5491 5338 5387 5388 5339 
5492 5339 5388 5389 5340 
5493 5340 5389 5390 5341 
5494 5341 5390 5391 5342 
5495 5342 5391 5392 5343 
5496 5343 5392 5393 5344 
5497 5344 5393 5394 5345 
5498 5345 5394 5395 5346 
5499 5346 5395 5396 5347 
5500 5347 5396 5397 5348 
5501 5348 5397 5398 5349 
5502 5349 5398 5399 5350 
5503 5350 5399 5400 5351 
5504 5351 5400 104 105 
5505 352 353 5401 5352 
5506 5352 5401 5402 5353 
5507 5353 5402 5403 5354 
5508 5354 5403 5404 5355 
5509 5355 5404 5405 5356 
5510 5356 5405 5406 5357 
5511 5357 5406 5407 5358 
5512 5358 5407 5408 5359 
5513 5359 5408 5409 5360 
5514 5360 5409 5410 5361 
5515 5361 5410 5411 5362 
5516 5362 5411 5412 5363 
5517 5363 5412 5413 5364 
5518 5364 5413 5414 5365 
5519 5365 5414 5415 5366 
5520 5366 5415 5416 5367 
5521 5367 5416 5417 5368 
5522 5368 5417 5418 5369 
5523 5369 5418 5419 5370 
5524 5370 5419 5420 5371 
5525 5371 5420 5421 5372 
5526 5372 5421 5422 5373 
5527 5373 5422 5423 5374 
5528 5374 5423 5424 5375 
5529 5375 5424 5425 5376 
5530 5376 5425 5426 5377 
5531 5377 5426 5427 5378 
5532 5378 5427 5428 5379 
5533 5379 5428 5429 5380 
5534 5380 5429 5430 5381 
5535 5381 5430 5431 5382 
5536 5382 5431 5432 5383 
5537 5383 5432 5433 5384 
5538 5384 5433 5434 5385 
5539 5385 5434 5435 5386 
5540 5386 5435 5436 5387 
5541 5387 5436 5437 5388 
5542 5388 5437 5438 5389 
5543 5389 5438 5439 5390 
5544 5390 5439 5440 5391 
5545 5391 5440 5441 5392 
5546 5392 5441 5442 5393 
5547 5393 5442 5443 5394 
5548 5394 5443 5444 5395 
5549 5395 5444 5445 5396 
5550 5396 5445 5446 5397 
5551 5397 5446 5447 5398 
5552 5398 5447 5448 5399 
5553 5399 5448 5449 5400 
5554 5400 5449 103 104 
5555 353 354 5450 5401 
5556 5401 5450 5451 5402 
5557 5402 5451 5452 5403 
5558 5403 5452 5453 5404 
5559 5404 5453 5454 5405 
5560 5405 5454 5455 5406 
5561 5406 5455 5456 5407 
5562 5407 5456 5457 5408 
5563 5408 5457 5458 5409 
5564 5409 5458 5459 5410 
5565 5410 5459 5460 5411 
5566 5411 5460 5461 5412 
5567 5412 5461 5462 5413 
5568 5413 5462 5463 5414 
5569 5414 5463 5464 5415 
5570 5415 5464 5465 5416 
5571 5416 5465 5466 5417 
5572 5417 5466 5467 5418 
5573 5418 5467 5468 5419 
5574 5419 5468 5469 5420 
5575 5420 5469 5470 5421 
5576 5421 5470 5471 5422 
5577 5422 5471 5472 5423 
5578 5423 5472 5473 5424 
5579 5424 5473 5474 5425 
5580 5425 5474 5475 5426 
5581 5426 5475 5476 5427 
5582 5427 5476 5477 5428 
5583 5428 5477 5478 5429 
5584 5429 5478 5479 5430 
5585 5430 5479 5480 5431 
5586 5431 5480 5481 5432 
5587 5432 5481 5482 5433 
5588 5433 5482 5483 5434 
5589 5434 5483 5484 5435 
5590 5435 5484 5485 5436 
5591 5436 5485 5486 5437 
5592 5437 5486 5487 5438 
5593 5438 5487 5488 5439 
5594 5439 5488 5489 5440 
5595 5440 5489 5490 5441 
5596 5441 5490 5491 5442 
5597 5442 5491 5492 5443 
5598 5443 5492 5493 5444 
5599 5444 5493 5494 5445 
5600 5445 5494 5495 5446 
5601 5446 5495 5496 5447 
5602 5447 5496 5497 5448 
5603 5448 5497 5498 5449 
5604 5449 5498 102 103 
5605 354 355 5499 5450 
5606 5450 5499 5500 5451 
5607 5451 5500 5501 5452 
5608 5452 5501 5502 5453 
5609 5453 5502 5503 5454 
5610 5454 5503 5504 5455 
5611 5455 5504 5505 5456 
5612 5456 5505 5506 5457 
5613 5457 5506 5507 5458 
5614 5458 5507 5508 5459 
5615 5459 5508 5509 5460 
5616 5460 5509 5510 5461 
5617 5461 5510 5511 5462 
5618 5462 5511 5512 5463 
5619 5463 5512 5513 5464 
5620 5464 5513 5514 5465 
5621 5465 5514 5515 5466 
5622 5466 5515 5516 5467 
5623 5467 5516 5517 5468 
5624 5468 5517 5518 5469 
5625 5469 5518 5519 5470 
5626 5470 5519 5520 5471 
5627 5471 5520 5521 5472 
5628 5472 5521 5522 5473 
5629 5473 5522 5523 5474 
5630 5474 5523 5524 5475 
5631 5475 5524 5525 5476 
5632 5476 5525 5526 5477 
5633 5477 5526 5527 5478 
5634 5478 5527 5528 5479 
5635 5479 5528 5529 5480 
5636 5480 5529 5530 5481 
5637 5481 5530 5531 5482 
5638 5482 5531 5532 5483 
5639 5483 5532 5533 5484 
5640 5484 5533 5534 5485 
5641 5485 5534 5535 5486 
5642 5486 5535 5536 5487 
5643 5487 5536 5537 5488 
5644 5488 5537 5538 5489 
5645 5489 5538 5539 5490 
5646 5490 5539 5540 5491 
5647 5491 5540 5541 5492 
5648 5492 5541 5542 5493 
5649 5493 5542 5543 5494 
5650 5494 5543 5544 5495 
5651 5495 5544 5545 5496 
5652 5496 5545 5546 5497 
5653 5497 5546 5547 5498 
5654 5498 5547 101 102 
5655 355 356 5548 5499 
5656 5499 5548 5549 5500 
5657 5500 5549 5550 5501 
5658 5501 5550 5551 5502 
5659 5502 5551 5552 5503 
5660 5503 5552 5553 5504 
5661 5504 5553 5554 5505 
5662 5505 5554 5555 5506 
5663 5506 5555 5556 5507 
5664 5507 5556 5557 5508 
5665 5508 5557 5558 5509 
5666 5509 5558 5559 5510 
5667 5510 5559 5560 5511 
5668 5511 5560 5561 5512 
5669 5512 5561 5562 5513 
5670 5513 5562 5563 5514 
5671 5514 5563 5564 5515 
5672 5515 5564 5565 5516 
5673 5516 5565 5566 5517 
5674 5517 5566 5567 5518 
5675 5518 5567 5568 5519 
5676 5519 5568 5569 5520 
5677 5520 5569 5570 5521 
5678 5521 5570 5571 5522 
5679 5522 5571 5572 5523 
5680 5523 5572 5573 5524 
5681 5524 5573 5574 5525 
5682 5525 5574 5575 5526 
5683 5526 5575 5576 5527 
5684 5527 5576 5577 5528 
5685 5528 5577 5578 5529 
5686 5529 5578 5579 5530 
5687 5530 5579 5580 5531 
5688 5531 5580 5581 5532 
5689 5532 5581 5582 5533 
5690 5533 5582 5583 5534 
5691 5534 5583 5584 5535 
5692 5535 5584 5585 5536 
5693 5536 5585 5586 5537 
5694 5537 5586 5587 5538 
5695 5538 5587 5588 5539 
5696 5539 5588 5589 5540 
5697 5540 5589 5590 5541 
5698 5541 5590 5591 5542 
5699 5542 5591 5592 5543 
5700 5543 5592 5593 5544 
5701 5544 5593 5594 5545 
5702 5545 5594 5595 5546 
5703 5546 5595 5596 5547 
5704 5547 5596 100 101 
5705 356 357 5597 5548 
5706 5548 5597 5598 5549 
5707 5549 5598 5599 5550 
5708 5550 5599 5600 5551 
5709 5551 5600 5601 5552 
5710 5552 5601 5602 5553 
5711 5553 5602 5603 5554 
5712 5554 5603 5604 5555 
5713 5555 5604 5605 5556 
5714 5556 5605 5606 5557 
5715 5557 5606 5607 5558 
5716 5558 5607 5608 5559 
5717 5559 5608 5609 5560 
5718 5560 5609 5610 5561 
5719 5561 5610 5611 5562 
5720 5562 5611 5612 5563 
5721 5563 5612 5613 5564 
5722 5564 5613 5614 5565 
5723 5565 5614 5615 5566 
5724 5566 5615 5616 5567 
5725 5567 5616 5617 5568 
5726 5568 5617 5618 5569 
5727 5569 5618 5619 5570 
5728 5570 5619 5620 5571 
5729 5571 5620 5621 5572 
5730 5572 5621 5622 5573 
5731 5573 5622 5623 5574 
5732 5574 5623 5624 5575 
5733 5575 5624 5625 5576 
5734 5576 5625 5626 5577 
5735 5577 5626 5627 5578 
5736 5578 5627 5628 5579 
5737 5579 5628 5629 5580 
5738 5580 5629 5630 5581 
5739 5581 5630 5631 5582 
5740 5582 5631 5632 5583 
5741 5583 5632 5633 5584 
5742 5584 5633 5634 5585 
5743 5585 5634 5635 5586 
5744 5586 5635 5636 5587 
5745 5587 5636 5637 5588 
5746 5588 5637 5638 5589 
5747 5589 5638 5639 5590 
5748 5590 5639 5640 5591 
5749 5591 5640 5641 5592 
5750 5592 5641 5642 5593 
5751 5593 5642 5643 5594 
5752 5594 5643 5644 5595 
5753 5595 5644 5645 5596 
5754 5596 5645 99 100 
5755 357 358 5646 5597 
5756 5597 5646 5647 5598 
5757 5598 5647 5648 5599 
5758 5599 5648 5649 5600 
5759 5600 5649 5650 5601 
5760 5601 5650 5651 5602 
5761 5602 5651 5652 5603 
5762 5603 5652 5653 5604 
5763 5604 5653 5654 5605 
5764 5605 5654 5655 5606 
5765 5606 5655 5656 5607 
5766 5607 5656 5657 5608 
5767 5608 5657 5658 5609 
5768 5609 5658 5659 5610 
5769 5610 5659 5660 5611 
5770 5611 5660 5661 5612 
5771 5612 5661 5662 5613 
5772 5613 5662 5663 5614 
5773 5614 5663 5664 5615 
5774 5615 5664 5665 5616 
5775 5616 5665 5666 5617 
5776 5617 5666 5667 5618 
5777 5618 5667 5668 5619 
5778 5619 5668 5669 5620 
5779 5620 5669 5670 5621 
5780 5621 5670 5671 5622 
5781 5622 5671 5672 5623 
5782 5623 5672 5673 5624 
5783 5624 5673 5674 5625 
5784 5625 5674 5675 5626 
5785 5626 5675 5676 5627 
5786 5627 5676 5677 5628 
5787 5628 5677 5678 5629 
5788 5629 5678 5679 5630 
5789 5630 5679 5680 5631 
5790 5631 5680 5681 5632 
5791 5632 5681 5682 5633 
5792 5633 5682 5683 5634 
5793 5634 5683 5684 5635 
5794 5635 5684 5685 5636 
5795 5636 5685 5686 5637 
5796 5637 5686 5687 5638 
5797 5638 5687 5688 5639 
5798 5639 5688 5689 5640 
5799 5640 5689 5690 5641 
5800 5641 5690 5691 5642 
5801 5642 5691 5692 5643 
5802 5643 5692 5693 5644 
5803 5644 5693 5694 5645 
5804 5645 5694 98 99 
5805 358 359 5695 5646 
5806 5646 5695 5696 5647 
5807 5647 5696 5697 5648 
5808 5648 5697 5698 5649 
5809 5649 5698 5699 5650 
5810 5650 5699 5700 5651 
5811 5651 5700 5701 5652 
5812 5652 5701 5702 5653 
5813 5653 5702 5703 5654 
5814 5654 5703 5704 5655 
5815 5655 5704 5705 5656 
5816 5656 5705 5706 5657 
5817 5657 5706 5707 5658 
5818 5658 5707 5708 5659 
5819 5659 5708 5709 5660 
5820 5660 5709 5710 5661 
5821 5661 5710 5711 5662 
5822 5662 5711 5712 5663 
5823 5663 5712 5713 5664 
5824 5664 5713 5714 5665 
5825 5665 5714 5715 5666 
5826 5666 5715 5716 5667 
5827 5667 5716 5717 5668 
5828 5668 5717 5718 5669 
5829 5669 5718 5719 5670 
5830 5670 5719 5720 5671 
5831 5671 5720 5721 5672 
5832 5672 5721 5722 5673 
5833 5673 5722 5723 5674 
5834 5674 5723 5724 5675 
5835 5675 5724 5725 5676 
5836 5676 5725 5726 5677 
5837 5677 5726 5727 5678 
5838 5678 5727 5728 5679 
5839 5679 5728 5729 5680 
5840 5680 5729 5730 5681 
5841 5681 5730 5731 5682 
5842 5682 5731 5732 5683 
5843 5683 5732 5733 5684 
5844 5684 5733 5734 5685 
5845 5685 5734 5735 5686 
5846 5686 5735 5736 5687 
5847 5687 5736 5737 5688 
5848 5688 5737 5738 5689 
5849 5689 5738 5739 5690 
5850 5690 5739 5740 5691 
5851 5691 5740 5741 5692 
5852 5692 5741 5742 5693 
5853 5693 5742 5743 5694 
5854 5694 5743 97 98 
5855 359 360 5744 5695 
5856 5695 5744 5745 5696 
5857 5696 5745 5746 5697 
5858 5697 5746 5747 5698 
5859 5698 5747 5748 5699 
5860 5699 5748 5749 5700 
5861 5700 5749 5750 5701 
5862 5701 5750 5751 5702 
5863 5702 5751 5752 5703 
5864 5703 5752 5753 5704 
5865 5704 5753 5754 5705 
5866 5705 5754 5755 5706 
5867 5706 5755 5756 5707 
5868 5707 5756 5757 5708 
5869 5708 5757 5758 5709 
5870 5709 5758 5759 5710 
5871 5710 5759 5760 5711 
5872 5711 5760 5761 5712 
5873 5712 5761 5762 5713 
5874 5713 5762 5763 5714 
5875 5714 5763 5764 5715 
5876 5715 5764 5765 5716 
5877 5716 5765 5766 5717 
5878 5717 5766 5767 5718 
5879 5718 5767 5768 5719 
5880 5719 5768 5769 5720 
5881 5720 5769 5770 5721 
5882 5721 5770 5771 5722 
5883 5722 5771 5772 5723 
5884 5723 5772 5773 5724 
5885 5724 5773 5774 5725 
5886 5725 5774 5775 5726 
5887 5726 5775 5776 5727 
5888 5727 5776 5777 5728 
5889 5728 5777 5778 5729 
5890 5729 5778 5779 5730 
5891 5730 5779 5780 5731 
5892 5731 5780 5781 5732 
5893 5732 5781 5782 5733 
5894 5733 5782 5783 5734 
5895 5734 5783 5784 5735 
5896 5735 5784 5785 5736 
5897 5736 5785 5786 5737 
5898 5737 5786 5787 5738 
5899 5738 5787 5788 5739 
5900 5739 5788 5789 5740 
5901 5740 5789 5790 5741 
5902 5741 5790 5791 5742 
5903 5742 5791 5792 5743 
5904 5743 5792 96 97 
5905 360 361 5793 5744 
5906 5744 5793 5794 5745 
5907 5745 5794 5795 5746 
5908 5746 5795 5796 5747 
5909 5747 5796 5797 5748 
5910 5748 5797 5798 5749 
5911 5749 5798 5799 5750 
5912 5750 5799 5800 5751 
5913 5751 5800 5801 5752 
5914 5752 5801 5802 5753 
5915 5753 5802 5803 5754 
5916 5754 5803 5804 5755 
5917 5755 5804 5805 5756 
5918 5756 5805 5806 5757 
5919 5757 5806 5807 5758 
5920 5758 5807 5808 5759 
5921 5759 5808 5809 5760 
5922 5760 5809 5810 5761 
5923 5761 5810 5811 5762 
5924 5762 5811 5812 5763 
5925 5763 5812 5813 5764 
5926 5764 5813 5814 5765 
5927 5765 5814 5815 5766 
5928 5766 5815 5816 5767 
5929 5767 5816 5817 5768 
5930 5768 5817 5818 5769 
5931 5769 5818 5819 5770 
5932 5770 5819 5820 5771 
5933 5771 5820 5821 5772 
5934 5772 5821 5822 5773 
5935 5773 5822 5823 5774 
5936 5774 5823 5824 5775 
5937 5775 5824 5825 5776 
5938 5776 5825 5826 5777 
5939 5777 5826 5827 5778 
5940 5778 5827 5828 5779 
5941 5779 5828 5829 5780 
5942 5780 5829 5830 5781 
5943 5781 5830 5831 5782 
5944 5782 5831 5832 5783 
5945 5783 5832 5833 5784 
5946 5784 5833 5834 5785 
5947 5785 5834 5835 5786 
5948 5786 5835 5836 5787 
5949 5787 5836 5837 5788 
5950 5788 5837 5838 5789 
5951 5789 5838 5839 5790 
5952 5790 5839 5840 5791 
5953 5791 5840 5841 5792 
5954 5792 5841 95 96 
5955 361 362 5842 5793 
5956 5793 5842 5843 5794 
5957 5794 5843 5844 5795 
5958 5795 5844 5845 5796 
5959 5796 5845 5846 5797 
5960 5797 5846 5847 5798 
5961 5798 5847 5848 5799 
5962 5799 5848 5849 5800 
5963 5800 5849 5850 5801 
5964 5801 5850 5851 5802 
5965 5802 5851 5852 5803 
5966 5803 5852 5853 5804 
5967 5804 5853 5854 5805 
5968 5805 5854 5855 5806 
5969 5806 5855 5856 5807 
5970 5807 5856 5857 5808 
5971 5808 5857 5858 5809 
5972 5809 5858 5859 5810 
5973 5810 5859 5860 5811 
5974 5811 5860 5861 5812 
5975 5812 5861 5862 5813 
5976 5813 5862 5863 5814 
5977 5814 5863 5864 5815 
5978 5815 5864 5865 5816 
5979 5816 5865 5866 5817 
5980 5817 5866 5867 5818 
5981 5818 5867 5868 5819 
5982 5819 5868 5869 5820 
5983 5820 5869 5870 5821 
5984 5821 5870 5871 5822 
5985 5822 5871 5872 5823 
5986 5823 5872 5873 5824 
5987 5824 5873 5874 5825 
5988 5825 5874 5875 5826 
5989 5826 5875 5876 5827 
5990 5827 5876 5877 5828 
5991 5828 5877 5878 5829 
5992 5829 5878 5879 5830 
5993 5830 5879 5880 5831 
5994 5831 5880 5881 5832 
5995 5832 5881 5882 5833 
5996 5833 5882 5883 5834 
5997 5834 5883 5884 5835 
5998 5835 5884 5885 5836 
5999 5836 5885 5886 5837 
6000 5837 5886 5887 5838 
6001 5838 5887 5888 5839 
6002 5839 5888 5889 5840 
6003 5840 5889 5890 5841 
6004 5841 5890 94 95 
6005 362 363 5891 5842 
6006 5842 5891 5892 5843 
6007 5843 5892 5893 5844 
6008 5844 5893 5894 5845 
6009 5845 5894 5895 5846 
6010 5846 5895 5896 5847 
6011 5847 5896 5897 5848 
6012 5848 5897 5898 5849 
6013 5849 5898 5899 5850 
6014 5850 5899 5900 5851 
6015 5851 5900 5901 5852 
6016 5852 5901 5902 5853 
6017 5853 5902 5903 5854 
6018 5854 5903 5904 5855 
6019 5855 5904 5905 5856 
6020 5856 5905 5906 5857 
6021 5857 5906 5907 5858 
6022 5858 5907 5908 5859 
6023 5859 5908 5909 5860 
6024 5860 5909 5910 5861 
6025 5861 5910 5911 5862 
6026 5862 5911 5912 5863 
6027 5863 5912 5913 5864 
6028 5864 5913 5914 5865 
6029 5865 5914 5915 5866 
6030 5866 5915 5916 5867 
6031 5867 5916 5917 5868 
6032 5868 5917 5918 5869 
6033 5869 5918 5919 5870 
6034 5870 5919 5920 5871 
6035 5871 5920 5921 5872 
6036 5872 5921 5922 5873 
6037 5873 5922 5923 5874 
6038 5874 5923 5924 5875 
6039 5875 5924 5925 5876 
6040 5876 5925 5926 5877 
6041 5877 5926 5927 5878 
6042 5878 5927 5928 5879 
6043 5879 5928 5929 5880 
6044 5880 5929 5930 5881 
6045 5881 5930 5931 5882 
6046 5882 5931 5932 5883 
6047 5883 5932 5933 5884 
6048 5884 5933 5934 5885 
6049 5885 5934 5935 5886 
6050 5886 5935 5936 5887 
6051 5887 5936 5937 5888 
6052 5888 5937 5938 5889 
6053 5889 5938 5939 5890 
6054 5890 5939 93 94 
6055 363 364 5940 5891 
6056 5891 5940 5941 5892 
6057 5892 5941 5942 5893 
6058 5893 5942 5943 5894 
6059 5894 5943 5944 5895 
6060 5895 5944 5945 5896 
6061 5896 5945 5946 5897 
6062 5897 5946 5947 5898 
6063 5898 5947 5948 5899 
6064 5899 5948 5949 5900 
6065 5900 5949 5950 5901 
6066 5901 5950 5951 5902 
6067 5902 5951 5952 5903 
6068 5903 5952 5953 5904 
6069 5904 5953 5954 5905 
6070 5905 5954 5955 5906 
6071 5906 5955 5956 5907 
6072 5907 5956 5957 5908 
6073 5908 5957 5958 5909 
6074 5909 5958 5959 5910 
6075 5910 5959 5960 5911 
6076 5911 5960 5961 5912 
6077 5912 5961 5962 5913 
6078 5913 5962 5963 5914 
6079 5914 5963 5964 5915 
6080 5915 5964 5965 5916 
6081 5916 5965 5966 5917 
6082 5917 5966 5967 5918 
6083 5918 5967 5968 5919 
6084 5919 5968 5969 5920 
6085 5920 5969 5970 5921 
6086 5921 5970 5971 5922 
6087 5922 5971 5972 5923 
6088 5923 5972 5973 5924 
6089 5924 5973 5974 5925 
6090 5925 5974 5975 5926 
6091 5926 5975 5976 5927 
6092 5927 5976 5977 5928 
6093 5928 5977 5978 5929 
6094 5929 5978 5979 5930 
6095 5930 5979 5980 5931 
6096 5931 5980 5981 5932 
6097 5932 5981 5982 5933 
6098 5933 5982 5983 5934 
6099 5934 5983 5984 5935 
6100 5935 5984 5985 5936 
6101 5936 5985 5986 5937 
6102 5937 5986 5987 5938 
6103 5938 5987 5988 5939 
6104 5939 5988 92 93 
6105 364 365 5989 5940 
6106 5940 5989 5990 5941 
6107 5941 5990 5991 5942 
6108 5942 5991 5992 5943 
6109 5943 5992 5993 5944 
6110 5944 5993 5994 5945 
6111 5945 5994 5995 5946 
6112 5946 5995 5996 5947 
6113 5947 5996 5997 5948 
6114 5948 5997 5998 5949 
6115 5949 5998 5999 5950 
6116 5950 5999 6000 5951 
6117 5951 6000 6001 5952 
6118 5952 6001 6002 5953 
6119 5953 6002 6003 5954 
6120 5954 6003 6004 5955 
6121 5955 6004 6005 5956 
6122 5956 6005 6006 5957 
6123 5957 6006 6007 5958 
6124 5958 6007 6008 5959 
6125 5959 6008 6009 5960 
6126 5960 6009 6010 5961 
6127 5961 6010 6011 5962 
6128 5962 6011 6012 5963 
6129 5963 6012 6013 5964 
6130 5964 6013 6014 5965 
6131 5965 6014 6015 5966 
6132 5966 6015 6016 5967 
6133 5967 6016 6017 5968 
6134 5968 6017 6018 5969 
6135 5969 6018 6019 5970 
6136 5970 6019 6020 5971 
6137 5971 6020 6021 5972 
6138 5972 6021 6022 5973 
6139 5973 6022 6023 5974 
6140 5974 6023 6024 5975 
6141 5975 6024 6025 5976 
6142 5976 6025 6026 5977 
6143 5977 6026 6027 5978 
6144 5978 6027 6028 5979 
6145 5979 6028 6029 5980 
6146 5980 6029 6030 5981 
6147 5981 6030 6031 5982 
6148 5982 6031 6032 5983 
6149 5983 6032 6033 5984 
6150 5984 6033 6034 5985 
6151 5985 6034 6035 5986 
6152 5986 6035 6036 5987 
6153 5987 6036 6037 5988 
6154 5988 6037 91 92 
6155 365 366 6038 5989 
6156 5989 6038 6039 5990 
6157 5990 6039 6040 5991 
6158 5991 6040 6041 5992 
6159 5992 6041 6042 5993 
6160 5993 6042 6043 5994 
6161 5994 6043 6044 5995 
6162 5995 6044 6045 5996 
6163 5996 6045 6046 5997 
6164 5997 6046 6047 5998 
6165 5998 6047 6048 5999 
6166 5999 6048 6049 6000 
6167 6000 6049 6050 6001 
6168 6001 6050 6051 6002 
6169 6002 6051 6052 6003 
6170 6003 6052 6053 6004 
6171 6004 6053 6054 6005 
6172 6005 6054 6055 6006 
6173 6006 6055 6056 6007 
6174 6007 6056 6057 6008 
6175 6008 6057 6058 6009 
6176 6009 6058 6059 6010 
6177 6010 6059 6060 6011 
6178 6011 6060 6061 6012 
6179 6012 6061 6062 6013 
6180 6013 6062 6063 6014 
6181 6014 6063 6064 6015 
6182 6015 6064 6065 6016 
6183 6016 6065 6066 6017 
6184 6017 6066 6067 6018 
6185 6018 6067 6068 6019 
6186 6019 6068 6069 6020 
6187 6020 6069 6070 6021 
6188 6021 6070 6071 6022 
6189 6022 6071 6072 6023 
6190 6023 6072 6073 6024 
6191 6024 6073 6074 6025 
6192 6025 6074 6075 6026 
6193 6026 6075 6076 6027 
6194 6027 6076 6077 6028 
6195 6028 6077 6078 6029 
6196 6029 6078 6079 6030 
6197 6030 6079 6080 6031 
6198 6031 6080 6081 6032 
6199 6032 6081 6082 6033 
6200 6033 6082 6083 6034 
6201 6034 6083 6084 6035 
6202 6035 6084 6085 6036 
6203 6036 6085 6086 6037 
6204 6037 6086 90 91 
6205 366 367 6087 6038 
6206 6038 6087 6088 6039 
6207 6039 6088 6089 6040 
6208 6040 6089 6090 6041 
6209 6041 6090 6091 6042 
6210 6042 6091 6092 6043 
6211 6043 6092 6093 6044 
6212 6044 6093 6094 6045 
6213 6045 6094 6095 6046 
6214 6046 6095 6096 6047 
6215 6047 6096 6097 6048 
6216 6048 6097 6098 6049 
6217 6049 6098 6099 6050 
6218 6050 6099 6100 6051 
6219 6051 6100 6101 6052 
6220 6052 6101 6102 6053 
6221 6053 6102 6103 6054 
6222 6054 6103 6104 6055 
6223 6055 6104 6105 6056 
6224 6056 6105 6106 6057 
6225 6057 6106 6107 6058 
6226 6058 6107 6108 6059 
6227 6059 6108 6109 6060 
6228 6060 6109 6110 6061 
6229 6061 6110 6111 6062 
6230 6062 6111 6112 6063 
6231 6063 6112 6113 6064 
6232 6064 6113 6114 6065 
6233 6065 6114 6115 6066 
6234 6066 6115 6116 6067 
6235 6067 6116 6117 6068 
6236 6068 6117 6118 6069 
6237 6069 6118 6119 6070 
6238 6070 6119 6120 6071 
6239 6071 6120 6121 6072 
6240 6072 6121 6122 6073 
6241 6073 6122 6123 6074 
6242 6074 6123 6124 6075 
6243 6075 6124 6125 6076 
6244 6076 6125 6126 6077 
6245 6077 6126 6127 6078 
6246 6078 6127 6128 6079 
6247 6079 6128 6129 6080 
6248 6080 6129 6130 6081 
6249 6081 6130 6131 6082 
6250 6082 6131 6132 6083 
6251 6083 6132 6133 6084 
6252 6084 6133 6134 6085 
6253 6085 6134 6135 6086 
6254 6086 6135 89 90 
6255 367 368 6136 6087 
6256 6087 6136 6137 6088 
6257 6088 6137 6138 6089 
6258 6089 6138 6139 6090 
6259 6090 6139 6140 6091 
6260 6091 6140 6141 6092 
6261 6092 6141 6142 6093 
6262 6093 6142 6143 6094 
6263 6094 6143 6144 6095 
6264 6095 6144 6145 6096 
6265 6096 6145 6146 6097 
6266 6097 6146 6147 6098 
6267 6098 6147 6148 6099 
6268 6099 6148 6149 6100 
6269 6100 6149 6150 6101 
6270 6101 6150 6151 6102 
6271 6102 6151 6152 6103 
6272 6103 6152 6153 6104 
6273 6104 6153 6154 6105 
6274 6105 6154 6155 6106 
6275 6106 6155 6156 6107 
6276 6107 6156 6157 6108 
6277 6108 6157 6158 6109 
6278 6109 6158 6159 6110 
6279 6110 6159 6160 6111 
6280 6111 6160 6161 6112 
6281 6112 6161 6162 6113 
6282 6113 6162 6163 6114 
6283 6114 6163 6164 6115 
6284 6115 6164 6165 6116 
6285 6116 6165 6166 6117 
6286 6117 6166 6167 6118 
6287 6118 6167 6168 6119 
6288 6119 6168 6169 6120 
6289 6120 6169 6170 6121 
6290 6121 6170 6171 6122 
6291 6122 6171 6172 6123 
6292 6123 6172 6173 6124 
6293 6124 6173 6174 6125 
6294 6125 6174 6175 6126 
6295 6126 6175 6176 6127 
6296 6127 6176 6177 6128 
6297 6128 6177 6178 6129 
6298 6129 6178 6179 6130 
6299 6130 6179 6180 6131 
6300 6131 6180 6181 6132 
6301 6132 6181 6182 6133 
6302 6133 6182 6183 6134 
6303 6134 6183 6184 6135 
6304 6135 6184 88 89 
6305 368 369 6185 6136 
6306 6136 6185 6186 6137 
6307 6137 6186 6187 6138 
6308 6138 6187 6188 6139 
6309 6139 6188 6189 6140 
6310 6140 6189 6190 6141 
6311 6141 6190 6191 6142 
6312 6142 6191 6192 6143 
6313 6143 6192 6193 6144 
6314 6144 6193 6194 6145 
6315 6145 6194 6195 6146 
6316 6146 6195 6196 6147 
6317 6147 6196 6197 6148 
6318 6148 6197 6198 6149 
6319 6149 6198 6199 6150 
6320 6150 6199 6200 6151 
6321 6151 6200 6201 6152 
6322 6152 6201 6202 6153 
6323 6153 6202 6203 6154 
6324 6154 6203 6204 6155 
6325 6155 6204 6205 6156 
6326 6156 6205 6206 6157 
6327 6157 6206 6207 6158 
6328 6158 6207 6208 6159 
6329 6159 6208 6209 6160 
6330 6160 6209 6210 6161 
6331 6161 6210 6211 6162 
6332 6162 6211 6212 6163 
6333 6163 6212 6213 6164 
6334 6164 6213 6214 6165 
6335 6165 6214 6215 6166 
6336 6166 6215 6216 6167 
6337 6167 6216 6217 6168 
6338 6168 6217 6218 6169 
6339 6169 6218 6219 6170 
6340 6170 6219 6220 6171 
6341 6171 6220 6221 6172 
6342 6172 6221 6222 6173 
6343 6173 6222 6223 6174 
6344 6174 6223 6224 6175 
6345 6175 6224 6225 6176 
6346 6176 6225 6226 6177 
6347 6177 6226 6227 6178 
6348 6178 6227 6228 6179 
6349 6179 6228 6229 6180 
6350 6180 6229 6230 6181 
6351 6181 6230 6231 6182 
6352 6182 6231 6232 6183 
6353 6183 6232 6233 6184 
6354 6184 6233 87 88 
6355 369 370 6234 6185 
6356 6185 6234 6235 6186 
6357 6186 6235 6236 6187 
6358 6187 6236 6237 6188 
6359 6188 6237 6238 6189 
6360 6189 6238 6239 6190 
6361 6190 6239 6240 6191 
6362 6191 6240 6241 6192 
6363 6192 6241 6242 6193 
6364 6193 6242 6243 6194 
6365 6194 6243 6244 6195 
6366 6195 6244 6245 6196 
6367 6196 6245 6246 6197 
6368 6197 6246 6247 6198 
6369 6198 6247 6248 6199 
6370 6199 6248 6249 6200 
6371 6200 6249 6250 6201 
6372 6201 6250 6251 6202 
6373 6202 6251 6252 6203 
6374 6203 6252 6253 6204 
6375 6204 6253 6254 6205 
6376 6205 6254 6255 6206 
6377 6206 6255 6256 6207 
6378 6207 6256 6257 6208 
6379 6208 6257 6258 6209 
6380 6209 6258 6259 6210 
6381 6210 6259 6260 6211 
6382 6211 6260 6261 6212 
6383 6212 6261 6262 6213 
6384 6213 6262 6263 6214 
6385 6214 6263 6264 6215 
6386 6215 6264 6265 6216 
6387 6216 6265 6266 6217 
6388 6217 6266 6267 6218 
6389 6218 6267 6268 6219 
6390 6219 6268 6269 6220 
6391 6220 6269 6270 6221 
6392 6221 6270 6271 6222 
6393 6222 6271 6272 6223 
6394 6223 6272 6273 6224 
6395 6224 6273 6274 6225 
6396 6225 6274 6275 6226 
6397 6226 6275 6276 6227 
6398 6227 6276 6277 6228 
6399 6228 6277 6278 6229 
6400 6229 6278 6279 6230 
6401 6230 6279 6280 6231 
6402 6231 6280 6281 6232 
6403 6232 6281 6282 6233 
6404 6233 6282 86 87 
6405 370 371 6283 6234 
6406 6234 6283 6284 6235 
6407 6235 6284 6285 6236 
6408 6236 6285 6286 6237 
6409 6237 6286 6287 6238 
6410 6238 6287 6288 6239 
6411 6239 6288 6289 6240 
6412 6240 6289 6290 6241 
6413 6241 6290 6291 6242 
6414 6242 6291 6292 6243 
6415 6243 6292 6293 6244 
6416 6244 6293 6294 6245 
6417 6245 6294 6295 6246 
6418 6246 6295 6296 6247 
6419 6247 6296 6297 6248 
6420 6248 6297 6298 6249 
6421 6249 6298 6299 6250 
6422 6250 6299 6300 6251 
6423 6251 6300 6301 6252 
6424 6252 6301 6302 6253 
6425 6253 6302 6303 6254 
6426 6254 6303 6304 6255 
6427 6255 6304 6305 6256 
6428 6256 6305 6306 6257 
6429 6257 6306 6307 6258 
6430 6258 6307 6308 6259 
6431 6259 6308 6309 6260 
6432 6260 6309 6310 6261 
6433 6261 6310 6311 6262 
6434 6262 6311 6312 6263 
6435 6263 6312 6313 6264 
6436 6264 6313 6314 6265 
6437 6265 6314 6315 6266 
6438 6266 6315 6316 6267 
6439 6267 6316 6317 6268 
6440 6268 6317 6318 6269 
6441 6269 6318 6319 6270 
6442 6270 6319 6320 6271 
6443 6271 6320 6321 6272 
6444 6272 6321 6322 6273 
6445 6273 6322 6323 6274 
6446 6274 6323 6324 6275 
6447 6275 6324 6325 6276 
6448 6276 6325 6326 6277 
6449 6277 6326 6327 6278 
6450 6278 6327 6328 6279 
6451 6279 6328 6329 6280 
6452 6280 6329 6330 6281 
6453 6281 6330 6331 6282 
6454 6282 6331 85 86 
6455 371 372 6332 6283 
6456 6283 6332 6333 6284 
6457 6284 6333 6334 6285 
6458 6285 6334 6335 6286 
6459 6286 6335 6336 6287 
6460 6287 6336 6337 6288 
6461 6288 6337 6338 6289 
6462 6289 6338 6339 6290 
6463 6290 6339 6340 6291 
6464 6291 6340 6341 6292 
6465 6292 6341 6342 6293 
6466 6293 6342 6343 6294 
6467 6294 6343 6344 6295 
6468 6295 6344 6345 6296 
6469 6296 6345 6346 6297 
6470 6297 6346 6347 6298 
6471 6298 6347 6348 6299 
6472 6299 6348 6349 6300 
6473 6300 6349 6350 6301 
6474 6301 6350 6351 6302 
6475 6302 6351 6352 6303 
6476 6303 6352 6353 6304 
6477 6304 6353 6354 6305 
6478 6305 6354 6355 6306 
6479 6306 6355 6356 6307 
6480 6307 6356 6357 6308 
6481 6308 6357 6358 6309 
6482 6309 6358 6359 6310 
6483 6310 6359 6360 6311 
6484 6311 6360 6361 6312 
6485 6312 6361 6362 6313 
6486 6313 6362 6363 6314 
6487 6314 6363 6364 6315 
6488 6315 6364 6365 6316 
6489 6316 6365 6366 6317 
6490 6317 6366 6367 6318 
6491 6318 6367 6368 6319 
6492 6319 6368 6369 6320 
6493 6320 6369 6370 6321 
6494 6321 6370 6371 6322 
6495 6322 6371 6372 6323 
6496 6323 6372 6373 6324 
6497 6324 6373 6374 6325 
6498 6325 6374 6375 6326 
6499 6326 6375 6376 6327 
6500 6327 6376 6377 6328 
6501 6328 6377 6378 6329 
6502 6329 6378 6379 6330 
6503 6330 6379 6380 6331 
6504 6331 6380 84 85 
6505 372 373 6381 6332 
6506 6332 6381 6382 6333 
6507 6333 6382 6383 6334 
6508 6334 6383 6384 6335 
6509 6335 6384 6385 6336 
6510 6336 6385 6386 6337 
6511 6337 6386 6387 6338 
6512 6338 6387 6388 6339 
6513 6339 6388 6389 6340 
6514 6340 6389 6390 6341 
6515 6341 6390 6391 6342 
6516 6342 6391 6392 6343 
6517 6343 6392 6393 6344 
6518 6344 6393 6394 6345 
6519 6345 6394 6395 6346 
6520 6346 6395 6396 6347 
6521 6347 6396 6397 6348 
6522 6348 6397 6398 6349 
6523 6349 6398 6399 6350 
6524 6350 6399 6400 6351 
6525 6351 6400 6401 6352 
6526 6352 6401 6402 6353 
6527 6353 6402 6403 6354 
6528 6354 6403 6404 6355 
6529 6355 6404 6405 6356 
6530 6356 6405 6406 6357 
6531 6357 6406 6407 6358 
6532 6358 6407 6408 6359 
6533 6359 6408 6409 6360 
6534 6360 6409 6410 6361 
6535 6361 6410 6411 6362 
6536 6362 6411 6412 6363 
6537 6363 6412 6413 6364 
6538 6364 6413 6414 6365 
6539 6365 6414 6415 6366 
6540 6366 6415 6416 6367 
6541 6367 6416 6417 6368 
6542 6368 6417 6418 6369 
6543 6369 6418 6419 6370 
6544 6370 6419 6420 6371 
6545 6371 6420 6421 6372 
6546 6372 6421 6422 6373 
6547 6373 6422 6423 6374 
6548 6374 6423 6424 6375 
6549 6375 6424 6425 6376 
6550 6376 6425 6426 6377 
6551 6377 6426 6427 6378 
6552 6378 6427 6428 6379 
6553 6379 6428 6429 6380 
6554 6380 6429 83 84 
6555 373 374 6430 6381 
6556 6381 6430 6431 6382 
6557 6382 6431 6432 6383 
6558 6383 6432 6433 6384 
6559 6384 6433 6434 6385 
6560 6385 6434 6435 6386 
6561 6386 6435 6436 6387 
6562 6387 6436 6437 6388 
6563 6388 6437 6438 6389 
6564 6389 6438 6439 6390 
6565 6390 6439 6440 6391 
6566 6391 6440 6441 6392 
6567 6392 6441 6442 6393 
6568 6393 6442 6443 6394 
6569 6394 6443 6444 6395 
6570 6395 6444 6445 6396 
6571 6396 6445 6446 6397 
6572 6397 6446 6447 6398 
6573 6398 6447 6448 6399 
6574 6399 6448 6449 6400 
6575 6400 6449 6450 6401 
6576 6401 6450 6451 6402 
6577 6402 6451 6452 6403 
6578 6403 6452 6453 6404 
6579 6404 6453 6454 6405 
6580 6405 6454 6455 6406 
6581 6406 6455 6456 6407 
6582 6407 6456 6457 6408 
6583 6408 6457 6458 6409 
6584 6409 6458 6459 6410 
6585 6410 6459 6460 6411 
6586 6411 6460 6461 6412 
6587 6412 6461 6462 6413 
6588 6413 6462 6463 6414 
6589 6414 6463 6464 6415 
6590 6415 6464 6465 6416 
6591 6416 6465 6466 6417 
6592 6417 6466 6467 6418 
6593 6418 6467 6468 6419 
6594 6419 6468 6469 6420 
6595 6420 6469 6470 6421 
6596 6421 6470 6471 6422 
6597 6422 6471 6472 6423 
6598 6423 6472 6473 6424 
6599 6424 6473 6474 6425 
6600 6425 6474 6475 6426 
6601 6426 6475 6476 6427 
6602 6427 6476 6477 6428 
6603 6428 6477 6478 6429 
6604 6429 6478 82 83 
6605 374 375 6479 6430 
6606 6430 6479 6480 6431 
6607 6431 6480 6481 6432 
6608 6432 6481 6482 6433 
6609 6433 6482 6483 6434 
6610 6434 6483 6484 6435 
6611 6435 6484 6485 6436 
6612 6436 6485 6486 6437 
6613 6437 6486 6487 6438 
6614 6438 6487 6488 6439 
6615 6439 6488 6489 6440 
6616 6440 6489 6490 6441 
6617 6441 6490 6491 6442 
6618 6442 6491 6492 6443 
6619 6443 6492 6493 6444 
6620 6444 6493 6494 6445 
6621 6445 6494 6495 6446 
6622 6446 6495 6496 6447 
6623 6447 6496 6497 6448 
6624 6448 6497 6498 6449 
6625 6449 6498 6499 6450 
6626 6450 6499 6500 6451 
6627 6451 6500 6501 6452 
6628 6452 6501 6502 6453 
6629 6453 6502 6503 6454 
6630 6454 6503 6504 6455 
6631 6455 6504 6505 6456 
6632 6456 6505 6506 6457 
6633 6457 6506 6507 6458 
6634 6458 6507 6508 6459 
6635 6459 6508 6509 6460 
6636 6460 6509 6510 6461 
6637 6461 6510 6511 6462 
6638 6462 6511 6512 6463 
6639 6463 6512 6513 6464 
6640 6464 6513 6514 6465 
6641 6465 6514 6515 6466 
6642 6466 6515 6516 6467 
6643 6467 6516 6517 6468 
6644 6468 6517 6518 6469 
6645 6469 6518 6519 6470 
6646 6470 6519 6520 6471 
6647 6471 6520 6521 6472 
6648 6472 6521 6522 6473 
6649 6473 6522 6523 6474 
6650 6474 6523 6524 6475 
6651 6475 6524 6525 6476 
6652 6476 6525 6526 6477 
6653 6477 6526 6527 6478 
6654 6478 6527 81 82 
6655 375 376 6528 6479 
6656 6479 6528 6529 6480 
6657 6480 6529 6530 6481 
6658 6481 6530 6531 6482 
6659 6482 6531 6532 6483 
6660 6483 6532 6533 6484 
6661 6484 6533 6534 6485 
6662 6485 6534 6535 6486 
6663 6486 6535 6536 6487 
6664 6487 6536 6537 6488 
6665 6488 6537 6538 6489 
6666 6489 6538 6539 6490 
6667 6490 6539 6540 6491 
6668 6491 6540 6541 6492 
6669 6492 6541 6542 6493 
6670 6493 6542 6543 6494 
6671 6494 6543 6544 6495 
6672 6495 6544 6545 6496 
6673 6496 6545 6546 6497 
6674 6497 6546 6547 6498 
6675 6498 6547 6548 6499 
6676 6499 6548 6549 6500 
6677 6500 6549 6550 6501 
6678 6501 6550 6551 6502 
6679 6502 6551 6552 6503 
6680 6503 6552 6553 6504 
6681 6504 6553 6554 6505 
6682 6505 6554 6555 6506 
6683 6506 6555 6556 6507 
6684 6507 6556 6557 6508 
6685 6508 6557 6558 6509 
6686 6509 6558 6559 6510 
6687 6510 6559 6560 6511 
6688 6511 6560 6561 6512 
6689 6512 6561 6562 6513 
6690 6513 6562 6563 6514 
6691 6514 6563 6564 6515 
6692 6515 6564 6565 6516 
6693 6516 6565 6566 6517 
6694 6517 6566 6567 6518 
6695 6518 6567 6568 6519 
6696 6519 6568 6569 6520 
6697 6520 6569 6570 6521 
6698 6521 6570 6571 6522 
6699 6522 6571 6572 6523 
6700 6523 6572 6573 6524 
6701 6524 6573 6574 6525 
6702 6525 6574 6575 6526 
6703 6526 6575 6576 6527 
6704 6527 6576 80 81 
6705 376 377 6577 6528 
6706 6528 6577 6578 6529 
6707 6529 6578 6579 6530 
6708 6530 6579 6580 6531 
6709 6531 6580 6581 6532 
6710 6532 6581 6582 6533 
6711 6533 6582 6583 6534 
6712 6534 6583 6584 6535 
6713 6535 6584 6585 6536 
6714 6536 6585 6586 6537 
6715 6537 6586 6587 6538 
6716 6538 6587 6588 6539 
6717 6539 6588 6589 6540 
6718 6540 6589 6590 6541 
6719 6541 6590 6591 6542 
6720 6542 6591 6592 6543 
6721 6543 6592 6593 6544 
6722 6544 6593 6594 6545 
6723 6545 6594 6595 6546 
6724 6546 6595 6596 6547 
6725 6547 6596 6597 6548 
6726 6548 6597 6598 6549 
6727 6549 6598 6599 6550 
6728 6550 6599 6600 6551 
6729 6551 6600 6601 6552 
6730 6552 6601 6602 6553 
6731 6553 6602 6603 6554 
6732 6554 6603 6604 6555 
6733 6555 6604 6605 6556 
6734 6556 6605 6606 6557 
6735 6557 6606 6607 6558 
6736 6558 6607 6608 6559 
6737 6559 6608 6609 6560 
6738 6560 6609 6610 6561 
6739 6561 6610 6611 6562 
6740 6562 6611 6612 6563 
6741 6563 6612 6613 6564 
6742 6564 6613 6614 6565 
6743 6565 6614 6615 6566 
6744 6566 6615 6616 6567 
6745 6567 6616 6617 6568 
6746 6568 6617 6618 6569 
6747 6569 6618 6619 6570 
6748 6570 6619 6620 6571 
6749 6571 6620 6621 6572 
6750 6572 6621 6622 6573 
6751 6573 6622 6623 6574 
6752 6574 6623 6624 6575 
6753 6575 6624 6625 6576 
6754 6576 6625 79 80 
6755 377 378 6626 6577 
6756 6577 6626 6627 6578 
6757 6578 6627 6628 6579 
6758 6579 6628 6629 6580 
6759 6580 6629 6630 6581 
6760 6581 6630 6631 6582 
6761 6582 6631 6632 6583 
6762 6583 6632 6633 6584 
6763 6584 6633 6634 6585 
6764 6585 6634 6635 6586 
6765 6586 6635 6636 6587 
6766 6587 6636 6637 6588 
6767 6588 6637 6638 6589 
6768 6589 6638 6639 6590 
6769 6590 6639 6640 6591 
6770 6591 6640 6641 6592 
6771 6592 6641 6642 6593 
6772 6593 6642 6643 6594 
6773 6594 6643 6644 6595 
6774 6595 6644 6645 6596 
6775 6596 6645 6646 6597 
6776 6597 6646 6647 6598 
6777 6598 6647 6648 6599 
6778 6599 6648 6649 6600 
6779 6600 6649 6650 6601 
6780 6601 6650 6651 6602 
6781 6602 6651 6652 6603 
6782 6603 6652 6653 6604 
6783 6604 6653 6654 6605 
6784 6605 6654 6655 6606 
6785 6606 6655 6656 6607 
6786 6607 6656 6657 6608 
6787 6608 6657 6658 6609 
6788 6609 6658 6659 6610 
6789 6610 6659 6660 6611 
6790 6611 6660 6661 6612 
6791 6612 6661 6662 6613 
6792 6613 6662 6663 6614 
6793 6614 6663 6664 6615 
6794 6615 6664 6665 6616 
6795 6616 6665 6666 6617 
6796 6617 6666 6667 6618 
6797 6618 6667 6668 6619 
6798 6619 6668 6669 6620 
6799 6620 6669 6670 6621 
6800 6621 6670 6671 6622 
6801 6622 6671 6672 6623 
6802 6623 6672 6673 6624 
6803 6624 6673 6674 6625 
6804 6625 6674 78 79 
6805 378 379 6675 6626 
6806 6626 6675 6676 6627 
6807 6627 6676 6677 6628 
6808 6628 6677 6678 6629 
6809 6629 6678 6679 6630 
6810 6630 6679 6680 6631 
6811 6631 6680 6681 6632 
6812 6632 6681 6682 6633 
6813 6633 6682 6683 6634 
6814 6634 6683 6684 6635 
6815 6635 6684 6685 6636 
6816 6636 6685 6686 6637 
6817 6637 6686 6687 6638 
6818 6638 6687 6688 6639 
6819 6639 6688 6689 6640 
6820 6640 6689 6690 6641 
6821 6641 6690 6691 6642 
6822 6642 6691 6692 6643 
6823 6643 6692 6693 6644 
6824 6644 6693 6694 6645 
6825 6645 6694 6695 6646 
6826 6646 6695 6696 6647 
6827 6647 6696 6697 6648 
6828 6648 6697 6698 6649 
6829 6649 6698 6699 6650 
6830 6650 6699 6700 6651 
6831 6651 6700 6701 6652 
6832 6652 6701 6702 6653 
6833 6653 6702 6703 6654 
6834 6654 6703 6704 6655 
6835 6655 6704 6705 6656 
6836 6656 6705 6706 6657 
6837 6657 6706 6707 6658 
6838 6658 6707 6708 6659 
6839 6659 6708 6709 6660 
6840 6660 6709 6710 6661 
6841 6661 6710 6711 6662 
6842 6662 6711 6712 6663 
6843 6663 6712 6713 6664 
6844 6664 6713 6714 6665 
6845 6665 6714 6715 6666 
6846 6666 6715 6716 6667 
6847 6667 6716 6717 6668 
6848 6668 6717 6718 6669 
6849 6669 6718 6719 6670 
6850 6670 6719 6720 6671 
6851 6671 6720 6721 6672 
6852 6672 6721 6722 6673 
6853 6673 6722 6723 6674 
6854 6674 6723 77 78 
6855 379 380 6724 6675 
6856 6675 6724 6725 6676 
6857 6676 6725 6726 6677 
6858 6677 6726 6727 6678 
6859 6678 6727 6728 6679 
6860 6679 6728 6729 6680 
6861 6680 6729 6730 6681 
6862 6681 6730 6731 6682 
6863 6682 6731 6732 6683 
6864 6683 6732 6733 6684 
6865 6684 6733 6734 6685 
6866 6685 6734 6735 6686 
6867 6686 6735 6736 6687 
6868 6687 6736 6737 6688 
6869 6688 6737 6738 6689 
6870 6689 6738 6739 6690 
6871 6690 6739 6740 6691 
6872 6691 6740 6741 6692 
6873 6692 6741 6742 6693 
6874 6693 6742 6743 6694 
6875 6694 6743 6744 6695 
6876 6695 6744 6745 6696 
6877 6696 6745 6746 6697 
6878 6697 6746 6747 6698 
6879 6698 6747 6748 6699 
6880 6699 6748 6749 6700 
6881 6700 6749 6750 6701 
6882 6701 6750 6751 6702 
6883 6702 6751 6752 6703 
6884 6703 6752 6753 6704 
6885 6704 6753 6754 6705 
6886 6705 6754 6755 6706 
6887 6706 6755 6756 6707 
6888 6707 6756 6757 6708 
6889 6708 6757 6758 6709 
6890 6709 6758 6759 6710 
6891 6710 6759 6760 6711 
6892 6711 6760 6761 6712 
6893 6712 6761 6762 6713 
6894 6713 6762 6763 6714 
6895 6714 6763 6764 6715 
6896 6715 6764 6765 6716 
6897 6716 6765 6766 6717 
6898 6717 6766 6767 6718 
6899 6718 6767 6768 6719 
6900 6719 6768 6769 6720 
6901 6720 6769 6770 6721 
6902 6721 6770 6771 6722 
6903 6722 6771 6772 6723 
6904 6723 6772 76 77 
6905 380 381 6773 6724 
6906 6724 6773 6774 6725 
6907 6725 6774 6775 6726 
6908 6726 6775 6776 6727 
6909 6727 6776 6777 6728 
6910 6728 6777 6778 6729 
6911 6729 6778 6779 6730 
6912 6730 6779 6780 6731 
6913 6731 6780 6781 6732 
6914 6732 6781 6782 6733 
6915 6733 6782 6783 6734 
6916 6734 6783 6784 6735 
6917 6735 6784 6785 6736 
6918 6736 6785 6786 6737 
6919 6737 6786 6787 6738 
6920 6738 6787 6788 6739 
6921 6739 6788 6789 6740 
6922 6740 6789 6790 6741 
6923 6741 6790 6791 6742 
6924 6742 6791 6792 6743 
6925 6743 6792 6793 6744 
6926 6744 6793 6794 6745 
6927 6745 6794 6795 6746 
6928 6746 6795 6796 6747 
6929 6747 6796 6797 6748 
6930 6748 6797 6798 6749 
6931 6749 6798 6799 6750 
6932 6750 6799 6800 6751 
6933 6751 6800 6801 6752 
6934 6752 6801 6802 6753 
6935 6753 6802 6803 6754 
6936 6754 6803 6804 6755 
6937 6755 6804 6805 6756 
6938 6756 6805 6806 6757 
6939 6757 6806 6807 6758 
6940 6758 6807 6808 6759 
6941 6759 6808 6809 6760 
6942 6760 6809 6810 6761 
6943 6761 6810 6811 6762 
6944 6762 6811 6812 6763 
6945 6763 6812 6813 6764 
6946 6764 6813 6814 6765 
6947 6765 6814 6815 6766 
6948 6766 6815 6816 6767 
6949 6767 6816 6817 6768 
6950 6768 6817 6818 6769 
6951 6769 6818 6819 6770 
6952 6770 6819 6820 6771 
6953 6771 6820 6821 6772 
6954 6772 6821 75 76 
6955 381 382 6822 6773 
6956 6773 6822 6823 6774 
6957 6774 6823 6824 6775 
6958 6775 6824 6825 6776 
6959 6776 6825 6826 6777 
6960 6777 6826 6827 6778 
6961 6778 6827 6828 6779 
6962 6779 6828 6829 6780 
6963 6780 6829 6830 6781 
6964 6781 6830 6831 6782 
6965 6782 6831 6832 6783 
6966 6783 6832 6833 6784 
6967 6784 6833 6834 6785 
6968 6785 6834 6835 6786 
6969 6786 6835 6836 6787 
6970 6787 6836 6837 6788 
6971 6788 6837 6838 6789 
6972 6789 6838 6839 6790 
6973 6790 6839 6840 6791 
6974 6791 6840 6841 6792 
6975 6792 6841 6842 6793 
6976 6793 6842 6843 6794 
6977 6794 6843 6844 6795 
6978 6795 6844 6845 6796 
6979 6796 6845 6846 6797 
6980 6797 6846 6847 6798 
6981 6798 6847 6848 6799 
6982 6799 6848 6849 6800 
6983 6800 6849 6850 6801 
6984 6801 6850 6851 6802 
6985 6802 6851 6852 6803 
6986 6803 6852 6853 6804 
6987 6804 6853 6854 6805 
6988 6805 6854 6855 6806 
6989 6806 6855 6856 6807 
6990 6807 6856 6857 6808 
6991 6808 6857 6858 6809 
6992 6809 6858 6859 6810 
6993 6810 6859 6860 6811 
6994 6811 6860 6861 6812 
6995 6812 6861 6862 6813 
6996 6813 6862 6863 6814 
6997 6814 6863 6864 6815 
6998 6815 6864 6865 6816 
6999 6816 6865 6866 6817 
7000 6817 6866 6867 6818 
7001 6818 6867 6868 6819 
7002 6819 6868 6869 6820 
7003 6820 6869 6870 6821 
7004 6821 6870 74 75 
7005 382 383 6871 6822 
7006 6822 6871 6872 6823 
7007 6823 6872 6873 6824 
7008 6824 6873 6874 6825 
7009 6825 6874 6875 6826 
7010 6826 6875 6876 6827 
7011 6827 6876 6877 6828 
7012 6828 6877 6878 6829 
7013 6829 6878 6879 6830 
7014 6830 6879 6880 6831 
7015 6831 6880 6881 6832 
7016 6832 6881 6882 6833 
7017 6833 6882 6883 6834 
7018 6834 6883 6884 6835 
7019 6835 6884 6885 6836 
7020 6836 6885 6886 6837 
7021 6837 6886 6887 6838 
7022 6838 6887 6888 6839 
7023 6839 6888 6889 6840 
7024 6840 6889 6890 6841 
7025 6841 6890 6891 6842 
7026 6842 6891 6892 6843 
7027 6843 6892 6893 6844 
7028 6844 6893 6894 6845 
7029 6845 6894 6895 6846 
7030 6846 6895 6896 6847 
7031 6847 6896 6897 6848 
7032 6848 6897 6898 6849 
7033 6849 6898 6899 6850 
7034 6850 6899 6900 6851 
7035 6851 6900 6901 6852 
7036 6852 6901 6902 6853 
7037 6853 6902 6903 6854 
7038 6854 6903 6904 6855 
7039 6855 6904 6905 6856 
7040 6856 6905 6906 6857 
7041 6857 6906 6907 6858 
7042 6858 6907 6908 6859 
7043 6859 6908 6909 6860 
7044 6860 6909 6910 6861 
7045 6861 6910 6911 6862 
7046 6862 6911 6912 6863 
7047 6863 6912 6913 6864 
7048 6864 6913 6914 6865 
7049 6865 6914 6915 6866 
7050 6866 6915 6916 6867 
7051 6867 6916 6917 6868 
7052 6868 6917 6918 6869 
7053 6869 6918 6919 6870 
7054 6870 6919 73 74 
7055 383 384 6920 6871 
7056 6871 6920 6921 6872 
7057 6872 6921 6922 6873 
7058 6873 6922 6923 6874 
7059 6874 6923 6924 6875 
7060 6875 6924 6925 6876 
7061 6876 6925 6926 6877 
7062 6877 6926 6927 6878 
7063 6878 6927 6928 6879 
7064 6879 6928 6929 6880 
7065 6880 6929 6930 6881 
7066 6881 6930 6931 6882 
7067 6882 6931 6932 6883 
7068 6883 6932 6933 6884 
7069 6884 6933 6934 6885 
7070 6885 6934 6935 6886 
7071 6886 6935 6936 6887 
7072 6887 6936 6937 6888 
7073 6888 6937 6938 6889 
7074 6889 6938 6939 6890 
7075 6890 6939 6940 6891 
7076 6891 6940 6941 6892 
7077 6892 6941 6942 6893 
7078 6893 6942 6943 6894 
7079 6894 6943 6944 6895 
7080 6895 6944 6945 6896 
7081 6896 6945 6946 6897 
7082 6897 6946 6947 6898 
7083 6898 6947 6948 6899 
7084 6899 6948 6949 6900 
7085 6900 6949 6950 6901 
7086 6901 6950 6951 6902 
7087 6902 6951 6952 6903 
7088 6903 6952 6953 6904 
7089 6904 6953 6954 6905 
7090 6905 6954 6955 6906 
7091 6906 6955 6956 6907 
7092 6907 6956 6957 6908 
7093 6908 6957 6958 6909 
7094 6909 6958 6959 6910 
7095 6910 6959 6960 6911 
7096 6911 6960 6961 6912 
7097 6912 6961 6962 6913 
7098 6913 6962 6963 6914 
7099 6914 6963 6964 6915 
7100 6915 6964 6965 6916 
7101 6916 6965 6966 6917 
7102 6917 6966 6967 6918 
7103 6918 6967 6968 6919 
7104 6919 6968 72 73 
7105 384 385 6969 6920 
7106 6920 6969 6970 6921 
7107 6921 6970 6971 6922 
7108 6922 6971 6972 6923 
7109 6923 6972 6973 6924 
7110 6924 6973 6974 6925 
7111 6925 6974 6975 6926 
7112 6926 6975 6976 6927 
7113 6927 6976 6977 6928 
7114 6928 6977 6978 6929 
7115 6929 6978 6979 6930 
7116 6930 6979 6980 6931 
7117 6931 6980 6981 6932 
7118 6932 6981 6982 6933 
7119 6933 6982 6983 6934 
7120 6934 6983 6984 6935 
7121 6935 6984 6985 6936 
7122 6936 6985 6986 6937 
7123 6937 6986 6987 6938 
7124 6938 6987 6988 6939 
7125 6939 6988 6989 6940 
7126 6940 6989 6990 6941 
7127 6941 6990 6991 6942 
7128 6942 6991 6992 6943 
7129 6943 6992 6993 6944 
7130 6944 6993 6994 6945 
7131 6945 6994 6995 6946 
7132 6946 6995 6996 6947 
7133 6947 6996 6997 6948 
7134 6948 6997 6998 6949 
7135 6949 6998 6999 6950 
7136 6950 6999 7000 6951 
7137 6951 7000 7001 6952 
7138 6952 7001 7002 6953 
7139 6953 7002 7003 6954 
7140 6954 7003 7004 6955 
7141 6955 7004 7005 6956 
7142 6956 7005 7006 6957 
7143 6957 7006 7007 6958 
7144 6958 7007 7008 6959 
7145 6959 7008 7009 6960 
7146 6960 7009 7010 6961 
7147 6961 7010 7011 6962 
7148 6962 7011 7012 6963 
7149 6963 7012 7013 6964 
7150 6964 7013 7014 6965 
7151 6965 7014 7015 6966 
7152 6966 7015 7016 6967 
7153 6967 7016 7017 6968 
7154 6968 7017 71 72 
7155 385 386 7018 6969 
7156 6969 7018 7019 6970 
7157 6970 7019 7020 6971 
7158 6971 7020 7021 6972 
7159 6972 7021 7022 6973 
7160 6973 7022 7023 6974 
7161 6974 7023 7024 6975 
7162 6975 7024 7025 6976 
7163 6976 7025 7026 6977 
7164 6977 7026 7027 6978 
7165 6978 7027 7028 6979 
7166 6979 7028 7029 6980 
7167 6980 7029 7030 6981 
7168 6981 7030 7031 6982 
7169 6982 7031 7032 6983 
7170 6983 7032 7033 6984 
7171 6984 7033 7034 6985 
7172 6985 7034 7035 6986 
7173 6986 7035 7036 6987 
7174 6987 7036 7037 6988 
7175 6988 7037 7038 6989 
7176 6989 7038 7039 6990 
7177 6990 7039 7040 6991 
7178 6991 7040 7041 6992 
7179 6992 7041 7042 6993 
7180 6993 7042 7043 6994 
7181 6994 7043 7044 6995 
7182 6995 7044 7045 6996 
7183 6996 7045 7046 6997 
7184 6997 7046 7047 6998 
7185 6998 7047 7048 6999 
7186 6999 7048 7049 7000 
7187 7000 7049 7050 7001 
7188 7001 7050 7051 7002 
7189 7002 7051 7052 7003 
7190 7003 7052 7053 7004 
7191 7004 7053 7054 7005 
7192 7005 7054 7055 7006 
7193 7006 7055 7056 7007 
7194 7007 7056 7057 7008 
7195 7008 7057 7058 7009 
7196 7009 7058 7059 7010 
7197 7010 7059 7060 7011 
7198 7011 7060 7061 7012 
7199 7012 7061 7062 7013 
7200 7013 7062 7063 7014 
7201 7014 7063 7064 7015 
7202 7015 7064 7065 7016 
7203 7016 7065 7066 7017 
7204 7017 7066 70 71 
7205 386 387 7067 7018 
7206 7018 7067 7068 7019 
7207 7019 7068 7069 7020 
7208 7020 7069 7070 7021 
7209 7021 7070 7071 7022 
7210 7022 7071 7072 7023 
7211 7023 7072 7073 7024 
7212 7024 7073 7074 7025 
7213 7025 7074 7075 7026 
7214 7026 7075 7076 7027 
7215 7027 7076 7077 7028 
7216 7028 7077 7078 7029 
7217 7029 7078 7079 7030 
7218 7030 7079 7080 7031 
7219 7031 7080 7081 7032 
7220 7032 7081 7082 7033 
7221 7033 7082 7083 7034 
7222 7034 7083 7084 7035 
7223 7035 7084 7085 7036 
7224 7036 7085 7086 7037 
7225 7037 7086 7087 7038 
7226 7038 7087 7088 7039 
7227 7039 7088 7089 7040 
7228 7040 7089 7090 7041 
7229 7041 7090 7091 7042 
7230 7042 7091 7092 7043 
7231 7043 7092 7093 7044 
7232 7044 7093 7094 7045 
7233 7045 7094 7095 7046 
7234 7046 7095 7096 7047 
7235 7047 7096 7097 7048 
7236 7048 7097 7098 7049 
7237 7049 7098 7099 7050 
7238 7050 7099 7100 7051 
7239 7051 7100 7101 7052 
7240 7052 7101 7102 7053 
7241 7053 7102 7103 7054 
7242 7054 7103 7104 7055 
7243 7055 7104 7105 7056 
7244 7056 7105 7106 7057 
7245 7057 7106 7107 7058 
7246 7058 7107 7108 7059 
7247 7059 7108 7109 7060 
7248 7060 7109 7110 7061 
7249 7061 7110 7111 7062 
7250 7062 7111 7112 7063 
7251 7063 7112 7113 7064 
7252 7064 7113 7114 7065 
7253 7065 7114 7115 7066 
7254 7066 7115 69 70 
7255 387 388 7116 7067 
7256 7067 7116 7117 7068 
7257 7068 7117 7118 7069 
7258 7069 7118 7119 7070 
7259 7070 7119 7120 7071 
7260 7071 7120 7121 7072 
7261 7072 7121 7122 7073 
7262 7073 7122 7123 7074 
7263 7074 7123 7124 7075 
7264 7075 7124 7125 7076 
7265 7076 7125 7126 7077 
7266 7077 7126 7127 7078 
7267 7078 7127 7128 7079 
7268 7079 7128 7129 7080 
7269 7080 7129 7130 7081 
7270 7081 7130 7131 7082 
7271 7082 7131 7132 7083 
7272 7083 7132 7133 7084 
7273 7084 7133 7134 7085 
7274 7085 7134 7135 7086 
7275 7086 7135 7136 7087 
7276 7087 7136 7137 7088 
7277 7088 7137 7138 7089 
7278 7089 7138 7139 7090 
7279 7090 7139 7140 7091 
7280 7091 7140 7141 7092 
7281 7092 7141 7142 7093 
7282 7093 7142 7143 7094 
7283 7094 7143 7144 7095 
7284 7095 7144 7145 7096 
7285 7096 7145 7146 7097 
7286 7097 7146 7147 7098 
7287 7098 7147 7148 7099 
7288 7099 7148 7149 7100 
7289 7100 7149 7150 7101 
7290 7101 7150 7151 7102 
7291 7102 7151 7152 7103 
7292 7103 7152 7153 7104 
7293 7104 7153 7154 7105 
7294 7105 7154 7155 7106 
7295 7106 7155 7156 7107 
7296 7107 7156 7157 7108 
7297 7108 7157 7158 7109 
7298 7109 7158 7159 7110 
7299 7110 7159 7160 7111 
7300 7111 7160 7161 7112 
7301 7112 7161 7162 7113 
7302 7113 7162 7163 7114 
7303 7114 7163 7164 7115 
7304 7115 7164 68 69 
7305 388 389 7165 7116 
7306 7116 7165 7166 7117 
7307 7117 7166 7167 7118 
7308 7118 7167 7168 7119 
7309 7119 7168 7169 7120 
7310 7120 7169 7170 7121 
7311 7121 7170 7171 7122 
7312 7122 7171 7172 7123 
7313 7123 7172 7173 7124 
7314 7124 7173 7174 7125 
7315 7125 7174 7175 7126 
7316 7126 7175 7176 7127 
7317 7127 7176 7177 7128 
7318 7128 7177 7178 7129 
7319 7129 7178 7179 7130 
7320 7130 7179 7180 7131 
7321 7131 7180 7181 7132 
7322 7132 7181 7182 7133 
7323 7133 7182 7183 7134 
7324 7134 7183 7184 7135 
7325 7135 7184 7185 7136 
7326 7136 7185 7186 7137 
7327 7137 7186 7187 7138 
7328 7138 7187 7188 7139 
7329 7139 7188 7189 7140 
7330 7140 7189 7190 7141 
7331 7141 7190 7191 7142 
7332 7142 7191 7192 7143 
7333 7143 7192 7193 7144 
7334 7144 7193 7194 7145 
7335 7145 7194 7195 7146 
7336 7146 7195 7196 7147 
7337 7147 7196 7197 7148 
7338 7148 7197 7198 7149 
7339 7149 7198 7199 7150 
7340 7150 7199 7200 7151 
7341 7151 7200 7201 7152 
7342 7152 7201 7202 7153 
7343 7153 7202 7203 7154 
7344 7154 7203 7204 7155 
7345 7155 7204 7205 7156 
7346 7156 7205 7206 7157 
7347 7157 7206 7207 7158 
7348 7158 7207 7208 7159 
7349 7159 7208 7209 7160 
7350 7160 7209 7210 7161 
7351 7161 7210 7211 7162 
7352 7162 7211 7212 7163 
7353 7163 7212 7213 7164 
7354 7164 7213 67 68 
7355 389 390 7214 7165 
7356 7165 7214 7215 7166 
7357 7166 7215 7216 7167 
7358 7167 7216 7217 7168 
7359 7168 7217 7218 7169 
7360 7169 7218 7219 7170 
7361 7170 7219 7220 7171 
7362 7171 7220 7221 7172 
7363 7172 7221 7222 7173 
7364 7173 7222 7223 7174 
7365 7174 7223 7224 7175 
7366 7175 7224 7225 7176 
7367 7176 7225 7226 7177 
7368 7177 7226 7227 7178 
7369 7178 7227 7228 7179 
7370 7179 7228 7229 7180 
7371 7180 7229 7230 7181 
7372 7181 7230 7231 7182 
7373 7182 7231 7232 7183 
7374 7183 7232 7233 7184 
7375 7184 7233 7234 7185 
7376 7185 7234 7235 7186 
7377 7186 7235 7236 7187 
7378 7187 7236 7237 7188 
7379 7188 7237 7238 7189 
7380 7189 7238 7239 7190 
7381 7190 7239 7240 7191 
7382 7191 7240 7241 7192 
7383 7192 7241 7242 7193 
7384 7193 7242 7243 7194 
7385 7194 7243 7244 7195 
7386 7195 7244 7245 7196 
7387 7196 7245 7246 7197 
7388 7197 7246 7247 7198 
7389 7198 7247 7248 7199 
7390 7199 7248 7249 7200 
7391 7200 7249 7250 7201 
7392 7201 7250 7251 7202 
7393 7202 7251 7252 7203 
7394 7203 7252 7253 7204 
7395 7204 7253 7254 7205 
7396 7205 7254 7255 7206 
7397 7206 7255 7256 7207 
7398 7207 7256 7257 7208 
7399 7208 7257 7258 7209 
7400 7209 7258 7259 7210 
7401 7210 7259 7260 7211 
7402 7211 7260 7261 7212 
7403 7212 7261 7262 7213 
7404 7213 7262 66 67 
7405 390 391 7263 7214 
7406 7214 7263 7264 7215 
7407 7215 7264 7265 7216 
7408 7216 7265 7266 7217 
7409 7217 7266 7267 7218 
7410 7218 7267 7268 7219 
7411 7219 7268 7269 7220 
7412 7220 7269 7270 7221 
7413 7221 7270 7271 7222 
7414 7222 7271 7272 7223 
7415 7223 7272 7273 7224 
7416 7224 7273 7274 7225 
7417 7225 7274 7275 7226 
7418 7226 7275 7276 7227 
7419 7227 7276 7277 7228 
7420 7228 7277 7278 7229 
7421 7229 7278 7279 7230 
7422 7230 7279 7280 7231 
7423 7231 7280 7281 7232 
7424 7232 7281 7282 7233 
7425 7233 7282 7283 7234 
7426 7234 7283 7284 7235 
7427 7235 7284 7285 7236 
7428 7236 7285 7286 7237 
7429 7237 7286 7287 7238 
7430 7238 7287 7288 7239 
7431 7239 7288 7289 7240 
7432 7240 7289 7290 7241 
7433 7241 7290 7291 7242 
7434 7242 7291 7292 7243 
7435 7243 7292 7293 7244 
7436 7244 7293 7294 7245 
7437 7245 7294 7295 7246 
7438 7246 7295 7296 7247 
7439 7247 7296 7297 7248 
7440 7248 7297 7298 7249 
7441 7249 7298 7299 7250 
7442 7250 7299 7300 7251 
7443 7251 7300 7301 7252 
7444 7252 7301 7302 7253 
7445 7253 7302 7303 7254 
7446 7254 7303 7304 7255 
7447 7255 7304 7305 7256 
7448 7256 7305 7306 7257 
7449 7257 7306 7307 7258 
7450 7258 7307 7308 7259 
7451 7259 7308 7309 7260 
7452 7260 7309 7310 7261 
7453 7261 7310 7311 7262 
7454 7262 7311 65 66 
7455 391 392 7312 7263 
7456 7263 7312 7313 7264 
7457 7264 7313 7314 7265 
7458 7265 7314 7315 7266 
7459 7266 7315 7316 7267 
7460 7267 7316 7317 7268 
7461 7268 7317 7318 7269 
7462 7269 7318 7319 7270 
7463 7270 7319 7320 7271 
7464 7271 7320 7321 7272 
7465 7272 7321 7322 7273 
7466 7273 7322 7323 7274 
7467 7274 7323 7324 7275 
7468 7275 7324 7325 7276 
7469 7276 7325 7326 7277 
7470 7277 7326 7327 7278 
7471 7278 7327 7328 7279 
7472 7279 7328 7329 7280 
7473 7280 7329 7330 7281 
7474 7281 7330 7331 7282 
7475 7282 7331 7332 7283 
7476 7283 7332 7333 7284 
7477 7284 7333 7334 7285 
7478 7285 7334 7335 7286 
7479 7286 7335 7336 7287 
7480 7287 7336 7337 7288 
7481 7288 7337 7338 7289 
7482 7289 7338 7339 7290 
7483 7290 7339 7340 7291 
7484 7291 7340 7341 7292 
7485 7292 7341 7342 7293 
7486 7293 7342 7343 7294 
7487 7294 7343 7344 7295 
7488 7295 7344 7345 7296 
7489 7296 7345 7346 7297 
7490 7297 7346 7347 7298 
7491 7298 7347 7348 7299 
7492 7299 7348 7349 7300 
7493 7300 7349 7350 7301 
7494 7301 7350 7351 7302 
7495 7302 7351 7352 7303 
7496 7303 7352 7353 7304 
7497 7304 7353 7354 7305 
7498 7305 7354 7355 7306 
7499 7306 7355 7356 7307 
7500 7307 7356 7357 7308 
7501 7308 7357 7358 7309 
7502 7309 7358 7359 7310 
7503 7310 7359 7360 7311 
7504 7311 7360 64 65 
7505 392 393 7361 7312 
7506 7312 7361 7362 7313 
7507 7313 7362 7363 7314 
7508 7314 7363 7364 7315 
7509 7315 7364 7365 7316 
7510 7316 7365 7366 7317 
7511 7317 7366 7367 7318 
7512 7318 7367 7368 7319 
7513 7319 7368 7369 7320 
7514 7320 7369 7370 7321 
7515 7321 7370 7371 7322 
7516 7322 7371 7372 7323 
7517 7323 7372 7373 7324 
7518 7324 7373 7374 7325 
7519 7325 7374 7375 7326 
7520 7326 7375 7376 7327 
7521 7327 7376 7377 7328 
7522 7328 7377 7378 7329 
7523 7329 7378 7379 7330 
7524 7330 7379 7380 7331 
7525 7331 7380 7381 7332 
7526 7332 7381 7382 7333 
7527 7333 7382 7383 7334 
7528 7334 7383 7384 7335 
7529 7335 7384 7385 7336 
7530 7336 7385 7386 7337 
7531 7337 7386 7387 7338 
7532 7338 7387 7388 7339 
7533 7339 7388 7389 7340 
7534 7340 7389 7390 7341 
7535 7341 7390 7391 7342 
7536 7342 7391 7392 7343 
7537 7343 7392 7393 7344 
7538 7344 7393 7394 7345 
7539 7345 7394 7395 7346 
7540 7346 7395 7396 7347 
7541 7347 7396 7397 7348 
7542 7348 7397 7398 7349 
7543 7349 7398 7399 7350 
7544 7350 7399 7400 7351 
7545 7351 7400 7401 7352 
7546 7352 7401 7402 7353 
7547 7353 7402 7403 7354 
7548 7354 7403 7404 7355 
7549 7355 7404 7405 7356 
7550 7356 7405 7406 7357 
7551 7357 7406 7407 7358 
7552 7358 7407 7408 7359 
7553 7359 7408 7409 7360 
7554 7360 7409 63 64 
7555 393 394 7410 7361 
7556 7361 7410 7411 7362 
7557 7362 7411 7412 7363 
7558 7363 7412 7413 7364 
7559 7364 7413 7414 7365 
7560 7365 7414 7415 7366 
7561 7366 7415 7416 7367 
7562 7367 7416 7417 7368 
7563 7368 7417 7418 7369 
7564 7369 7418 7419 7370 
7565 7370 7419 7420 7371 
7566 7371 7420 7421 7372 
7567 7372 7421 7422 7373 
7568 7373 7422 7423 7374 
7569 7374 7423 7424 7375 
7570 7375 7424 7425 7376 
7571 7376 7425 7426 7377 
7572 7377 7426 7427 7378 
7573 7378 7427 7428 7379 
7574 7379 7428 7429 7380 
7575 7380 7429 7430 7381 
7576 7381 7430 7431 7382 
7577 7382 7431 7432 7383 
7578 7383 7432 7433 7384 
7579 7384 7433 7434 7385 
7580 7385 7434 7435 7386 
7581 7386 7435 7436 7387 
7582 7387 7436 7437 7388 
7583 7388 7437 7438 7389 
7584 7389 7438 7439 7390 
7585 7390 7439 7440 7391 
7586 7391 7440 7441 7392 
7587 7392 7441 7442 7393 
7588 7393 7442 7443 7394 
7589 7394 7443 7444 7395 
7590 7395 7444 7445 7396 
7591 7396 7445 7446 7397 
7592 7397 7446 7447 7398 
7593 7398 7447 7448 7399 
7594 7399 7448 7449 7400 
7595 7400 7449 7450 7401 
7596 7401 7450 7451 7402 
7597 7402 7451 7452 7403 
7598 7403 7452 7453 7404 
7599 7404 7453 7454 7405 
7600 7405 7454 7455 7406 
7601 7406 7455 7456 7407 
7602 7407 7456 7457 7408 
7603 7408 7457 7458 7409 
7604 7409 7458 62 63 
7605 394 395 7459 7410 
7606 7410 7459 7460 7411 
7607 7411 7460 7461 7412 
7608 7412 7461 7462 7413 
7609 7413 7462 7463 7414 
7610 7414 7463 7464 7415 
7611 7415 7464 7465 7416 
7612 7416 7465 7466 7417 
7613 7417 7466 7467 7418 
7614 7418 7467 7468 7419 
7615 7419 7468 7469 7420 
7616 7420 7469 7470 7421 
7617 7421 7470 7471 7422 
7618 7422 7471 7472 7423 
7619 7423 7472 7473 7424 
7620 7424 7473 7474 7425 
7621 7425 7474 7475 7426 
7622 7426 7475 7476 7427 
7623 7427 7476 7477 7428 
7624 7428 7477 7478 7429 
7625 7429 7478 7479 7430 
7626 7430 7479 7480 7431 
7627 7431 7480 7481 7432 
7628 7432 7481 7482 7433 
7629 7433 7482 7483 7434 
7630 7434 7483 7484 7435 
7631 7435 7484 7485 7436 
7632 7436 7485 7486 7437 
7633 7437 7486 7487 7438 
7634 7438 7487 7488 7439 
7635 7439 7488 7489 7440 
7636 7440 7489 7490 7441 
7637 7441 7490 7491 7442 
7638 7442 7491 7492 7443 
7639 7443 7492 7493 7444 
7640 7444 7493 7494 7445 
7641 7445 7494 7495 7446 
7642 7446 7495 7496 7447 
7643 7447 7496 7497 7448 
7644 7448 7497 7498 7449 
7645 7449 7498 7499 7450 
7646 7450 7499 7500 7451 
7647 7451 7500 7501 7452 
7648 7452 7501 7502 7453 
7649 7453 7502 7503 7454 
7650 7454 7503 7504 7455 
7651 7455 7504 7505 7456 
7652 7456 7505 7506 7457 
7653 7457 7506 7507 7458 
7654 7458 7507 61 62 
7655 395 396 7508 7459 
7656 7459 7508 7509 7460 
7657 7460 7509 7510 7461 
7658 7461 7510 7511 7462 
7659 7462 7511 7512 7463 
7660 7463 7512 7513 7464 
7661 7464 7513 7514 7465 
7662 7465 7514 7515 7466 
7663 7466 7515 7516 7467 
7664 7467 7516 7517 7468 
7665 7468 7517 7518 7469 
7666 7469 7518 7519 7470 
7667 7470 7519 7520 7471 
7668 7471 7520 7521 7472 
7669 7472 7521 7522 7473 
7670 7473 7522 7523 7474 
7671 7474 7523 7524 7475 
7672 7475 7524 7525 7476 
7673 7476 7525 7526 7477 
7674 7477 7526 7527 7478 
7675 7478 7527 7528 7479 
7676 7479 7528 7529 7480 
7677 7480 7529 7530 7481 
7678 7481 7530 7531 7482 
7679 7482 7531 7532 7483 
7680 7483 7532 7533 7484 
7681 7484 7533 7534 7485 
7682 7485 7534 7535 7486 
7683 7486 7535 7536 7487 
7684 7487 7536 7537 7488 
7685 7488 7537 7538 7489 
7686 7489 7538 7539 7490 
7687 7490 7539 7540 7491 
7688 7491 7540 7541 7492 
7689 7492 7541 7542 7493 
7690 7493 7542 7543 7494 
7691 7494 7543 7544 7495 
7692 7495 7544 7545 7496 
7693 7496 7545 7546 7497 
7694 7497 7546 7547 7498 
7695 7498 7547 7548 7499 
7696 7499 7548 7549 7500 
7697 7500 7549 7550 7501 
7698 7501 7550 7551 7502 
7699 7502 7551 7552 7503 
7700 7503 7552 7553 7504 
7701 7504 7553 7554 7505 
7702 7505 7554 7555 7506 
7703 7506 7555 7556 7507 
7704 7507 7556 60 61 
7705 396 397 7557 7508 
7706 7508 7557 7558 7509 
7707 7509 7558 7559 7510 
7708 7510 7559 7560 7511 
7709 7511 7560 7561 7512 
7710 7512 7561 7562 7513 
7711 7513 7562 7563 7514 
7712 7514 7563 7564 7515 
7713 7515 7564 7565 7516 
7714 7516 7565 7566 7517 
7715 7517 7566 7567 7518 
7716 7518 7567 7568 7519 
7717 7519 7568 7569 7520 
7718 7520 7569 7570 7521 
7719 7521 7570 7571 7522 
7720 7522 7571 7572 7523 
7721 7523 7572 7573 7524 
7722 7524 7573 7574 7525 
7723 7525 7574 7575 7526 
7724 7526 7575 7576 7527 
7725 7527 7576 7577 7528 
7726 7528 7577 7578 7529 
7727 7529 7578 7579 7530 
7728 7530 7579 7580 7531 
7729 7531 7580 7581 7532 
7730 7532 7581 7582 7533 
7731 7533 7582 7583 7534 
7732 7534 7583 7584 7535 
7733 7535 7584 7585 7536 
7734 7536 7585 7586 7537 
7735 7537 7586 7587 7538 
7736 7538 7587 7588 7539 
7737 7539 7588 7589 7540 
7738 7540 7589 7590 7541 
7739 7541 7590 7591 7542 
7740 7542 7591 7592 7543 
7741 7543 7592 7593 7544 
7742 7544 7593 7594 7545 
7743 7545 7594 7595 7546 
7744 7546 7595 7596 7547 
7745 7547 7596 7597 7548 
7746 7548 7597 7598 7549 
7747 7549 7598 7599 7550 
7748 7550 7599 7600 7551 
7749 7551 7600 7601 7552 
7750 7552 7601 7602 7553 
7751 7553 7602 7603 7554 
7752 7554 7603 7604 7555 
7753 7555 7604 7605 7556 
7754 7556 7605 59 60 
7755 397 398 7606 7557 
7756 7557 7606 7607 7558 
7757 7558 7607 7608 7559 
7758 7559 7608 7609 7560 
7759 7560 7609 7610 7561 
7760 7561 7610 7611 7562 
7761 7562 7611 7612 7563 
7762 7563 7612 7613 7564 
7763 7564 7613 7614 7565 
7764 7565 7614 7615 7566 
7765 7566 7615 7616 7567 
7766 7567 7616 7617 7568 
7767 7568 7617 7618 7569 
7768 7569 7618 7619 7570 
7769 7570 7619 7620 7571 
7770 7571 7620 7621 7572 
7771 7572 7621 7622 7573 
7772 7573 7622 7623 7574 
7773 7574 7623 7624 7575 
7774 7575 7624 7625 7576 
7775 7576 7625 7626 7577 
7776 7577 7626 7627 7578 
7777 7578 7627 7628 7579 
7778 7579 7628 7629 7580 
7779 7580 7629 7630 7581 
7780 7581 7630 7631 7582 
7781 7582 7631 7632 7583 
7782 7583 7632 7633 7584 
7783 7584 7633 7634 7585 
7784 7585 7634 7635 7586 
7785 7586 7635 7636 7587 
7786 7587 7636 7637 7588 
7787 7588 7637 7638 7589 
7788 7589 7638 7639 7590 
7789 7590 7639 7640 7591 
7790 7591 7640 7641 7592 
7791 7592 7641 7642 7593 
7792 7593 7642 7643 7594 
7793 7594 7643 7644 7595 
7794 7595 7644 7645 7596 
7795 7596 7645 7646 7597 
7796 7597 7646 7647 7598 
7797 7598 7647 7648 7599 
7798 7599 7648 7649 7600 
7799 7600 7649 7650 7601 
7800 7601 7650 7651 7602 
7801 7602 7651 7652 7603 
7802 7603 7652 7653 7604 
7803 7604 7653 7654 7605 
7804 7605 7654 58 59 
7805 398 399 7655 7606 
7806 7606 7655 7656 7607 
7807 7607 7656 7657 7608 
7808 7608 7657 7658 7609 
7809 7609 7658 7659 7610 
7810 7610 7659 7660 7611 
7811 7611 7660 7661 7612 
7812 7612 7661 7662 7613 
7813 7613 7662 7663 7614 
7814 7614 7663 7664 7615 
7815 7615 7664 7665 7616 
7816 7616 7665 7666 7617 
7817 7617 7666 7667 7618 
7818 7618 7667 7668 7619 
7819 7619 7668 7669 7620 
7820 7620 7669 7670 7621 
7821 7621 7670 7671 7622 
7822 7622 7671 7672 7623 
7823 7623 7672 7673 7624 
7824 7624 7673 7674 7625 
7825 7625 7674 7675 7626 
7826 7626 7675 7676 7627 
7827 7627 7676 7677 7628 
7828 7628 7677 7678 7629 
7829 7629 7678 7679 7630 
7830 7630 7679 7680 7631 
7831 7631 7680 7681 7632 
7832 7632 7681 7682 7633 
7833 7633 7682 7683 7634 
7834 7634 7683 7684 7635 
7835 7635 7684 7685 7636 
7836 7636 7685 7686 7637 
7837 7637 7686 7687 7638 
7838 7638 7687 7688 7639 
7839 7639 7688 7689 7640 
7840 7640 7689 7690 7641 
7841 7641 7690 7691 7642 
7842 7642 7691 7692 7643 
7843 7643 7692 7693 7644 
7844 7644 7693 7694 7645 
7845 7645 7694 7695 7646 
7846 7646 7695 7696 7647 
7847 7647 7696 7697 7648 
7848 7648 7697 7698 7649 
7849 7649 7698 7699 7650 
7850 7650 7699 7700 7651 
7851 7651 7700 7701 7652 
7852 7652 7701 7702 7653 
7853 7653 7702 7703 7654 
7854 7654 7703 57 58 
7855 399 400 7704 7655 
7856 7655 7704 7705 7656 
7857 7656 7705 7706 7657 
7858 7657 7706 7707 7658 
7859 7658 7707 7708 7659 
7860 7659 7708 7709 7660 
7861 7660 7709 7710 7661 
7862 7661 7710 7711 7662 
7863 7662 7711 7712 7663 
7864 7663 7712 7713 7664 
7865 7664 7713 7714 7665 
7866 7665 7714 7715 7666 
7867 7666 7715 7716 7667 
7868 7667 7716 7717 7668 
7869 7668 7717 7718 7669 
7870 7669 7718 7719 7670 
7871 7670 7719 7720 7671 
7872 7671 7720 7721 7672 
7873 7672 7721 7722 7673 
7874 7673 7722 7723 7674 
7875 7674 7723 7724 7675 
7876 7675 7724 7725 7676 
7877 7676 7725 7726 7677 
7878 7677 7726 7727 7678 
7879 7678 7727 7728 7679 
7880 7679 7728 7729 7680 
7881 7680 7729 7730 7681 
7882 7681 7730 7731 7682 
7883 7682 7731 7732 7683 
7884 7683 7732 7733 7684 
7885 7684 7733 7734 7685 
7886 7685 7734 7735 7686 
7887 7686 7735 7736 7687 
7888 7687 7736 7737 7688 
7889 7688 7737 7738 7689 
7890 7689 7738 7739 7690 
7891 7690 7739 7740 7691 
7892 7691 7740 7741 7692 
7893 7692 7741 7742 7693 
7894 7693 7742 7743 7694 
7895 7694 7743 7744 7695 
7896 7695 7744 7745 7696 
7897 7696 7745 7746 7697 
7898 7697 7746 7747 7698 
7899 7698 7747 7748 7699 
7900 7699 7748 7749 7700 
7901 7700 7749 7750 7701 
7902 7701 7750 7751 7702 
7903 7702 7751 7752 7703 
7904 7703 7752 56 57 
7905 400 401 7753 7704 
7906 7704 7753 7754 7705 
7907 7705 7754 7755 7706 
7908 7706 7755 7756 7707 
7909 7707 7756 7757 7708 
7910 7708 7757 7758 7709 
7911 7709 7758 7759 7710 
7912 7710 7759 7760 7711 
7913 7711 7760 7761 7712 
7914 7712 7761 7762 7713 
7915 7713 7762 7763 7714 
7916 7714 7763 7764 7715 
7917 7715 7764 7765 7716 
7918 7716 7765 7766 7717 
7919 7717 7766 7767 7718 
7920 7718 7767 7768 7719 
7921 7719 7768 7769 7720 
7922 7720 7769 7770 7721 
7923 7721 7770 7771 7722 
7924 7722 7771 7772 7723 
7925 7723 7772 7773 7724 
7926 7724 7773 7774 7725 
7927 7725 7774 7775 7726 
7928 7726 7775 7776 7727 
7929 7727 7776 7777 7728 
7930 7728 7777 7778 7729 
7931 7729 7778 7779 7730 
7932 7730 7779 7780 7731 
7933 7731 7780 7781 7732 
7934 7732 7781 7782 7733 
7935 7733 7782 7783 7734 
7936 7734 7783 7784 7735 
7937 7735 7784 7785 7736 
7938 7736 7785 7786 7737 
7939 7737 7786 7787 7738 
7940 7738 7787 7788 7739 
7941 7739 7788 7789 7740 
7942 7740 7789 7790 7741 
7943 7741 7790 7791 7742 
7944 7742 7791 7792 7743 
7945 7743 7792 7793 7744 
7946 7744 7793 7794 7745 
7947 7745 7794 7795 7746 
7948 7746 7795 7796 7747 
7949 7747 7796 7797 7748 
7950 7748 7797 7798 7749 
7951 7749 7798 7799 7750 
7952 7750 7799 7800 7751 
7953 7751 7800 7801 7752 
7954 7752 7801 55 56 
7955 401 402 7802 7753 
7956 7753 7802 7803 7754 
7957 7754 7803 7804 7755 
7958 7755 7804 7805 7756 
7959 7756 7805 7806 7757 
7960 7757 7806 7807 7758 
7961 7758 7807 7808 7759 
7962 7759 7808 7809 7760 
7963 7760 7809 7810 7761 
7964 7761 7810 7811 7762 
7965 7762 7811 7812 7763 
7966 7763 7812 7813 7764 
7967 7764 7813 7814 7765 
7968 7765 7814 7815 7766 
7969 7766 7815 7816 7767 
7970 7767 7816 7817 7768 
7971 7768 7817 7818 7769 
7972 7769 7818 7819 7770 
7973 7770 7819 7820 7771 
7974 7771 7820 7821 7772 
7975 7772 7821 7822 7773 
7976 7773 7822 7823 7774 
7977 7774 7823 7824 7775 
7978 7775 7824 7825 7776 
7979 7776 7825 7826 7777 
7980 7777 7826 7827 7778 
7981 7778 7827 7828 7779 
7982 7779 7828 7829 7780 
7983 7780 7829 7830 7781 
7984 7781 7830 7831 7782 
7985 7782 7831 7832 7783 
7986 7783 7832 7833 7784 
7987 7784 7833 7834 7785 
7988 7785 7834 7835 7786 
7989 7786 7835 7836 7787 
7990 7787 7836 7837 7788 
7991 7788 7837 7838 7789 
7992 7789 7838 7839 7790 
7993 7790 7839 7840 7791 
7994 7791 7840 7841 7792 
7995 7792 7841 7842 7793 
7996 7793 7842 7843 7794 
7997 7794 7843 7844 7795 
7998 7795 7844 7845 7796 
7999 7796 7845 7846 7797 
8000 7797 7846 7847 7798 
8001 7798 7847 7848 7799 
8002 7799 7848 7849 7800 
8003 7800 7849 7850 7801 
8004 7801 7850 54 55 
8005 402 403 7851 7802 
8006 7802 7851 7852 7803 
8007 7803 7852 7853 7804 
8008 7804 7853 7854 7805 
8009 7805 7854 7855 7806 
8010 7806 7855 7856 7807 
8011 7807 7856 7857 7808 
8012 7808 7857 7858 7809 
8013 7809 7858 7859 7810 
8014 7810 7859 7860 7811 
8015 7811 7860 7861 7812 
8016 7812 7861 7862 7813 
8017 7813 7862 7863 7814 
8018 7814 7863 7864 7815 
8019 7815 7864 7865 7816 
8020 7816 7865 7866 7817 
8021 7817 7866 7867 7818 
8022 7818 7867 7868 7819 
8023 7819 7868 7869 7820 
8024 7820 7869 7870 7821 
8025 7821 7870 7871 7822 
8026 7822 7871 7872 7823 
8027 7823 7872 7873 7824 
8028 7824 7873 7874 7825 
8029 7825 7874 7875 7826 
8030 7826 7875 7876 7827 
8031 7827 7876 7877 7828 
8032 7828 7877 7878 7829 
8033 7829 7878 7879 7830 
8034 7830 7879 7880 7831 
8035 7831 7880 7881 7832 
8036 7832 7881 7882 7833 
8037 7833 7882 7883 7834 
8038 7834 7883 7884 7835 
8039 7835 7884 7885 7836 
8040 7836 7885 7886 7837 
8041 7837 7886 7887 7838 
8042 7838 7887 7888 7839 
8043 7839 7888 7889 7840 
8044 7840 7889 7890 7841 
8045 7841 7890 7891 7842 
8046 7842 7891 7892 7843 
8047 7843 7892 7893 7844 
8048 7844 7893 7894 7845 
8049 7845 7894 7895 7846 
8050 7846 7895 7896 7847 
8051 7847 7896 7897 7848 
8052 7848 7897 7898 7849 
8053 7849 7898 7899 7850 
8054 7850 7899 53 54 
8055 403 404 7900 7851 
8056 7851 7900 7901 7852 
8057 7852 7901 7902 7853 
8058 7853 7902 7903 7854 
8059 7854 7903 7904 7855 
8060 7855 7904 7905 7856 
8061 7856 7905 7906 7857 
8062 7857 7906 7907 7858 
8063 7858 7907 7908 7859 
8064 7859 7908 7909 7860 
8065 7860 7909 7910 7861 
8066 7861 7910 7911 7862 
8067 7862 7911 7912 7863 
8068 7863 7912 7913 7864 
8069 7864 7913 7914 7865 
8070 7865 7914 7915 7866 
8071 7866 7915 7916 7867 
8072 7867 7916 7917 7868 
8073 7868 7917 7918 7869 
8074 7869 7918 7919 7870 
8075 7870 7919 7920 7871 
8076 7871 7920 7921 7872 
8077 7872 7921 7922 7873 
8078 7873 7922 7923 7874 
8079 7874 7923 7924 7875 
8080 7875 7924 7925 7876 
8081 7876 7925 7926 7877 
8082 7877 7926 7927 7878 
8083 7878 7927 7928 7879 
8084 7879 7928 7929 7880 
8085 7880 7929 7930 7881 
8086 7881 7930 7931 7882 
8087 7882 7931 7932 7883 
8088 7883 7932 7933 7884 
8089 7884 7933 7934 7885 
8090 7885 7934 7935 7886 
8091 7886 7935 7936 7887 
8092 7887 7936 7937 7888 
8093 7888 7937 7938 7889 
8094 7889 7938 7939 7890 
8095 7890 7939 7940 7891 
8096 7891 7940 7941 7892 
8097 7892 7941 7942 7893 
8098 7893 7942 7943 7894 
8099 7894 7943 7944 7895 
8100 7895 7944 7945 7896 
8101 7896 7945 7946 7897 
8102 7897 7946 7947 7898 
8103 7898 7947 7948 7899 
8104 7899 7948 52 53 
8105 404 405 7949 7900 
8106 7900 7949 7950 7901 
8107 7901 7950 7951 7902 
8108 7902 7951 7952 7903 
8109 7903 7952 7953 7904 
8110 7904 7953 7954 7905 
8111 7905 7954 7955 7906 
8112 7906 7955 7956 7907 
8113 7907 7956 7957 7908 
8114 7908 7957 7958 7909 
8115 7909 7958 7959 7910 
8116 7910 7959 7960 7911 
8117 7911 7960 7961 7912 
8118 7912 7961 7962 7913 
8119 7913 7962 7963 7914 
8120 7914 7963 7964 7915 
8121 7915 7964 7965 7916 
8122 7916 7965 7966 7917 
8123 7917 7966 7967 7918 
8124 7918 7967 7968 7919 
8125 7919 7968 7969 7920 
8126 7920 7969 7970 7921 
8127 7921 7970 7971 7922 
8128 7922 7971 7972 7923 
8129 7923 7972 7973 7924 
8130 7924 7973 7974 7925 
8131 7925 7974 7975 7926 
8132 7926 7975 7976 7927 
8133 7927 7976 7977 7928 
8134 7928 7977 7978 7929 
8135 7929 7978 7979 7930 
8136 7930 7979 7980 7931 
8137 7931 7980 7981 7932 
8138 7932 7981 7982 7933 
8139 7933 7982 7983 7934 
8140 7934 7983 7984 7935 
8141 7935 7984 7985 7936 
8142 7936 7985 7986 7937 
8143 7937 7986 7987 7938 
8144 7938 7987 7988 7939 
8145 7939 7988 7989 7940 
8146 7940 7989 7990 7941 
8147 7941 7990 7991 7942 
8148 7942 7991 7992 7943 
8149 7943 7992 7993 7944 
8150 7944 7993 7994 7945 
8151 7945 7994 7995 7946 
8152 7946 7995 7996 7947 
8153 7947 7996 7997 7948 
8154 7948 7997 51 52 
8155 405 406 7998 7949 
8156 7949 7998 7999 7950 
8157 7950 7999 8000 7951 
8158 7951 8000 8001 7952 
8159 7952 8001 8002 7953 
8160 7953 8002 8003 7954 
8161 7954 8003 8004 7955 
8162 7955 8004 8005 7956 
8163 7956 8005 8006 7957 
8164 7957 8006 8007 7958 
8165 7958 8007 8008 7959 
8166 7959 8008 8009 7960 
8167 7960 8009 8010 7961 
8168 7961 8010 8011 7962 
8169 7962 8011 8012 7963 
8170 7963 8012 8013 7964 
8171 7964 8013 8014 7965 
8172 7965 8014 8015 7966 
8173 7966 8015 8016 7967 
8174 7967 8016 8017 7968 
8175 7968 8017 8018 7969 
8176 7969 8018 8019 7970 
8177 7970 8019 8020 7971 
8178 7971 8020 8021 7972 
8179 7972 8021 8022 7973 
8180 7973 8022 8023 7974 
8181 7974 8023 8024 7975 
8182 7975 8024 8025 7976 
8183 7976 8025 8026 7977 
8184 7977 8026 8027 7978 
8185 7978 8027 8028 7979 
8186 7979 8028 8029 7980 
8187 7980 8029 8030 7981 
8188 7981 8030 8031 7982 
8189 7982 8031 8032 7983 
8190 7983 8032 8033 7984 
8191 7984 8033 8034 7985 
8192 7985 8034 8035 7986 
8193 7986 8035 8036 7987 
8194 7987 8036 8037 7988 
8195 7988 8037 8038 7989 
8196 7989 8038 8039 7990 
8197 7990 8039 8040 7991 
8198 7991 8040 8041 7992 
8199 7992 8041 8042 7993 
8200 7993 8042 8043 7994 
8201 7994 8043 8044 7995 
8202 7995 8044 8045 7996 
8203 7996 8045 8046 7997 
8204 7997 8046 50 51 
8205 406 407 8047 7998 
8206 7998 8047 8048 7999 
8207 7999 8048 8049 8000 
8208 8000 8049 8050 8001 
8209 8001 8050 8051 8002 
8210 8002 8051 8052 8003 
8211 8003 8052 8053 8004 
8212 8004 8053 8054 8005 
8213 8005 8054 8055 8006 
8214 8006 8055 8056 8007 
8215 8007 8056 8057 8008 
8216 8008 8057 8058 8009 
8217 8009 8058 8059 8010 
8218 8010 8059 8060 8011 
8219 8011 8060 8061 8012 
8220 8012 8061 8062 8013 
8221 8013 8062 8063 8014 
8222 8014 8063 8064 8015 
8223 8015 8064 8065 8016 
8224 8016 8065 8066 8017 
8225 8017 8066 8067 8018 
8226 8018 8067 8068 8019 
8227 8019 8068 8069 8020 
8228 8020 8069 8070 8021 
8229 8021 8070 8071 8022 
8230 8022 8071 8072 8023 
8231 8023 8072 8073 8024 
8232 8024 8073 8074 8025 
8233 8025 8074 8075 8026 
8234 8026 8075 8076 8027 
8235 8027 8076 8077 8028 
8236 8028 8077 8078 8029 
8237 8029 8078 8079 8030 
8238 8030 8079 8080 8031 
8239 8031 8080 8081 8032 
8240 8032 8081 8082 8033 
8241 8033 8082 8083 8034 
8242 8034 8083 8084 8035 
8243 8035 8084 8085 8036 
8244 8036 8085 8086 8037 
8245 8037 8086 8087 8038 
8246 8038 8087 8088 8039 
8247 8039 8088 8089 8040 
8248 8040 8089 8090 8041 
8249 8041 8090 8091 8042 
8250 8042 8091 8092 8043 
8251 8043 8092 8093 8044 
8252 8044 8093 8094 8045 
8253 8045 8094 8095 8046 
8254 8046 8095 49 50 
8255 407 408 8096 8047 
8256 8047 8096 8097 8048 
8257 8048 8097 8098 8049 
8258 8049 8098 8099 8050 
8259 8050 8099 8100 8051 
8260 8051 8100 8101 8052 
8261 8052 8101 8102 8053 
8262 8053 8102 8103 8054 
8263 8054 8103 8104 8055 
8264 8055 8104 8105 8056 
8265 8056 8105 8106 8057 
8266 8057 8106 8107 8058 
8267 8058 8107 8108 8059 
8268 8059 8108 8109 8060 
8269 8060 8109 8110 8061 
8270 8061 8110 8111 8062 
8271 8062 8111 8112 8063 
8272 8063 8112 8113 8064 
8273 8064 8113 8114 8065 
8274 8065 8114 8115 8066 
8275 8066 8115 8116 8067 
8276 8067 8116 8117 8068 
8277 8068 8117 8118 8069 
8278 8069 8118 8119 8070 
8279 8070 8119 8120 8071 
8280 8071 8120 8121 8072 
8281 8072 8121 8122 8073 
8282 8073 8122 8123 8074 
8283 8074 8123 8124 8075 
8284 8075 8124 8125 8076 
8285 8076 8125 8126 8077 
8286 8077 8126 8127 8078 
8287 8078 8127 8128 8079 
8288 8079 8128 8129 8080 
8289 8080 8129 8130 8081 
8290 8081 8130 8131 8082 
8291 8082 8131 8132 8083 
8292 8083 8132 8133 8084 
8293 8084 8133 8134 8085 
8294 8085 8134 8135 8086 
8295 8086 8135 8136 8087 
8296 8087 8136 8137 8088 
8297 8088 8137 8138 8089 
8298 8089 8138 8139 8090 
8299 8090 8139 8140 8091 
8300 8091 8140 8141 8092 
8301 8092 8141 8142 8093 
8302 8093 8142 8143 8094 
8303 8094 8143 8144 8095 
8304 8095 8144 48 49 
8305 408 409 8145 8096 
8306 8096 8145 8146 8097 
8307 8097 8146 8147 8098 
8308 8098 8147 8148 8099 
8309 8099 8148 8149 8100 
8310 8100 8149 8150 8101 
8311 8101 8150 8151 8102 
8312 8102 8151 8152 8103 
8313 8103 8152 8153 8104 
8314 8104 8153 8154 8105 
8315 8105 8154 8155 8106 
8316 8106 8155 8156 8107 
8317 8107 8156 8157 8108 
8318 8108 8157 8158 8109 
8319 8109 8158 8159 8110 
8320 8110 8159 8160 8111 
8321 8111 8160 8161 8112 
8322 8112 8161 8162 8113 
8323 8113 8162 8163 8114 
8324 8114 8163 8164 8115 
8325 8115 8164 8165 8116 
8326 8116 8165 8166 8117 
8327 8117 8166 8167 8118 
8328 8118 8167 8168 8119 
8329 8119 8168 8169 8120 
8330 8120 8169 8170 8121 
8331 8121 8170 8171 8122 
8332 8122 8171 8172 8123 
8333 8123 8172 8173 8124 
8334 8124 8173 8174 8125 
8335 8125 8174 8175 8126 
8336 8126 8175 8176 8127 
8337 8127 8176 8177 8128 
8338 8128 8177 8178 8129 
8339 8129 8178 8179 8130 
8340 8130 8179 8180 8131 
8341 8131 8180 8181 8132 
8342 8132 8181 8182 8133 
8343 8133 8182 8183 8134 
8344 8134 8183 8184 8135 
8345 8135 8184 8185 8136 
8346 8136 8185 8186 8137 
8347 8137 8186 8187 8138 
8348 8138 8187 8188 8139 
8349 8139 8188 8189 8140 
8350 8140 8189 8190 8141 
8351 8141 8190 8191 8142 
8352 8142 8191 8192 8143 
8353 8143 8192 8193 8144 
8354 8144 8193 47 48 
8355 409 410 8194 8145 
8356 8145 8194 8195 8146 
8357 8146 8195 8196 8147 
8358 8147 8196 8197 8148 
8359 8148 8197 8198 8149 
8360 8149 8198 8199 8150 
8361 8150 8199 8200 8151 
8362 8151 8200 8201 8152 
8363 8152 8201 8202 8153 
8364 8153 8202 8203 8154 
8365 8154 8203 8204 8155 
8366 8155 8204 8205 8156 
8367 8156 8205 8206 8157 
8368 8157 8206 8207 8158 
8369 8158 8207 8208 8159 
8370 8159 8208 8209 8160 
8371 8160 8209 8210 8161 
8372 8161 8210 8211 8162 
8373 8162 8211 8212 8163 
8374 8163 8212 8213 8164 
8375 8164 8213 8214 8165 
8376 8165 8214 8215 8166 
8377 8166 8215 8216 8167 
8378 8167 8216 8217 8168 
8379 8168 8217 8218 8169 
8380 8169 8218 8219 8170 
8381 8170 8219 8220 8171 
8382 8171 8220 8221 8172 
8383 8172 8221 8222 8173 
8384 8173 8222 8223 8174 
8385 8174 8223 8224 8175 
8386 8175 8224 8225 8176 
8387 8176 8225 8226 8177 
8388 8177 8226 8227 8178 
8389 8178 8227 8228 8179 
8390 8179 8228 8229 8180 
8391 8180 8229 8230 8181 
8392 8181 8230 8231 8182 
8393 8182 8231 8232 8183 
8394 8183 8232 8233 8184 
8395 8184 8233 8234 8185 
8396 8185 8234 8235 8186 
8397 8186 8235 8236 8187 
8398 8187 8236 8237 8188 
8399 8188 8237 8238 8189 
8400 8189 8238 8239 8190 
8401 8190 8239 8240 8191 
8402 8191 8240 8241 8192 
8403 8192 8241 8242 8193 
8404 8193 8242 46 47 
8405 410 411 8243 8194 
8406 8194 8243 8244 8195 
8407 8195 8244 8245 8196 
8408 8196 8245 8246 8197 
8409 8197 8246 8247 8198 
8410 8198 8247 8248 8199 
8411 8199 8248 8249 8200 
8412 8200 8249 8250 8201 
8413 8201 8250 8251 8202 
8414 8202 8251 8252 8203 
8415 8203 8252 8253 8204 
8416 8204 8253 8254 8205 
8417 8205 8254 8255 8206 
8418 8206 8255 8256 8207 
8419 8207 8256 8257 8208 
8420 8208 8257 8258 8209 
8421 8209 8258 8259 8210 
8422 8210 8259 8260 8211 
8423 8211 8260 8261 8212 
8424 8212 8261 8262 8213 
8425 8213 8262 8263 8214 
8426 8214 8263 8264 8215 
8427 8215 8264 8265 8216 
8428 8216 8265 8266 8217 
8429 8217 8266 8267 8218 
8430 8218 8267 8268 8219 
8431 8219 8268 8269 8220 
8432 8220 8269 8270 8221 
8433 8221 8270 8271 8222 
8434 8222 8271 8272 8223 
8435 8223 8272 8273 8224 
8436 8224 8273 8274 8225 
8437 8225 8274 8275 8226 
8438 8226 8275 8276 8227 
8439 8227 8276 8277 8228 
8440 8228 8277 8278 8229 
8441 8229 8278 8279 8230 
8442 8230 8279 8280 8231 
8443 8231 8280 8281 8232 
8444 8232 8281 8282 8233 
8445 8233 8282 8283 8234 
8446 8234 8283 8284 8235 
8447 8235 8284 8285 8236 
8448 8236 8285 8286 8237 
8449 8237 8286 8287 8238 
8450 8238 8287 8288 8239 
8451 8239 8288 8289 8240 
8452 8240 8289 8290 8241 
8453 8241 8290 8291 8242 
8454 8242 8291 45 46 
8455 411 412 8292 8243 
8456 8243 8292 8293 8244 
8457 8244 8293 8294 8245 
8458 8245 8294 8295 8246 
8459 8246 8295 8296 8247 
8460 8247 8296 8297 8248 
8461 8248 8297 8298 8249 
8462 8249 8298 8299 8250 
8463 8250 8299 8300 8251 
8464 8251 8300 8301 8252 
8465 8252 8301 8302 8253 
8466 8253 8302 8303 8254 
8467 8254 8303 8304 8255 
8468 8255 8304 8305 8256 
8469 8256 8305 8306 8257 
8470 8257 8306 8307 8258 
8471 8258 8307 8308 8259 
8472 8259 8308 8309 8260 
8473 8260 8309 8310 8261 
8474 8261 8310 8311 8262 
8475 8262 8311 8312 8263 
8476 8263 8312 8313 8264 
8477 8264 8313 8314 8265 
8478 8265 8314 8315 8266 
8479 8266 8315 8316 8267 
8480 8267 8316 8317 8268 
8481 8268 8317 8318 8269 
8482 8269 8318 8319 8270 
8483 8270 8319 8320 8271 
8484 8271 8320 8321 8272 
8485 8272 8321 8322 8273 
8486 8273 8322 8323 8274 
8487 8274 8323 8324 8275 
8488 8275 8324 8325 8276 
8489 8276 8325 8326 8277 
8490 8277 8326 8327 8278 
8491 8278 8327 8328 8279 
8492 8279 8328 8329 8280 
8493 8280 8329 8330 8281 
8494 8281 8330 8331 8282 
8495 8282 8331 8332 8283 
8496 8283 8332 8333 8284 
8497 8284 8333 8334 8285 
8498 8285 8334 8335 8286 
8499 8286 8335 8336 8287 
8500 8287 8336 8337 8288 
8501 8288 8337 8338 8289 
8502 8289 8338 8339 8290 
8503 8290 8339 8340 8291 
8504 8291 8340 44 45 
8505 412 413 8341 8292 
8506 8292 8341 8342 8293 
8507 8293 8342 8343 8294 
8508 8294 8343 8344 8295 
8509 8295 8344 8345 8296 
8510 8296 8345 8346 8297 
8511 8297 8346 8347 8298 
8512 8298 8347 8348 8299 
8513 8299 8348 8349 8300 
8514 8300 8349 8350 8301 
8515 8301 8350 8351 8302 
8516 8302 8351 8352 8303 
8517 8303 8352 8353 8304 
8518 8304 8353 8354 8305 
8519 8305 8354 8355 8306 
8520 8306 8355 8356 8307 
8521 8307 8356 8357 8308 
8522 8308 8357 8358 8309 
8523 8309 8358 8359 8310 
8524 8310 8359 8360 8311 
8525 8311 8360 8361 8312 
8526 8312 8361 8362 8313 
8527 8313 8362 8363 8314 
8528 8314 8363 8364 8315 
8529 8315 8364 8365 8316 
8530 8316 8365 8366 8317 
8531 8317 8366 8367 8318 
8532 8318 8367 8368 8319 
8533 8319 8368 8369 8320 
8534 8320 8369 8370 8321 
8535 8321 8370 8371 8322 
8536 8322 8371 8372 8323 
8537 8323 8372 8373 8324 
8538 8324 8373 8374 8325 
8539 8325 8374 8375 8326 
8540 8326 8375 8376 8327 
8541 8327 8376 8377 8328 
8542 8328 8377 8378 8329 
8543 8329 8378 8379 8330 
8544 8330 8379 8380 8331 
8545 8331 8380 8381 8332 
8546 8332 8381 8382 8333 
8547 8333 8382 8383 8334 
8548 8334 8383 8384 8335 
8549 8335 8384 8385 8336 
8550 8336 8385 8386 8337 
8551 8337 8386 8387 8338 
8552 8338 8387 8388 8339 
8553 8339 8388 8389 8340 
8554 8340 8389 43 44 
8555 413 414 8390 8341 
8556 8341 8390 8391 8342 
8557 8342 8391 8392 8343 
8558 8343 8392 8393 8344 
8559 8344 8393 8394 8345 
8560 8345 8394 8395 8346 
8561 8346 8395 8396 8347 
8562 8347 8396 8397 8348 
8563 8348 8397 8398 8349 
8564 8349 8398 8399 8350 
8565 8350 8399 8400 8351 
8566 8351 8400 8401 8352 
8567 8352 8401 8402 8353 
8568 8353 8402 8403 8354 
8569 8354 8403 8404 8355 
8570 8355 8404 8405 8356 
8571 8356 8405 8406 8357 
8572 8357 8406 8407 8358 
8573 8358 8407 8408 8359 
8574 8359 8408 8409 8360 
8575 8360 8409 8410 8361 
8576 8361 8410 8411 8362 
8577 8362 8411 8412 8363 
8578 8363 8412 8413 8364 
8579 8364 8413 8414 8365 
8580 8365 8414 8415 8366 
8581 8366 8415 8416 8367 
8582 8367 8416 8417 8368 
8583 8368 8417 8418 8369 
8584 8369 8418 8419 8370 
8585 8370 8419 8420 8371 
8586 8371 8420 8421 8372 
8587 8372 8421 8422 8373 
8588 8373 8422 8423 8374 
8589 8374 8423 8424 8375 
8590 8375 8424 8425 8376 
8591 8376 8425 8426 8377 
8592 8377 8426 8427 8378 
8593 8378 8427 8428 8379 
8594 8379 8428 8429 8380 
8595 8380 8429 8430 8381 
8596 8381 8430 8431 8382 
8597 8382 8431 8432 8383 
8598 8383 8432 8433 8384 
8599 8384 8433 8434 8385 
8600 8385 8434 8435 8386 
8601 8386 8435 8436 8387 
8602 8387 8436 8437 8388 
8603 8388 8437 8438 8389 
8604 8389 8438 42 43 
8605 414 415 8439 8390 
8606 8390 8439 8440 8391 
8607 8391 8440 8441 8392 
8608 8392 8441 8442 8393 
8609 8393 8442 8443 8394 
8610 8394 8443 8444 8395 
8611 8395 8444 8445 8396 
8612 8396 8445 8446 8397 
8613 8397 8446 8447 8398 
8614 8398 8447 8448 8399 
8615 8399 8448 8449 8400 
8616 8400 8449 8450 8401 
8617 8401 8450 8451 8402 
8618 8402 8451 8452 8403 
8619 8403 8452 8453 8404 
8620 8404 8453 8454 8405 
8621 8405 8454 8455 8406 
8622 8406 8455 8456 8407 
8623 8407 8456 8457 8408 
8624 8408 8457 8458 8409 
8625 8409 8458 8459 8410 
8626 8410 8459 8460 8411 
8627 8411 8460 8461 8412 
8628 8412 8461 8462 8413 
8629 8413 8462 8463 8414 
8630 8414 8463 8464 8415 
8631 8415 8464 8465 8416 
8632 8416 8465 8466 8417 
8633 8417 8466 8467 8418 
8634 8418 8467 8468 8419 
8635 8419 8468 8469 8420 
8636 8420 8469 8470 8421 
8637 8421 8470 8471 8422 
8638 8422 8471 8472 8423 
8639 8423 8472 8473 8424 
8640 8424 8473 8474 8425 
8641 8425 8474 8475 8426 
8642 8426 8475 8476 8427 
8643 8427 8476 8477 8428 
8644 8428 8477 8478 8429 
8645 8429 8478 8479 8430 
8646 8430 8479 8480 8431 
8647 8431 8480 8481 8432 
8648 8432 8481 8482 8433 
8649 8433 8482 8483 8434 
8650 8434 8483 8484 8435 
8651 8435 8484 8485 8436 
8652 8436 8485 8486 8437 
8653 8437 8486 8487 8438 
8654 8438 8487 41 42 
8655 415 416 8488 8439 
8656 8439 8488 8489 8440 
8657 8440 8489 8490 8441 
8658 8441 8490 8491 8442 
8659 8442 8491 8492 8443 
8660 8443 8492 8493 8444 
8661 8444 8493 8494 8445 
8662 8445 8494 8495 8446 
8663 8446 8495 8496 8447 
8664 8447 8496 8497 8448 
8665 8448 8497 8498 8449 
8666 8449 8498 8499 8450 
8667 8450 8499 8500 8451 
8668 8451 8500 8501 8452 
8669 8452 8501 8502 8453 
8670 8453 8502 8503 8454 
8671 8454 8503 8504 8455 
8672 8455 8504 8505 8456 
8673 8456 8505 8506 8457 
8674 8457 8506 8507 8458 
8675 8458 8507 8508 8459 
8676 8459 8508 8509 8460 
8677 8460 8509 8510 8461 
8678 8461 8510 8511 8462 
8679 8462 8511 8512 8463 
8680 8463 8512 8513 8464 
8681 8464 8513 8514 8465 
8682 8465 8514 8515 8466 
8683 8466 8515 8516 8467 
8684 8467 8516 8517 8468 
8685 8468 8517 8518 8469 
8686 8469 8518 8519 8470 
8687 8470 8519 8520 8471 
8688 8471 8520 8521 8472 
8689 8472 8521 8522 8473 
8690 8473 8522 8523 8474 
8691 8474 8523 8524 8475 
8692 8475 8524 8525 8476 
8693 8476 8525 8526 8477 
8694 8477 8526 8527 8478 
8695 8478 8527 8528 8479 
8696 8479 8528 8529 8480 
8697 8480 8529 8530 8481 
8698 8481 8530 8531 8482 
8699 8482 8531 8532 8483 
8700 8483 8532 8533 8484 
8701 8484 8533 8534 8485 
8702 8485 8534 8535 8486 
8703 8486 8535 8536 8487 
8704 8487 8536 40 41 
8705 416 417 8537 8488 
8706 8488 8537 8538 8489 
8707 8489 8538 8539 8490 
8708 8490 8539 8540 8491 
8709 8491 8540 8541 8492 
8710 8492 8541 8542 8493 
8711 8493 8542 8543 8494 
8712 8494 8543 8544 8495 
8713 8495 8544 8545 8496 
8714 8496 8545 8546 8497 
8715 8497 8546 8547 8498 
8716 8498 8547 8548 8499 
8717 8499 8548 8549 8500 
8718 8500 8549 8550 8501 
8719 8501 8550 8551 8502 
8720 8502 8551 8552 8503 
8721 8503 8552 8553 8504 
8722 8504 8553 8554 8505 
8723 8505 8554 8555 8506 
8724 8506 8555 8556 8507 
8725 8507 8556 8557 8508 
8726 8508 8557 8558 8509 
8727 8509 8558 8559 8510 
8728 8510 8559 8560 8511 
8729 8511 8560 8561 8512 
8730 8512 8561 8562 8513 
8731 8513 8562 8563 8514 
8732 8514 8563 8564 8515 
8733 8515 8564 8565 8516 
8734 8516 8565 8566 8517 
8735 8517 8566 8567 8518 
8736 8518 8567 8568 8519 
8737 8519 8568 8569 8520 
8738 8520 8569 8570 8521 
8739 8521 8570 8571 8522 
8740 8522 8571 8572 8523 
8741 8523 8572 8573 8524 
8742 8524 8573 8574 8525 
8743 8525 8574 8575 8526 
8744 8526 8575 8576 8527 
8745 8527 8576 8577 8528 
8746 8528 8577 8578 8529 
8747 8529 8578 8579 8530 
8748 8530 8579 8580 8531 
8749 8531 8580 8581 8532 
8750 8532 8581 8582 8533 
8751 8533 8582 8583 8534 
8752 8534 8583 8584 8535 
8753 8535 8584 8585 8536 
8754 8536 8585 39 40 
8755 417 418 8586 8537 
8756 8537 8586 8587 8538 
8757 8538 8587 8588 8539 
8758 8539 8588 8589 8540 
8759 8540 8589 8590 8541 
8760 8541 8590 8591 8542 
8761 8542 8591 8592 8543 
8762 8543 8592 8593 8544 
8763 8544 8593 8594 8545 
8764 8545 8594 8595 8546 
8765 8546 8595 8596 8547 
8766 8547 8596 8597 8548 
8767 8548 8597 8598 8549 
8768 8549 8598 8599 8550 
8769 8550 8599 8600 8551 
8770 8551 8600 8601 8552 
8771 8552 8601 8602 8553 
8772 8553 8602 8603 8554 
8773 8554 8603 8604 8555 
8774 8555 8604 8605 8556 
8775 8556 8605 8606 8557 
8776 8557 8606 8607 8558 
8777 8558 8607 8608 8559 
8778 8559 8608 8609 8560 
8779 8560 8609 8610 8561 
8780 8561 8610 8611 8562 
8781 8562 8611 8612 8563 
8782 8563 8612 8613 8564 
8783 8564 8613 8614 8565 
8784 8565 8614 8615 8566 
8785 8566 8615 8616 8567 
8786 8567 8616 8617 8568 
8787 8568 8617 8618 8569 
8788 8569 8618 8619 8570 
8789 8570 8619 8620 8571 
8790 8571 8620 8621 8572 
8791 8572 8621 8622 8573 
8792 8573 8622 8623 8574 
8793 8574 8623 8624 8575 
8794 8575 8624 8625 8576 
8795 8576 8625 8626 8577 
8796 8577 8626 8627 8578 
8797 8578 8627 8628 8579 
8798 8579 8628 8629 8580 
8799 8580 8629 8630 8581 
8800 8581 8630 8631 8582 
8801 8582 8631 8632 8583 
8802 8583 8632 8633 8584 
8803 8584 8633 8634 8585 
8804 8585 8634 38 39 
8805 418 419 8635 8586 
8806 8586 8635 8636 8587 
8807 8587 8636 8637 8588 
8808 8588 8637 8638 8589 
8809 8589 8638 8639 8590 
8810 8590 8639 8640 8591 
8811 8591 8640 8641 8592 
8812 8592 8641 8642 8593 
8813 8593 8642 8643 8594 
8814 8594 8643 8644 8595 
8815 8595 8644 8645 8596 
8816 8596 8645 8646 8597 
8817 8597 8646 8647 8598 
8818 8598 8647 8648 8599 
8819 8599 8648 8649 8600 
8820 8600 8649 8650 8601 
8821 8601 8650 8651 8602 
8822 8602 8651 8652 8603 
8823 8603 8652 8653 8604 
8824 8604 8653 8654 8605 
8825 8605 8654 8655 8606 
8826 8606 8655 8656 8607 
8827 8607 8656 8657 8608 
8828 8608 8657 8658 8609 
8829 8609 8658 8659 8610 
8830 8610 8659 8660 8611 
8831 8611 8660 8661 8612 
8832 8612 8661 8662 8613 
8833 8613 8662 8663 8614 
8834 8614 8663 8664 8615 
8835 8615 8664 8665 8616 
8836 8616 8665 8666 8617 
8837 8617 8666 8667 8618 
8838 8618 8667 8668 8619 
8839 8619 8668 8669 8620 
8840 8620 8669 8670 8621 
8841 8621 8670 8671 8622 
8842 8622 8671 8672 8623 
8843 8623 8672 8673 8624 
8844 8624 8673 8674 8625 
8845 8625 8674 8675 8626 
8846 8626 8675 8676 8627 
8847 8627 8676 8677 8628 
8848 8628 8677 8678 8629 
8849 8629 8678 8679 8630 
8850 8630 8679 8680 8631 
8851 8631 8680 8681 8632 
8852 8632 8681 8682 8633 
8853 8633 8682 8683 8634 
8854 8634 8683 37 38 
8855 419 420 8684 8635 
8856 8635 8684 8685 8636 
8857 8636 8685 8686 8637 
8858 8637 8686 8687 8638 
8859 8638 8687 8688 8639 
8860 8639 8688 8689 8640 
8861 8640 8689 8690 8641 
8862 8641 8690 8691 8642 
8863 8642 8691 8692 8643 
8864 8643 8692 8693 8644 
8865 8644 8693 8694 8645 
8866 8645 8694 8695 8646 
8867 8646 8695 8696 8647 
8868 8647 8696 8697 8648 
8869 8648 8697 8698 8649 
8870 8649 8698 8699 8650 
8871 8650 8699 8700 8651 
8872 8651 8700 8701 8652 
8873 8652 8701 8702 8653 
8874 8653 8702 8703 8654 
8875 8654 8703 8704 8655 
8876 8655 8704 8705 8656 
8877 8656 8705 8706 8657 
8878 8657 8706 8707 8658 
8879 8658 8707 8708 8659 
8880 8659 8708 8709 8660 
8881 8660 8709 8710 8661 
8882 8661 8710 8711 8662 
8883 8662 8711 8712 8663 
8884 8663 8712 8713 8664 
8885 8664 8713 8714 8665 
8886 8665 8714 8715 8666 
8887 8666 8715 8716 8667 
8888 8667 8716 8717 8668 
8889 8668 8717 8718 8669 
8890 8669 8718 8719 8670 
8891 8670 8719 8720 8671 
8892 8671 8720 8721 8672 
8893 8672 8721 8722 8673 
8894 8673 8722 8723 8674 
8895 8674 8723 8724 8675 
8896 8675 8724 8725 8676 
8897 8676 8725 8726 8677 
8898 8677 8726 8727 8678 
8899 8678 8727 8728 8679 
8900 8679 8728 8729 8680 
8901 8680 8729 8730 8681 
8902 8681 8730 8731 8682 
8903 8682 8731 8732 8683 
8904 8683 8732 36 37 
8905 420 421 8733 8684 
8906 8684 8733 8734 8685 
8907 8685 8734 8735 8686 
8908 8686 8735 8736 8687 
8909 8687 8736 8737 8688 
8910 8688 8737 8738 8689 
8911 8689 8738 8739 8690 
8912 8690 8739 8740 8691 
8913 8691 8740 8741 8692 
8914 8692 8741 8742 8693 
8915 8693 8742 8743 8694 
8916 8694 8743 8744 8695 
8917 8695 8744 8745 8696 
8918 8696 8745 8746 8697 
8919 8697 8746 8747 8698 
8920 8698 8747 8748 8699 
8921 8699 8748 8749 8700 
8922 8700 8749 8750 8701 
8923 8701 8750 8751 8702 
8924 8702 8751 8752 8703 
8925 8703 8752 8753 8704 
8926 8704 8753 8754 8705 
8927 8705 8754 8755 8706 
8928 8706 8755 8756 8707 
8929 8707 8756 8757 8708 
8930 8708 8757 8758 8709 
8931 8709 8758 8759 8710 
8932 8710 8759 8760 8711 
8933 8711 8760 8761 8712 
8934 8712 8761 8762 8713 
8935 8713 8762 8763 8714 
8936 8714 8763 8764 8715 
8937 8715 8764 8765 8716 
8938 8716 8765 8766 8717 
8939 8717 8766 8767 8718 
8940 8718 8767 8768 8719 
8941 8719 8768 8769 8720 
8942 8720 8769 8770 8721 
8943 8721 8770 8771 8722 
8944 8722 8771 8772 8723 
8945 8723 8772 8773 8724 
8946 8724 8773 8774 8725 
8947 8725 8774 8775 8726 
8948 8726 8775 8776 8727 
8949 8727 8776 8777 8728 
8950 8728 8777 8778 8729 
8951 8729 8778 8779 8730 
8952 8730 8779 8780 8731 
8953 8731 8780 8781 8732 
8954 8732 8781 35 36 
8955 421 422 8782 8733 
8956 8733 8782 8783 8734 
8957 8734 8783 8784 8735 
8958 8735 8784 8785 8736 
8959 8736 8785 8786 8737 
8960 8737 8786 8787 8738 
8961 8738 8787 8788 8739 
8962 8739 8788 8789 8740 
8963 8740 8789 8790 8741 
8964 8741 8790 8791 8742 
8965 8742 8791 8792 8743 
8966 8743 8792 8793 8744 
8967 8744 8793 8794 8745 
8968 8745 8794 8795 8746 
8969 8746 8795 8796 8747 
8970 8747 8796 8797 8748 
8971 8748 8797 8798 8749 
8972 8749 8798 8799 8750 
8973 8750 8799 8800 8751 
8974 8751 8800 8801 8752 
8975 8752 8801 8802 8753 
8976 8753 8802 8803 8754 
8977 8754 8803 8804 8755 
8978 8755 8804 8805 8756 
8979 8756 8805 8806 8757 
8980 8757 8806 8807 8758 
8981 8758 8807 8808 8759 
8982 8759 8808 8809 8760 
8983 8760 8809 8810 8761 
8984 8761 8810 8811 8762 
8985 8762 8811 8812 8763 
8986 8763 8812 8813 8764 
8987 8764 8813 8814 8765 
8988 8765 8814 8815 8766 
8989 8766 8815 8816 8767 
8990 8767 8816 8817 8768 
8991 8768 8817 8818 8769 
8992 8769 8818 8819 8770 
8993 8770 8819 8820 8771 
8994 8771 8820 8821 8772 
8995 8772 8821 8822 8773 
8996 8773 8822 8823 8774 
8997 8774 8823 8824 8775 
8998 8775 8824 8825 8776 
8999 8776 8825 8826 8777 
9000 8777 8826 8827 8778 
9001 8778 8827 8828 8779 
9002 8779 8828 8829 8780 
9003 8780 8829 8830 8781 
9004 8781 8830 34 35 
9005 422 423 8831 8782 
9006 8782 8831 8832 8783 
9007 8783 8832 8833 8784 
9008 8784 8833 8834 8785 
9009 8785 8834 8835 8786 
9010 8786 8835 8836 8787 
9011 8787 8836 8837 8788 
9012 8788 8837 8838 8789 
9013 8789 8838 8839 8790 
9014 8790 8839 8840 8791 
9015 8791 8840 8841 8792 
9016 8792 8841 8842 8793 
9017 8793 8842 8843 8794 
9018 8794 8843 8844 8795 
9019 8795 8844 8845 8796 
9020 8796 8845 8846 8797 
9021 8797 8846 8847 8798 
9022 8798 8847 8848 8799 
9023 8799 8848 8849 8800 
9024 8800 8849 8850 8801 
9025 8801 8850 8851 8802 
9026 8802 8851 8852 8803 
9027 8803 8852 8853 8804 
9028 8804 8853 8854 8805 
9029 8805 8854 8855 8806 
9030 8806 8855 8856 8807 
9031 8807 8856 8857 8808 
9032 8808 8857 8858 8809 
9033 8809 8858 8859 8810 
9034 8810 8859 8860 8811 
9035 8811 8860 8861 8812 
9036 8812 8861 8862 8813 
9037 8813 8862 8863 8814 
9038 8814 8863 8864 8815 
9039 8815 8864 8865 8816 
9040 8816 8865 8866 8817 
9041 8817 8866 8867 8818 
9042 8818 8867 8868 8819 
9043 8819 8868 8869 8820 
9044 8820 8869 8870 8821 
9045 8821 8870 8871 8822 
9046 8822 8871 8872 8823 
9047 8823 8872 8873 8824 
9048 8824 8873 8874 8825 
9049 8825 8874 8875 8826 
9050 8826 8875 8876 8827 
9051 8827 8876 8877 8828 
9052 8828 8877 8878 8829 
9053 8829 8878 8879 8830 
9054 8830 8879 33 34 
9055 423 424 8880 8831 
9056 8831 8880 8881 8832 
9057 8832 8881 8882 8833 
9058 8833 8882 8883 8834 
9059 8834 8883 8884 8835 
9060 8835 8884 8885 8836 
9061 8836 8885 8886 8837 
9062 8837 8886 8887 8838 
9063 8838 8887 8888 8839 
9064 8839 8888 8889 8840 
9065 8840 8889 8890 8841 
9066 8841 8890 8891 8842 
9067 8842 8891 8892 8843 
9068 8843 8892 8893 8844 
9069 8844 8893 8894 8845 
9070 8845 8894 8895 8846 
9071 8846 8895 8896 8847 
9072 8847 8896 8897 8848 
9073 8848 8897 8898 8849 
9074 8849 8898 8899 8850 
9075 8850 8899 8900 8851 
9076 8851 8900 8901 8852 
9077 8852 8901 8902 8853 
9078 8853 8902 8903 8854 
9079 8854 8903 8904 8855 
9080 8855 8904 8905 8856 
9081 8856 8905 8906 8857 
9082 8857 8906 8907 8858 
9083 8858 8907 8908 8859 
9084 8859 8908 8909 8860 
9085 8860 8909 8910 8861 
9086 8861 8910 8911 8862 
9087 8862 8911 8912 8863 
9088 8863 8912 8913 8864 
9089 8864 8913 8914 8865 
9090 8865 8914 8915 8866 
9091 8866 8915 8916 8867 
9092 8867 8916 8917 8868 
9093 8868 8917 8918 8869 
9094 8869 8918 8919 8870 
9095 8870 8919 8920 8871 
9096 8871 8920 8921 8872 
9097 8872 8921 8922 8873 
9098 8873 8922 8923 8874 
9099 8874 8923 8924 8875 
9100 8875 8924 8925 8876 
9101 8876 8925 8926 8877 
9102 8877 8926 8927 8878 
9103 8878 8927 8928 8879 
9104 8879 8928 32 33 
9105 424 425 8929 8880 
9106 8880 8929 8930 8881 
9107 8881 8930 8931 8882 
9108 8882 8931 8932 8883 
9109 8883 8932 8933 8884 
9110 8884 8933 8934 8885 
9111 8885 8934 8935 8886 
9112 8886 8935 8936 8887 
9113 8887 8936 8937 8888 
9114 8888 8937 8938 8889 
9115 8889 8938 8939 8890 
9116 8890 8939 8940 8891 
9117 8891 8940 8941 8892 
9118 8892 8941 8942 8893 
9119 8893 8942 8943 8894 
9120 8894 8943 8944 8895 
9121 8895 8944 8945 8896 
9122 8896 8945 8946 8897 
9123 8897 8946 8947 8898 
9124 8898 8947 8948 8899 
9125 8899 8948 8949 8900 
9126 8900 8949 8950 8901 
9127 8901 8950 8951 8902 
9128 8902 8951 8952 8903 
9129 8903 8952 8953 8904 
9130 8904 8953 8954 8905 
9131 8905 8954 8955 8906 
9132 8906 8955 8956 8907 
9133 8907 8956 8957 8908 
9134 8908 8957 8958 8909 
9135 8909 8958 8959 8910 
9136 8910 8959 8960 8911 
9137 8911 8960 8961 8912 
9138 8912 8961 8962 8913 
9139 8913 8962 8963 8914 
9140 8914 8963 8964 8915 
9141 8915 8964 8965 8916 
9142 8916 8965 8966 8917 
9143 8917 8966 8967 8918 
9144 8918 8967 8968 8919 
9145 8919 8968 8969 8920 
9146 8920 8969 8970 8921 
9147 8921 8970 8971 8922 
9148 8922 8971 8972 8923 
9149 8923 8972 8973 8924 
9150 8924 8973 8974 8925 
9151 8925 8974 8975 8926 
9152 8926 8975 8976 8927 
9153 8927 8976 8977 8928 
9154 8928 8977 31 32 
9155 425 426 8978 8929 
9156 8929 8978 8979 8930 
9157 8930 8979 8980 8931 
9158 8931 8980 8981 8932 
9159 8932 8981 8982 8933 
9160 8933 8982 8983 8934 
9161 8934 8983 8984 8935 
9162 8935 8984 8985 8936 
9163 8936 8985 8986 8937 
9164 8937 8986 8987 8938 
9165 8938 8987 8988 8939 
9166 8939 8988 8989 8940 
9167 8940 8989 8990 8941 
9168 8941 8990 8991 8942 
9169 8942 8991 8992 8943 
9170 8943 8992 8993 8944 
9171 8944 8993 8994 8945 
9172 8945 8994 8995 8946 
9173 8946 8995 8996 8947 
9174 8947 8996 8997 8948 
9175 8948 8997 8998 8949 
9176 8949 8998 8999 8950 
9177 8950 8999 9000 8951 
9178 8951 9000 9001 8952 
9179 8952 9001 9002 8953 
9180 8953 9002 9003 8954 
9181 8954 9003 9004 8955 
9182 8955 9004 9005 8956 
9183 8956 9005 9006 8957 
9184 8957 9006 9007 8958 
9185 8958 9007 9008 8959 
9186 8959 9008 9009 8960 
9187 8960 9009 9010 8961 
9188 8961 9010 9011 8962 
9189 8962 9011 9012 8963 
9190 8963 9012 9013 8964 
9191 8964 9013 9014 8965 
9192 8965 9014 9015 8966 
9193 8966 9015 9016 8967 
9194 8967 9016 9017 8968 
9195 8968 9017 9018 8969 
9196 8969 9018 9019 8970 
9197 8970 9019 9020 8971 
9198 8971 9020 9021 8972 
9199 8972 9021 9022 8973 
9200 8973 9022 9023 8974 
9201 8974 9023 9024 8975 
9202 8975 9024 9025 8976 
9203 8976 9025 9026 8977 
9204 8977 9026 30 31 
9205 426 427 9027 8978 
9206 8978 9027 9028 8979 
9207 8979 9028 9029 8980 
9208 8980 9029 9030 8981 
9209 8981 9030 9031 8982 
9210 8982 9031 9032 8983 
9211 8983 9032 9033 8984 
9212 8984 9033 9034 8985 
9213 8985 9034 9035 8986 
9214 8986 9035 9036 8987 
9215 8987 9036 9037 8988 
9216 8988 9037 9038 8989 
9217 8989 9038 9039 8990 
9218 8990 9039 9040 8991 
9219 8991 9040 9041 8992 
9220 8992 9041 9042 8993 
9221 8993 9042 9043 8994 
9222 8994 9043 9044 8995 
9223 8995 9044 9045 8996 
9224 8996 9045 9046 8997 
9225 8997 9046 9047 8998 
9226 8998 9047 9048 8999 
9227 8999 9048 9049 9000 
9228 9000 9049 9050 9001 
9229 9001 9050 9051 9002 
9230 9002 9051 9052 9003 
9231 9003 9052 9053 9004 
9232 9004 9053 9054 9005 
9233 9005 9054 9055 9006 
9234 9006 9055 9056 9007 
9235 9007 9056 9057 9008 
9236 9008 9057 9058 9009 
9237 9009 9058 9059 9010 
9238 9010 9059 9060 9011 
9239 9011 9060 9061 9012 
9240 9012 9061 9062 9013 
9241 9013 9062 9063 9014 
9242 9014 9063 9064 9015 
9243 9015 9064 9065 9016 
9244 9016 9065 9066 9017 
9245 9017 9066 9067 9018 
9246 9018 9067 9068 9019 
9247 9019 9068 9069 9020 
9248 9020 9069 9070 9021 
9249 9021 9070 9071 9022 
9250 9022 9071 9072 9023 
9251 9023 9072 9073 9024 
9252 9024 9073 9074 9025 
9253 9025 9074 9075 9026 
9254 9026 9075 29 30 
9255 427 428 9076 9027 
9256 9027 9076 9077 9028 
9257 9028 9077 9078 9029 
9258 9029 9078 9079 9030 
9259 9030 9079 9080 9031 
9260 9031 9080 9081 9032 
9261 9032 9081 9082 9033 
9262 9033 9082 9083 9034 
9263 9034 9083 9084 9035 
9264 9035 9084 9085 9036 
9265 9036 9085 9086 9037 
9266 9037 9086 9087 9038 
9267 9038 9087 9088 9039 
9268 9039 9088 9089 9040 
9269 9040 9089 9090 9041 
9270 9041 9090 9091 9042 
9271 9042 9091 9092 9043 
9272 9043 9092 9093 9044 
9273 9044 9093 9094 9045 
9274 9045 9094 9095 9046 
9275 9046 9095 9096 9047 
9276 9047 9096 9097 9048 
9277 9048 9097 9098 9049 
9278 9049 9098 9099 9050 
9279 9050 9099 9100 9051 
9280 9051 9100 9101 9052 
9281 9052 9101 9102 9053 
9282 9053 9102 9103 9054 
9283 9054 9103 9104 9055 
9284 9055 9104 9105 9056 
9285 9056 9105 9106 9057 
9286 9057 9106 9107 9058 
9287 9058 9107 9108 9059 
9288 9059 9108 9109 9060 
9289 9060 9109 9110 9061 
9290 9061 9110 9111 9062 
9291 9062 9111 9112 9063 
9292 9063 9112 9113 9064 
9293 9064 9113 9114 9065 
9294 9065 9114 9115 9066 
9295 9066 9115 9116 9067 
9296 9067 9116 9117 9068 
9297 9068 9117 9118 9069 
9298 9069 9118 9119 9070 
9299 9070 9119 9120 9071 
9300 9071 9120 9121 9072 
9301 9072 9121 9122 9073 
9302 9073 9122 9123 9074 
9303 9074 9123 9124 9075 
9304 9075 9124 28 29 
9305 428 429 9125 9076 
9306 9076 9125 9126 9077 
9307 9077 9126 9127 9078 
9308 9078 9127 9128 9079 
9309 9079 9128 9129 9080 
9310 9080 9129 9130 9081 
9311 9081 9130 9131 9082 
9312 9082 9131 9132 9083 
9313 9083 9132 9133 9084 
9314 9084 9133 9134 9085 
9315 9085 9134 9135 9086 
9316 9086 9135 9136 9087 
9317 9087 9136 9137 9088 
9318 9088 9137 9138 9089 
9319 9089 9138 9139 9090 
9320 9090 9139 9140 9091 
9321 9091 9140 9141 9092 
9322 9092 9141 9142 9093 
9323 9093 9142 9143 9094 
9324 9094 9143 9144 9095 
9325 9095 9144 9145 9096 
9326 9096 9145 9146 9097 
9327 9097 9146 9147 9098 
9328 9098 9147 9148 9099 
9329 9099 9148 9149 9100 
9330 9100 9149 9150 9101 
9331 9101 9150 9151 9102 
9332 9102 9151 9152 9103 
9333 9103 9152 9153 9104 
9334 9104 9153 9154 9105 
9335 9105 9154 9155 9106 
9336 9106 9155 9156 9107 
9337 9107 9156 9157 9108 
9338 9108 9157 9158 9109 
9339 9109 9158 9159 9110 
9340 9110 9159 9160 9111 
9341 9111 9160 9161 9112 
9342 9112 9161 9162 9113 
9343 9113 9162 9163 9114 
9344 9114 9163 9164 9115 
9345 9115 9164 9165 9116 
9346 9116 9165 9166 9117 
9347 9117 9166 9167 9118 
9348 9118 9167 9168 9119 
9349 9119 9168 9169 9120 
9350 9120 9169 9170 9121 
9351 9121 9170 9171 9122 
9352 9122 9171 9172 9123 
9353 9123 9172 9173 9124 
9354 9124 9173 27 28 
9355 429 430 9174 9125 
9356 9125 9174 9175 9126 
9357 9126 9175 9176 9127 
9358 9127 9176 9177 9128 
9359 9128 9177 9178 9129 
9360 9129 9178 9179 9130 
9361 9130 9179 9180 9131 
9362 9131 9180 9181 9132 
9363 9132 9181 9182 9133 
9364 9133 9182 9183 9134 
9365 9134 9183 9184 9135 
9366 9135 9184 9185 9136 
9367 9136 9185 9186 9137 
9368 9137 9186 9187 9138 
9369 9138 9187 9188 9139 
9370 9139 9188 9189 9140 
9371 9140 9189 9190 9141 
9372 9141 9190 9191 9142 
9373 9142 9191 9192 9143 
9374 9143 9192 9193 9144 
9375 9144 9193 9194 9145 
9376 9145 9194 9195 9146 
9377 9146 9195 9196 9147 
9378 9147 9196 9197 9148 
9379 9148 9197 9198 9149 
9380 9149 9198 9199 9150 
9381 9150 9199 9200 9151 
9382 9151 9200 9201 9152 
9383 9152 9201 9202 9153 
9384 9153 9202 9203 9154 
9385 9154 9203 9204 9155 
9386 9155 9204 9205 9156 
9387 9156 9205 9206 9157 
9388 9157 9206 9207 9158 
9389 9158 9207 9208 9159 
9390 9159 9208 9209 9160 
9391 9160 9209 9210 9161 
9392 9161 9210 9211 9162 
9393 9162 9211 9212 9163 
9394 9163 9212 9213 9164 
9395 9164 9213 9214 9165 
9396 9165 9214 9215 9166 
9397 9166 9215 9216 9167 
9398 9167 9216 9217 9168 
9399 9168 9217 9218 9169 
9400 9169 9218 9219 9170 
9401 9170 9219 9220 9171 
9402 9171 9220 9221 9172 
9403 9172 9221 9222 9173 
9404 9173 9222 26 27 
9405 430 431 9223 9174 
9406 9174 9223 9224 9175 
9407 9175 9224 9225 9176 
9408 9176 9225 9226 9177 
9409 9177 9226 9227 9178 
9410 9178 9227 9228 9179 
9411 9179 9228 9229 9180 
9412 9180 9229 9230 9181 
9413 9181 9230 9231 9182 
9414 9182 9231 9232 9183 
9415 9183 9232 9233 9184 
9416 9184 9233 9234 9185 
9417 9185 9234 9235 9186 
9418 9186 9235 9236 9187 
9419 9187 9236 9237 9188 
9420 9188 9237 9238 9189 
9421 9189 9238 9239 9190 
9422 9190 9239 9240 9191 
9423 9191 9240 9241 9192 
9424 9192 9241 9242 9193 
9425 9193 9242 9243 9194 
9426 9194 9243 9244 9195 
9427 9195 9244 9245 9196 
9428 9196 9245 9246 9197 
9429 9197 9246 9247 9198 
9430 9198 9247 9248 9199 
9431 9199 9248 9249 9200 
9432 9200 9249 9250 9201 
9433 9201 9250 9251 9202 
9434 9202 9251 9252 9203 
9435 9203 9252 9253 9204 
9436 9204 9253 9254 9205 
9437 9205 9254 9255 9206 
9438 9206 9255 9256 9207 
9439 9207 9256 9257 9208 
9440 9208 9257 9258 9209 
9441 9209 9258 9259 9210 
9442 9210 9259 9260 9211 
9443 9211 9260 9261 9212 
9444 9212 9261 9262 9213 
9445 9213 9262 9263 9214 
9446 9214 9263 9264 9215 
9447 9215 9264 9265 9216 
9448 9216 9265 9266 9217 
9449 9217 9266 9267 9218 
9450 9218 9267 9268 9219 
9451 9219 9268 9269 9220 
9452 9220 9269 9270 9221 
9453 9221 9270 9271 9222 
9454 9222 9271 25 26 
9455 431 432 9272 9223 
9456 9223 9272 9273 9224 
9457 9224 9273 9274 9225 
9458 9225 9274 9275 9226 
9459 9226 9275 9276 9227 
9460 9227 9276 9277 9228 
9461 9228 9277 9278 9229 
9462 9229 9278 9279 9230 
9463 9230 9279 9280 9231 
9464 9231 9280 9281 9232 
9465 9232 9281 9282 9233 
9466 9233 9282 9283 9234 
9467 9234 9283 9284 9235 
9468 9235 9284 9285 9236 
9469 9236 9285 9286 9237 
9470 9237 9286 9287 9238 
9471 9238 9287 9288 9239 
9472 9239 9288 9289 9240 
9473 9240 9289 9290 9241 
9474 9241 9290 9291 9242 
9475 9242 9291 9292 9243 
9476 9243 9292 9293 9244 
9477 9244 9293 9294 9245 
9478 9245 9294 9295 9246 
9479 9246 9295 9296 9247 
9480 9247 9296 9297 9248 
9481 9248 9297 9298 9249 
9482 9249 9298 9299 9250 
9483 9250 9299 9300 9251 
9484 9251 9300 9301 9252 
9485 9252 9301 9302 9253 
9486 9253 9302 9303 9254 
9487 9254 9303 9304 9255 
9488 9255 9304 9305 9256 
9489 9256 9305 9306 9257 
9490 9257 9306 9307 9258 
9491 9258 9307 9308 9259 
9492 9259 9308 9309 9260 
9493 9260 9309 9310 9261 
9494 9261 9310 9311 9262 
9495 9262 9311 9312 9263 
9496 9263 9312 9313 9264 
9497 9264 9313 9314 9265 
9498 9265 9314 9315 9266 
9499 9266 9315 9316 9267 
9500 9267 9316 9317 9268 
9501 9268 9317 9318 9269 
9502 9269 9318 9319 9270 
9503 9270 9319 9320 9271 
9504 9271 9320 24 25 
9505 432 433 9321 9272 
9506 9272 9321 9322 9273 
9507 9273 9322 9323 9274 
9508 9274 9323 9324 9275 
9509 9275 9324 9325 9276 
9510 9276 9325 9326 9277 
9511 9277 9326 9327 9278 
9512 9278 9327 9328 9279 
9513 9279 9328 9329 9280 
9514 9280 9329 9330 9281 
9515 9281 9330 9331 9282 
9516 9282 9331 9332 9283 
9517 9283 9332 9333 9284 
9518 9284 9333 9334 9285 
9519 9285 9334 9335 9286 
9520 9286 9335 9336 9287 
9521 9287 9336 9337 9288 
9522 9288 9337 9338 9289 
9523 9289 9338 9339 9290 
9524 9290 9339 9340 9291 
9525 9291 9340 9341 9292 
9526 9292 9341 9342 9293 
9527 9293 9342 9343 9294 
9528 9294 9343 9344 9295 
9529 9295 9344 9345 9296 
9530 9296 9345 9346 9297 
9531 9297 9346 9347 9298 
9532 9298 9347 9348 9299 
9533 9299 9348 9349 9300 
9534 9300 9349 9350 9301 
9535 9301 9350 9351 9302 
9536 9302 9351 9352 9303 
9537 9303 9352 9353 9304 
9538 9304 9353 9354 9305 
9539 9305 9354 9355 9306 
9540 9306 9355 9356 9307 
9541 9307 9356 9357 9308 
9542 9308 9357 9358 9309 
9543 9309 9358 9359 9310 
9544 9310 9359 9360 9311 
9545 9311 9360 9361 9312 
9546 9312 9361 9362 9313 
9547 9313 9362 9363 9314 
9548 9314 9363 9364 9315 
9549 9315 9364 9365 9316 
9550 9316 9365 9366 9317 
9551 9317 9366 9367 9318 
9552 9318 9367 9368 9319 
9553 9319 9368 9369 9320 
9554 9320 9369 23 24 
9555 433 434 9370 9321 
9556 9321 9370 9371 9322 
9557 9322 9371 9372 9323 
9558 9323 9372 9373 9324 
9559 9324 9373 9374 9325 
9560 9325 9374 9375 9326 
9561 9326 9375 9376 9327 
9562 9327 9376 9377 9328 
9563 9328 9377 9378 9329 
9564 9329 9378 9379 9330 
9565 9330 9379 9380 9331 
9566 9331 9380 9381 9332 
9567 9332 9381 9382 9333 
9568 9333 9382 9383 9334 
9569 9334 9383 9384 9335 
9570 9335 9384 9385 9336 
9571 9336 9385 9386 9337 
9572 9337 9386 9387 9338 
9573 9338 9387 9388 9339 
9574 9339 9388 9389 9340 
9575 9340 9389 9390 9341 
9576 9341 9390 9391 9342 
9577 9342 9391 9392 9343 
9578 9343 9392 9393 9344 
9579 9344 9393 9394 9345 
9580 9345 9394 9395 9346 
9581 9346 9395 9396 9347 
9582 9347 9396 9397 9348 
9583 9348 9397 9398 9349 
9584 9349 9398 9399 9350 
9585 9350 9399 9400 9351 
9586 9351 9400 9401 9352 
9587 9352 9401 9402 9353 
9588 9353 9402 9403 9354 
9589 9354 9403 9404 9355 
9590 9355 9404 9405 9356 
9591 9356 9405 9406 9357 
9592 9357 9406 9407 9358 
9593 9358 9407 9408 9359 
9594 9359 9408 9409 9360 
9595 9360 9409 9410 9361 
9596 9361 9410 9411 9362 
9597 9362 9411 9412 9363 
9598 9363 9412 9413 9364 
9599 9364 9413 9414 9365 
9600 9365 9414 9415 9366 
9601 9366 9415 9416 9367 
9602 9367 9416 9417 9368 
9603 9368 9417 9418 9369 
9604 9369 9418 22 23 
9605 434 435 9419 9370 
9606 9370 9419 9420 9371 
9607 9371 9420 9421 9372 
9608 9372 9421 9422 9373 
9609 9373 9422 9423 9374 
9610 9374 9423 9424 9375 
9611 9375 9424 9425 9376 
9612 9376 9425 9426 9377 
9613 9377 9426 9427 9378 
9614 9378 9427 9428 9379 
9615 9379 9428 9429 9380 
9616 9380 9429 9430 9381 
9617 9381 9430 9431 9382 
9618 9382 9431 9432 9383 
9619 9383 9432 9433 9384 
9620 9384 9433 9434 9385 
9621 9385 9434 9435 9386 
9622 9386 9435 9436 9387 
9623 9387 9436 9437 9388 
9624 9388 9437 9438 9389 
9625 9389 9438 9439 9390 
9626 9390 9439 9440 9391 
9627 9391 9440 9441 9392 
9628 9392 9441 9442 9393 
9629 9393 9442 9443 9394 
9630 9394 9443 9444 9395 
9631 9395 9444 9445 9396 
9632 9396 9445 9446 9397 
9633 9397 9446 9447 9398 
9634 9398 9447 9448 9399 
9635 9399 9448 9449 9400 
9636 9400 9449 9450 9401 
9637 9401 9450 9451 9402 
9638 9402 9451 9452 9403 
9639 9403 9452 9453 9404 
9640 9404 9453 9454 9405 
9641 9405 9454 9455 9406 
9642 9406 9455 9456 9407 
9643 9407 9456 9457 9408 
9644 9408 9457 9458 9409 
9645 9409 9458 9459 9410 
9646 9410 9459 9460 9411 
9647 9411 9460 9461 9412 
9648 9412 9461 9462 9413 
9649 9413 9462 9463 9414 
9650 9414 9463 9464 9415 
9651 9415 9464 9465 9416 
9652 9416 9465 9466 9417 
9653 9417 9466 9467 9418 
9654 9418 9467 21 22 
9655 435 436 9468 9419 
9656 9419 9468 9469 9420 
9657 9420 9469 9470 9421 
9658 9421 9470 9471 9422 
9659 9422 9471 9472 9423 
9660 9423 9472 9473 9424 
9661 9424 9473 9474 9425 
9662 9425 9474 9475 9426 
9663 9426 9475 9476 9427 
9664 9427 9476 9477 9428 
9665 9428 9477 9478 9429 
9666 9429 9478 9479 9430 
9667 9430 9479 9480 9431 
9668 9431 9480 9481 9432 
9669 9432 9481 9482 9433 
9670 9433 9482 9483 9434 
9671 9434 9483 9484 9435 
9672 9435 9484 9485 9436 
9673 9436 9485 9486 9437 
9674 9437 9486 9487 9438 
9675 9438 9487 9488 9439 
9676 9439 9488 9489 9440 
9677 9440 9489 9490 9441 
9678 9441 9490 9491 9442 
9679 9442 9491 9492 9443 
9680 9443 9492 9493 9444 
9681 9444 9493 9494 9445 
9682 9445 9494 9495 9446 
9683 9446 9495 9496 9447 
9684 9447 9496 9497 9448 
9685 9448 9497 9498 9449 
9686 9449 9498 9499 9450 
9687 9450 9499 9500 9451 
9688 9451 9500 9501 9452 
9689 9452 9501 9502 9453 
9690 9453 9502 9503 9454 
9691 9454 9503 9504 9455 
9692 9455 9504 9505 9456 
9693 9456 9505 9506 9457 
9694 9457 9506 9507 9458 
9695 9458 9507 9508 9459 
9696 9459 9508 9509 9460 
9697 9460 9509 9510 9461 
9698 9461 9510 9511 9462 
9699 9462 9511 9512 9463 
9700 9463 9512 9513 9464 
9701 9464 9513 9514 9465 
9702 9465 9514 9515 9466 
9703 9466 9515 9516 9467 
9704 9467 9516 20 21 
9705 436 437 9517 9468 
9706 9468 9517 9518 9469 
9707 9469 9518 9519 9470 
9708 9470 9519 9520 9471 
9709 9471 9520 9521 9472 
9710 9472 9521 9522 9473 
9711 9473 9522 9523 9474 
9712 9474 9523 9524 9475 
9713 9475 9524 9525 9476 
9714 9476 9525 9526 9477 
9715 9477 9526 9527 9478 
9716 9478 9527 9528 9479 
9717 9479 9528 9529 9480 
9718 9480 9529 9530 9481 
9719 9481 9530 9531 9482 
9720 9482 9531 9532 9483 
9721 9483 9532 9533 9484 
9722 9484 9533 9534 9485 
9723 9485 9534 9535 9486 
9724 9486 9535 9536 9487 
9725 9487 9536 9537 9488 
9726 9488 9537 9538 9489 
9727 9489 9538 9539 9490 
9728 9490 9539 9540 9491 
9729 9491 9540 9541 9492 
9730 9492 9541 9542 9493 
9731 9493 9542 9543 9494 
9732 9494 9543 9544 9495 
9733 9495 9544 9545 9496 
9734 9496 9545 9546 9497 
9735 9497 9546 9547 9498 
9736 9498 9547 9548 9499 
9737 9499 9548 9549 9500 
9738 9500 9549 9550 9501 
9739 9501 9550 9551 9502 
9740 9502 9551 9552 9503 
9741 9503 9552 9553 9504 
9742 9504 9553 9554 9505 
9743 9505 9554 9555 9506 
9744 9506 9555 9556 9507 
9745 9507 9556 9557 9508 
9746 9508 9557 9558 9509 
9747 9509 9558 9559 9510 
9748 9510 9559 9560 9511 
9749 9511 9560 9561 9512 
9750 9512 9561 9562 9513 
9751 9513 9562 9563 9514 
9752 9514 9563 9564 9515 
9753 9515 9564 9565 9516 
9754 9516 9565 19 20 
9755 437 438 9566 9517 
9756 9517 9566 9567 9518 
9757 9518 9567 9568 9519 
9758 9519 9568 9569 9520 
9759 9520 9569 9570 9521 
9760 9521 9570 9571 9522 
9761 9522 9571 9572 9523 
9762 9523 9572 9573 9524 
9763 9524 9573 9574 9525 
9764 9525 9574 9575 9526 
9765 9526 9575 9576 9527 
9766 9527 9576 9577 9528 
9767 9528 9577 9578 9529 
9768 9529 9578 9579 9530 
9769 9530 9579 9580 9531 
9770 9531 9580 9581 9532 
9771 9532 9581 9582 9533 
9772 9533 9582 9583 9534 
9773 9534 9583 9584 9535 
9774 9535 9584 9585 9536 
9775 9536 9585 9586 9537 
9776 9537 9586 9587 9538 
9777 9538 9587 9588 9539 
9778 9539 9588 9589 9540 
9779 9540 9589 9590 9541 
9780 9541 9590 9591 9542 
9781 9542 9591 9592 9543 
9782 9543 9592 9593 9544 
9783 9544 9593 9594 9545 
9784 9545 9594 9595 9546 
9785 9546 9595 9596 9547 
9786 9547 9596 9597 9548 
9787 9548 9597 9598 9549 
9788 9549 9598 9599 9550 
9789 9550 9599 9600 9551 
9790 9551 9600 9601 9552 
9791 9552 9601 9602 9553 
9792 9553 9602 9603 9554 
9793 9554 9603 9604 9555 
9794 9555 9604 9605 9556 
9795 9556 9605 9606 9557 
9796 9557 9606 9607 9558 
9797 9558 9607 9608 9559 
9798 9559 9608 9609 9560 
9799 9560 9609 9610 9561 
9800 9561 9610 9611 9562 
9801 9562 9611 9612 9563 
9802 9563 9612 9613 9564 
9803 9564 9613 9614 9565 
9804 9565 9614 18 19 
9805 438 439 9615 9566 
9806 9566 9615 9616 9567 
9807 9567 9616 9617 9568 
9808 9568 9617 9618 9569 
9809 9569 9618 9619 9570 
9810 9570 9619 9620 9571 
9811 9571 9620 9621 9572 
9812 9572 9621 9622 9573 
9813 9573 9622 9623 9574 
9814 9574 9623 9624 9575 
9815 9575 9624 9625 9576 
9816 9576 9625 9626 9577 
9817 9577 9626 9627 9578 
9818 9578 9627 9628 9579 
9819 9579 9628 9629 9580 
9820 9580 9629 9630 9581 
9821 9581 9630 9631 9582 
9822 9582 9631 9632 9583 
9823 9583 9632 9633 9584 
9824 9584 9633 9634 9585 
9825 9585 9634 9635 9586 
9826 9586 9635 9636 9587 
9827 9587 9636 9637 9588 
9828 9588 9637 9638 9589 
9829 9589 9638 9639 9590 
9830 9590 9639 9640 9591 
9831 9591 9640 9641 9592 
9832 9592 9641 9642 9593 
9833 9593 9642 9643 9594 
9834 9594 9643 9644 9595 
9835 9595 9644 9645 9596 
9836 9596 9645 9646 9597 
9837 9597 9646 9647 9598 
9838 9598 9647 9648 9599 
9839 9599 9648 9649 9600 
9840 9600 9649 9650 9601 
9841 9601 9650 9651 9602 
9842 9602 9651 9652 9603 
9843 9603 9652 9653 9604 
9844 9604 9653 9654 9605 
9845 9605 9654 9655 9606 
9846 9606 9655 9656 9607 
9847 9607 9656 9657 9608 
9848 9608 9657 9658 9609 
9849 9609 9658 9659 9610 
9850 9610 9659 9660 9611 
9851 9611 9660 9661 9612 
9852 9612 9661 9662 9613 
9853 9613 9662 9663 9614 
9854 9614 9663 17 18 
9855 439 440 9664 9615 
9856 9615 9664 9665 9616 
9857 9616 9665 9666 9617 
9858 9617 9666 9667 9618 
9859 9618 9667 9668 9619 
9860 9619 9668 9669 9620 
9861 9620 9669 9670 9621 
9862 9621 9670 9671 9622 
9863 9622 9671 9672 9623 
9864 9623 9672 9673 9624 
9865 9624 9673 9674 9625 
9866 9625 9674 9675 9626 
9867 9626 9675 9676 9627 
9868 9627 9676 9677 9628 
9869 9628 9677 9678 9629 
9870 9629 9678 9679 9630 
9871 9630 9679 9680 9631 
9872 9631 9680 9681 9632 
9873 9632 9681 9682 9633 
9874 9633 9682 9683 9634 
9875 9634 9683 9684 9635 
9876 9635 9684 9685 9636 
9877 9636 9685 9686 9637 
9878 9637 9686 9687 9638 
9879 9638 9687 9688 9639 
9880 9639 9688 9689 9640 
9881 9640 9689 9690 9641 
9882 9641 9690 9691 9642 
9883 9642 9691 9692 9643 
9884 9643 9692 9693 9644 
9885 9644 9693 9694 9645 
9886 9645 9694 9695 9646 
9887 9646 9695 9696 9647 
9888 9647 9696 9697 9648 
9889 9648 9697 9698 9649 
9890 9649 9698 9699 9650 
9891 9650 9699 9700 9651 
9892 9651 9700 9701 9652 
9893 9652 9701 9702 9653 
9894 9653 9702 9703 9654 
9895 9654 9703 9704 9655 
9896 9655 9704 9705 9656 
9897 9656 9705 9706 9657 
9898 9657 9706 9707 9658 
9899 9658 9707 9708 9659 
9900 9659 9708 9709 9660 
9901 9660 9709 9710 9661 
9902 9661 9710 9711 9662 
9903 9662 9711 9712 9663 
9904 9663 9712 16 17 
9905 440 441 9713 9664 
9906 9664 9713 9714 9665 
9907 9665 9714 9715 9666 
9908 9666 9715 9716 9667 
9909 9667 9716 9717 9668 
9910 9668 9717 9718 9669 
9911 9669 9718 9719 9670 
9912 9670 9719 9720 9671 
9913 9671 9720 9721 9672 
9914 9672 9721 9722 9673 
9915 9673 9722 9723 9674 
9916 9674 9723 9724 9675 
9917 9675 9724 9725 9676 
9918 9676 9725 9726 9677 
9919 9677 9726 9727 9678 
9920 9678 9727 9728 9679 
9921 9679 9728 9729 9680 
9922 9680 9729 9730 9681 
9923 9681 9730 9731 9682 
9924 9682 9731 9732 9683 
9925 9683 9732 9733 9684 
9926 9684 9733 9734 9685 
9927 9685 9734 9735 9686 
9928 9686 9735 9736 9687 
9929 9687 9736 9737 9688 
9930 9688 9737 9738 9689 
9931 9689 9738 9739 9690 
9932 9690 9739 9740 9691 
9933 9691 9740 9741 9692 
9934 9692 9741 9742 9693 
9935 9693 9742 9743 9694 
9936 9694 9743 9744 9695 
9937 9695 9744 9745 9696 
9938 9696 9745 9746 9697 
9939 9697 9746 9747 9698 
9940 9698 9747 9748 9699 
9941 9699 9748 9749 9700 
9942 9700 9749 9750 9701 
9943 9701 9750 9751 9702 
9944 9702 9751 9752 9703 
9945 9703 9752 9753 9704 
9946 9704 9753 9754 9705 
9947 9705 9754 9755 9706 
9948 9706 9755 9756 9707 
9949 9707 9756 9757 9708 
9950 9708 9757 9758 9709 
9951 9709 9758 9759 9710 
9952 9710 9759 9760 9711 
9953 9711 9760 9761 9712 
9954 9712 9761 15 16 
9955 441 442 9762 9713 
9956 9713 9762 9763 9714 
9957 9714 9763 9764 9715 
9958 9715 9764 9765 9716 
9959 9716 9765 9766 9717 
9960 9717 9766 9767 9718 
9961 9718 9767 9768 9719 
9962 9719 9768 9769 9720 
9963 9720 9769 9770 9721 
9964 9721 9770 9771 9722 
9965 9722 9771 9772 9723 
9966 9723 9772 9773 9724 
9967 9724 9773 9774 9725 
9968 9725 9774 9775 9726 
9969 9726 9775 9776 9727 
9970 9727 9776 9777 9728 
9971 9728 9777 9778 9729 
9972 9729 9778 9779 9730 
9973 9730 9779 9780 9731 
9974 9731 9780 9781 9732 
9975 9732 9781 9782 9733 
9976 9733 9782 9783 9734 
9977 9734 9783 9784 9735 
9978 9735 9784 9785 9736 
9979 9736 9785 9786 9737 
9980 9737 9786 9787 9738 
9981 9738 9787 9788 9739 
9982 9739 9788 9789 9740 
9983 9740 9789 9790 9741 
9984 9741 9790 9791 9742 
9985 9742 9791 9792 9743 
9986 9743 9792 9793 9744 
9987 9744 9793 9794 9745 
9988 9745 9794 9795 9746 
9989 9746 9795 9796 9747 
9990 9747 9796 9797 9748 
9991 9748 9797 9798 9749 
9992 9749 9798 9799 9750 
9993 9750 9799 9800 9751 
9994 9751 9800 9801 9752 
9995 9752 9801 9802 9753 
9996 9753 9802 9803 9754 
9997 9754 9803 9804 9755 
9998 9755 9804 9805 9756 
9999 9756 9805 9806 9757 
10000 9757 9806 9807 9758 
10001 9758 9807 9808 9759 
10002 9759 9808 9809 9760 
10003 9760 9809 9810 9761 
10004 9761 9810 14 15 
10005 442 443 9811 9762 
10006 9762 9811 9812 9763 
10007 9763 9812 9813 9764 
10008 9764 9813 9814 9765 
10009 9765 9814 9815 9766 
10010 9766 9815 9816 9767 
10011 9767 9816 9817 9768 
10012 9768 9817 9818 9769 
10013 9769 9818 9819 9770 
10014 9770 9819 9820 9771 
10015 9771 9820 9821 9772 
10016 9772 9821 9822 9773 
10017 9773 9822 9823 9774 
10018 9774 9823 9824 9775 
10019 9775 9824 9825 9776 
10020 9776 9825 9826 9777 
10021 9777 9826 9827 9778 
10022 9778 9827 9828 9779 
10023 9779 9828 9829 9780 
10024 9780 9829 9830 9781 
10025 9781 9830 9831 9782 
10026 9782 9831 9832 9783 
10027 9783 9832 9833 9784 
10028 9784 9833 9834 9785 
10029 9785 9834 9835 9786 
10030 9786 9835 9836 9787 
10031 9787 9836 9837 9788 
10032 9788 9837 9838 9789 
10033 9789 9838 9839 9790 
10034 9790 9839 9840 9791 
10035 9791 9840 9841 9792 
10036 9792 9841 9842 9793 
10037 9793 9842 9843 9794 
10038 9794 9843 9844 9795 
10039 9795 9844 9845 9796 
10040 9796 9845 9846 9797 
10041 9797 9846 9847 9798 
10042 9798 9847 9848 9799 
10043 9799 9848 9849 9800 
10044 9800 9849 9850 9801 
10045 9801 9850 9851 9802 
10046 9802 9851 9852 9803 
10047 9803 9852 9853 9804 
10048 9804 9853 9854 9805 
10049 9805 9854 9855 9806 
10050 9806 9855 9856 9807 
10051 9807 9856 9857 9808 
10052 9808 9857 9858 9809 
10053 9809 9858 9859 9810 
10054 9810 9859 13 14 
10055 443 444 9860 9811 
10056 9811 9860 9861 9812 
10057 9812 9861 9862 9813 
10058 9813 9862 9863 9814 
10059 9814 9863 9864 9815 
10060 9815 9864 9865 9816 
10061 9816 9865 9866 9817 
10062 9817 9866 9867 9818 
10063 9818 9867 9868 9819 
10064 9819 9868 9869 9820 
10065 9820 9869 9870 9821 
10066 9821 9870 9871 9822 
10067 9822 9871 9872 9823 
10068 9823 9872 9873 9824 
10069 9824 9873 9874 9825 
10070 9825 9874 9875 9826 
10071 9826 9875 9876 9827 
10072 9827 9876 9877 9828 
10073 9828 9877 9878 9829 
10074 9829 9878 9879 9830 
10075 9830 9879 9880 9831 
10076 9831 9880 9881 9832 
10077 9832 9881 9882 9833 
10078 9833 9882 9883 9834 
10079 9834 9883 9884 9835 
10080 9835 9884 9885 9836 
10081 9836 9885 9886 9837 
10082 9837 9886 9887 9838 
10083 9838 9887 9888 9839 
10084 9839 9888 9889 9840 
10085 9840 9889 9890 9841 
10086 9841 9890 9891 9842 
10087 9842 9891 9892 9843 
10088 9843 9892 9893 9844 
10089 9844 9893 9894 9845 
10090 9845 9894 9895 9846 
10091 9846 9895 9896 9847 
10092 9847 9896 9897 9848 
10093 9848 9897 9898 9849 
10094 9849 9898 9899 9850 
10095 9850 9899 9900 9851 
10096 9851 9900 9901 9852 
10097 9852 9901 9902 9853 
10098 9853 9902 9903 9854 
10099 9854 9903 9904 9855 
10100 9855 9904 9905 9856 
10101 9856 9905 9906 9857 
10102 9857 9906 9907 9858 
10103 9858 9907 9908 9859 
10104 9859 9908 12 13 
10105 444 445 9909 9860 
10106 9860 9909 9910 9861 
10107 9861 9910 9911 9862 
10108 9862 9911 9912 9863 
10109 9863 9912 9913 9864 
10110 9864 9913 9914 9865 
10111 9865 9914 9915 9866 
10112 9866 9915 9916 9867 
10113 9867 9916 9917 9868 
10114 9868 9917 9918 9869 
10115 9869 9918 9919 9870 
10116 9870 9919 9920 9871 
10117 9871 9920 9921 9872 
10118 9872 9921 9922 9873 
10119 9873 9922 9923 9874 
10120 9874 9923 9924 9875 
10121 9875 9924 9925 9876 
10122 9876 9925 9926 9877 
10123 9877 9926 9927 9878 
10124 9878 9927 9928 9879 
10125 9879 9928 9929 9880 
10126 9880 9929 9930 9881 
10127 9881 9930 9931 9882 
10128 9882 9931 9932 9883 
10129 9883 9932 9933 9884 
10130 9884 9933 9934 9885 
10131 9885 9934 9935 9886 
10132 9886 9935 9936 9887 
10133 9887 9936 9937 9888 
10134 9888 9937 9938 9889 
10135 9889 9938 9939 9890 
10136 9890 9939 9940 9891 
10137 9891 9940 9941 9892 
10138 9892 9941 9942 9893 
10139 9893 9942 9943 9894 
10140 9894 9943 9944 9895 
10141 9895 9944 9945 9896 
10142 9896 9945 9946 9897 
10143 9897 9946 9947 9898 
10144 9898 9947 9948 9899 
10145 9899 9948 9949 9900 
10146 9900 9949 9950 9901 
10147 9901 9950 9951 9902 
10148 9902 9951 9952 9903 
10149 9903 9952 9953 9904 
10150 9904 9953 9954 9905 
10151 9905 9954 9955 9906 
10152 9906 9955 9956 9907 
10153 9907 9956 9957 9908 
10154 9908 9957 11 12 
10155 445 446 9958 9909 
10156 9909 9958 9959 9910 
10157 9910 9959 9960 9911 
10158 9911 9960 9961 9912 
10159 9912 9961 9962 9913 
10160 9913 9962 9963 9914 
10161 9914 9963 9964 9915 
10162 9915 9964 9965 9916 
10163 9916 9965 9966 9917 
10164 9917 9966 9967 9918 
10165 9918 9967 9968 9919 
10166 9919 9968 9969 9920 
10167 9920 9969 9970 9921 
10168 9921 9970 9971 9922 
10169 9922 9971 9972 9923 
10170 9923 9972 9973 9924 
10171 9924 9973 9974 9925 
10172 9925 9974 9975 9926 
10173 9926 9975 9976 9927 
10174 9927 9976 9977 9928 
10175 9928 9977 9978 9929 
10176 9929 9978 9979 9930 
10177 9930 9979 9980 9931 
10178 9931 9980 9981 9932 
10179 9932 9981 9982 9933 
10180 9933 9982 9983 9934 
10181 9934 9983 9984 9935 
10182 9935 9984 9985 9936 
10183 9936 9985 9986 9937 
10184 9937 9986 9987 9938 
10185 9938 9987 9988 9939 
10186 9939 9988 9989 9940 
10187 9940 9989 9990 9941 
10188 9941 9990 9991 9942 
10189 9942 9991 9992 9943 
10190 9943 9992 9993 9944 
10191 9944 9993 9994 9945 
10192 9945 9994 9995 9946 
10193 9946 9995 9996 9947 
10194 9947 9996 9997 9948 
10195 9948 9997 9998 9949 
10196 9949 9998 9999 9950 
10197 9950 9999 10000 9951 
10198 9951 10000 10001 9952 
10199 9952 10001 10002 9953 
10200 9953 10002 10003 9954 
10201 9954 10003 10004 9955 
10202 9955 10004 10005 9956 
10203 9956 10005 10006 9957 
10204 9957 10006 10 11 
10205 446 447 10007 9958 
10206 9958 10007 10008 9959 
10207 9959 10008 10009 9960 
10208 9960 10009 10010 9961 
10209 9961 10010 10011 9962 
10210 9962 10011 10012 9963 
10211 9963 10012 10013 9964 
10212 9964 10013 10014 9965 
10213 9965 10014 10015 9966 
10214 9966 10015 10016 9967 
10215 9967 10016 10017 9968 
10216 9968 10017 10018 9969 
10217 9969 10018 10019 9970 
10218 9970 10019 10020 9971 
10219 9971 10020 10021 9972 
10220 9972 10021 10022 9973 
10221 9973 10022 10023 9974 
10222 9974 10023 10024 9975 
10223 9975 10024 10025 9976 
10224 9976 10025 10026 9977 
10225 9977 10026 10027 9978 
10226 9978 10027 10028 9979 
10227 9979 10028 10029 9980 
10228 9980 10029 10030 9981 
10229 9981 10030 10031 9982 
10230 9982 10031 10032 9983 
10231 9983 10032 10033 9984 
10232 9984 10033 10034 9985 
10233 9985 10034 10035 9986 
10234 9986 10035 10036 9987 
10235 9987 10036 10037 9988 
10236 9988 10037 10038 9989 
10237 9989 10038 10039 9990 
10238 9990 10039 10040 9991 
10239 9991 10040 10041 9992 
10240 9992 10041 10042 9993 
10241 9993 10042 10043 9994 
10242 9994 10043 10044 9995 
10243 9995 10044 10045 9996 
10244 9996 10045 10046 9997 
10245 9997 10046 10047 9998 
10246 9998 10047 10048 9999 
10247 9999 10048 10049 10000 
10248 10000 10049 10050 10001 
10249 10001 10050 10051 10002 
10250 10002 10051 10052 10003 
10251 10003 10052 10053 10004 
10252 10004 10053 10054 10005 
10253 10005 10054 10055 10006 
10254 10006 10055 9 10 
10255 447 448 10056 10007 
10256 10007 10056 10057 10008 
10257 10008 10057 10058 10009 
10258 10009 10058 10059 10010 
10259 10010 10059 10060 10011 
10260 10011 10060 10061 10012 
10261 10012 10061 10062 10013 
10262 10013 10062 10063 10014 
10263 10014 10063 10064 10015 
10264 10015 10064 10065 10016 
10265 10016 10065 10066 10017 
10266 10017 10066 10067 10018 
10267 10018 10067 10068 10019 
10268 10019 10068 10069 10020 
10269 10020 10069 10070 10021 
10270 10021 10070 10071 10022 
10271 10022 10071 10072 10023 
10272 10023 10072 10073 10024 
10273 10024 10073 10074 10025 
10274 10025 10074 10075 10026 
10275 10026 10075 10076 10027 
10276 10027 10076 10077 10028 
10277 10028 10077 10078 10029 
10278 10029 10078 10079 10030 
10279 10030 10079 10080 10031 
10280 10031 10080 10081 10032 
10281 10032 10081 10082 10033 
10282 10033 10082 10083 10034 
10283 10034 10083 10084 10035 
10284 10035 10084 10085 10036 
10285 10036 10085 10086 10037 
10286 10037 10086 10087 10038 
10287 10038 10087 10088 10039 
10288 10039 10088 10089 10040 
10289 10040 10089 10090 10041 
10290 10041 10090 10091 10042 
10291 10042 10091 10092 10043 
10292 10043 10092 10093 10044 
10293 10044 10093 10094 10045 
10294 10045 10094 10095 10046 
10295 10046 10095 10096 10047 
10296 10047 10096 10097 10048 
10297 10048 10097 10098 10049 
10298 10049 10098 10099 10050 
10299 10050 10099 10100 10051 
10300 10051 10100 10101 10052 
10301 10052 10101 10102 10053 
10302 10053 10102 10103 10054 
10303 10054 10103 10104 10055 
10304 10055 10104 8 9 
10305 448 449 10105 10056 
10306 10056 10105 10106 10057 
10307 10057 10106 10107 10058 
10308 10058 10107 10108 10059 
10309 10059 10108 10109 10060 
10310 10060 10109 10110 10061 
10311 10061 10110 10111 10062 
10312 10062 10111 10112 10063 
10313 10063 10112 10113 10064 
10314 10064 10113 10114 10065 
10315 10065 10114 10115 10066 
10316 10066 10115 10116 10067 
10317 10067 10116 10117 10068 
10318 10068 10117 10118 10069 
10319 10069 10118 10119 10070 
10320 10070 10119 10120 10071 
10321 10071 10120 10121 10072 
10322 10072 10121 10122 10073 
10323 10073 10122 10123 10074 
10324 10074 10123 10124 10075 
10325 10075 10124 10125 10076 
10326 10076 10125 10126 10077 
10327 10077 10126 10127 10078 
10328 10078 10127 10128 10079 
10329 10079 10128 10129 10080 
10330 10080 10129 10130 10081 
10331 10081 10130 10131 10082 
10332 10082 10131 10132 10083 
10333 10083 10132 10133 10084 
10334 10084 10133 10134 10085 
10335 10085 10134 10135 10086 
10336 10086 10135 10136 10087 
10337 10087 10136 10137 10088 
10338 10088 10137 10138 10089 
10339 10089 10138 10139 10090 
10340 10090 10139 10140 10091 
10341 10091 10140 10141 10092 
10342 10092 10141 10142 10093 
10343 10093 10142 10143 10094 
10344 10094 10143 10144 10095 
10345 10095 10144 10145 10096 
10346 10096 10145 10146 10097 
10347 10097 10146 10147 10098 
10348 10098 10147 10148 10099 
10349 10099 10148 10149 10100 
10350 10100 10149 10150 10101 
10351 10101 10150 10151 10102 
10352 10102 10151 10152 10103 
10353 10103 10152 10153 10104 
10354 10104 10153 7 8 
10355 449 450 10154 10105 
10356 10105 10154 10155 10106 
10357 10106 10155 10156 10107 
10358 10107 10156 10157 10108 
10359 10108 10157 10158 10109 
10360 10109 10158 10159 10110 
10361 10110 10159 10160 10111 
10362 10111 10160 10161 10112 
10363 10112 10161 10162 10113 
10364 10113 10162 10163 10114 
10365 10114 10163 10164 10115 
10366 10115 10164 10165 10116 
10367 10116 10165 10166 10117 
10368 10117 10166 10167 10118 
10369 10118 10167 10168 10119 
10370 10119 10168 10169 10120 
10371 10120 10169 10170 10121 
10372 10121 10170 10171 10122 
10373 10122 10171 10172 10123 
10374 10123 10172 10173 10124 
10375 10124 10173 10174 10125 
10376 10125 10174 10175 10126 
10377 10126 10175 10176 10127 
10378 10127 10176 10177 10128 
10379 10128 10177 10178 10129 
10380 10129 10178 10179 10130 
10381 10130 10179 10180 10131 
10382 10131 10180 10181 10132 
10383 10132 10181 10182 10133 
10384 10133 10182 10183 10134 
10385 10134 10183 10184 10135 
10386 10135 10184 10185 10136 
10387 10136 10185 10186 10137 
10388 10137 10186 10187 10138 
10389 10138 10187 10188 10139 
10390 10139 10188 10189 10140 
10391 10140 10189 10190 10141 
10392 10141 10190 10191 10142 
10393 10142 10191 10192 10143 
10394 10143 10192 10193 10144 
10395 10144 10193 10194 10145 
10396 10145 10194 10195 10146 
10397 10146 10195 10196 10147 
10398 10147 10196 10197 10148 
10399 10148 10197 10198 10149 
10400 10149 10198 10199 10150 
10401 10150 10199 10200 10151 
10402 10151 10200 10201 10152 
10403 10152 10201 10202 10153 
10404 10153 10202 6 7 
10405 450 451 10203 10154 
10406 10154 10203 10204 10155 
10407 10155 10204 10205 10156 
10408 10156 10205 10206 10157 
10409 10157 10206 10207 10158 
10410 10158 10207 10208 10159 
10411 10159 10208 10209 10160 
10412 10160 10209 10210 10161 
10413 10161 10210 10211 10162 
10414 10162 10211 10212 10163 
10415 10163 10212 10213 10164 
10416 10164 10213 10214 10165 
10417 10165 10214 10215 10166 
10418 10166 10215 10216 10167 
10419 10167 10216 10217 10168 
10420 10168 10217 10218 10169 
10421 10169 10218 10219 10170 
10422 10170 10219 10220 10171 
10423 10171 10220 10221 10172 
10424 10172 10221 10222 10173 
10425 10173 10222 10223 10174 
10426 10174 10223 10224 10175 
10427 10175 10224 10225 10176 
10428 10176 10225 10226 10177 
10429 10177 10226 10227 10178 
10430 10178 10227 10228 10179 
10431 10179 10228 10229 10180 
10432 10180 10229 10230 10181 
10433 10181 10230 10231 10182 
10434 10182 10231 10232 10183 
10435 10183 10232 10233 10184 
10436 10184 10233 10234 10185 
10437 10185 10234 10235 10186 
10438 10186 10235 10236 10187 
10439 10187 10236 10237 10188 
10440 10188 10237 10238 10189 
10441 10189 10238 10239 10190 
10442 10190 10239 10240 10191 
10443 10191 10240 10241 10192 
10444 10192 10241 10242 10193 
10445 10193 10242 10243 10194 
10446 10194 10243 10244 10195 
10447 10195 10244 10245 10196 
10448 10196 10245 10246 10197 
10449 10197 10246 10247 10198 
10450 10198 10247 10248 10199 
10451 10199 10248 10249 10200 
10452 10200 10249 10250 10201 
10453 10201 10250 10251 10202 
10454 10202 10251 5 6 
10455 451 4 452 10203 
10456 10203 452 453 10204 
10457 10204 453 454 10205 
10458 10205 454 455 10206 
10459 10206 455 456 10207 
10460 10207 456 457 10208 
10461 10208 457 458 10209 
10462 10209 458 459 10210 
10463 10210 459 460 10211 
10464 10211 460 461 10212 
10465 10212 461 462 10213 
10466 10213 462 463 10214 
10467 10214 463 464 10215 
10468 10215 464 465 10216 
10469 10216 465 466 10217 
10470 10217 466 467 10218 
10471 10218 467 468 10219 
10472 10219 468 469 10220 
10473 10220 469 470 10221 
10474 10221 470 471 10222 
10475 10222 471 472 10223 
10476 10223 472 473 10224 
10477 10224 473 474 10225 
10478 10225 474 475 10226 
10479 10226 475 476 10227 
10480 10227 476 477 10228 
10481 10228 477 478 10229 
10482 10229 478 479 10230 
10483 10230 479 480 10231 
10484 10231 480 481 10232 
10485 10232 481 482 10233 
10486 10233 482 483 10234 
10487 10234 483 484 10235 
10488 10235 484 485 10236 
10489 10236 485 486 10237 
10490 10237 486 487 10238 
10491 10238 487 488 10239 
10492 10239 488 489 10240 
10493 10240 489 490 10241 
10494 10241 490 491 10242 
10495 10242 491 492 10243 
10496 10243 492 493 10244 
10497 10244 493 494 10245 
10498 10245 494 495 10246 
10499 10246 495 496 10247 
10500 10247 496 497 10248 
10501 10248 497 498 10249 
10502 10249 498 499 10250 
10503 10250 499 500 10251 
10504 10251 500 1 5 
$EndElements
